Specification,Year,Group,Group_Name,Field,Field_CN,Count,Total,Share
Final classification,2020,0,English Top 5,Development Economics,发展经济学,37,406,0.09113300492610837
Final classification,2020,0,English Top 5,Economic History,经济史,10,406,0.024630541871921183
Final classification,2020,0,English Top 5,Finance,金融学,38,406,0.09359605911330049
Final classification,2020,0,English Top 5,Industrial Organization,产业组织,36,406,0.08866995073891626
Final classification,2020,0,English Top 5,International Economics,国际经济学,26,406,0.06403940886699508
Final classification,2020,0,English Top 5,Labor Economics,劳动经济学,40,406,0.09852216748768473
Final classification,2020,0,English Top 5,Macroeconomics,宏观经济学,40,406,0.09852216748768473
Final classification,2020,0,English Top 5,Microeconomics,微观经济学,51,406,0.12561576354679804
Final classification,2020,0,English Top 5,Public Finance,公共财政,32,406,0.07881773399014778
Final classification,2020,0,English Top 5,Miscellaneous & Methods,方法与杂项,96,406,0.23645320197044334
Final classification,2020,1,Chinese journals,Development Economics,发展经济学,20,286,0.06993006993006994
Final classification,2020,1,Chinese journals,Economic History,经济史,25,286,0.08741258741258741
Final classification,2020,1,Chinese journals,Finance,金融学,47,286,0.16433566433566432
Final classification,2020,1,Chinese journals,Industrial Organization,产业组织,29,286,0.10139860139860139
Final classification,2020,1,Chinese journals,International Economics,国际经济学,18,286,0.06293706293706294
Final classification,2020,1,Chinese journals,Labor Economics,劳动经济学,18,286,0.06293706293706294
Final classification,2020,1,Chinese journals,Macroeconomics,宏观经济学,31,286,0.10839160839160839
Final classification,2020,1,Chinese journals,Microeconomics,微观经济学,8,286,0.027972027972027972
Final classification,2020,1,Chinese journals,Public Finance,公共财政,32,286,0.11188811188811189
Final classification,2020,1,Chinese journals,Miscellaneous & Methods,方法与杂项,58,286,0.20279720279720279
Final classification,2021,0,English Top 5,Development Economics,发展经济学,47,416,0.11298076923076923
Final classification,2021,0,English Top 5,Economic History,经济史,13,416,0.03125
Final classification,2021,0,English Top 5,Finance,金融学,31,416,0.07451923076923077
Final classification,2021,0,English Top 5,Industrial Organization,产业组织,31,416,0.07451923076923077
Final classification,2021,0,English Top 5,International Economics,国际经济学,29,416,0.06971153846153846
Final classification,2021,0,English Top 5,Labor Economics,劳动经济学,35,416,0.08413461538461539
Final classification,2021,0,English Top 5,Macroeconomics,宏观经济学,41,416,0.0985576923076923
Final classification,2021,0,English Top 5,Microeconomics,微观经济学,58,416,0.13942307692307693
Final classification,2021,0,English Top 5,Public Finance,公共财政,40,416,0.09615384615384616
Final classification,2021,0,English Top 5,Miscellaneous & Methods,方法与杂项,91,416,0.21875
Final classification,2021,1,Chinese journals,Development Economics,发展经济学,21,289,0.0726643598615917
Final classification,2021,1,Chinese journals,Economic History,经济史,23,289,0.07958477508650519
Final classification,2021,1,Chinese journals,Finance,金融学,42,289,0.1453287197231834
Final classification,2021,1,Chinese journals,Industrial Organization,产业组织,38,289,0.1314878892733564
Final classification,2021,1,Chinese journals,International Economics,国际经济学,21,289,0.0726643598615917
Final classification,2021,1,Chinese journals,Labor Economics,劳动经济学,25,289,0.08650519031141868
Final classification,2021,1,Chinese journals,Macroeconomics,宏观经济学,18,289,0.06228373702422145
Final classification,2021,1,Chinese journals,Microeconomics,微观经济学,9,289,0.031141868512110725
Final classification,2021,1,Chinese journals,Public Finance,公共财政,24,289,0.08304498269896193
Final classification,2021,1,Chinese journals,Miscellaneous & Methods,方法与杂项,68,289,0.23529411764705882
Final classification,2022,0,English Top 5,Development Economics,发展经济学,43,410,0.1048780487804878
Final classification,2022,0,English Top 5,Economic History,经济史,9,410,0.02195121951219512
Final classification,2022,0,English Top 5,Finance,金融学,34,410,0.08292682926829269
Final classification,2022,0,English Top 5,Industrial Organization,产业组织,38,410,0.09268292682926829
Final classification,2022,0,English Top 5,International Economics,国际经济学,20,410,0.04878048780487805
Final classification,2022,0,English Top 5,Labor Economics,劳动经济学,48,410,0.11707317073170732
Final classification,2022,0,English Top 5,Macroeconomics,宏观经济学,44,410,0.1073170731707317
Final classification,2022,0,English Top 5,Microeconomics,微观经济学,52,410,0.12682926829268293
Final classification,2022,0,English Top 5,Public Finance,公共财政,26,410,0.06341463414634146
Final classification,2022,0,English Top 5,Miscellaneous & Methods,方法与杂项,96,410,0.23414634146341465
Final classification,2022,1,Chinese journals,Development Economics,发展经济学,19,289,0.0657439446366782
Final classification,2022,1,Chinese journals,Economic History,经济史,36,289,0.1245674740484429
Final classification,2022,1,Chinese journals,Finance,金融学,41,289,0.14186851211072665
Final classification,2022,1,Chinese journals,Industrial Organization,产业组织,24,289,0.08304498269896193
Final classification,2022,1,Chinese journals,International Economics,国际经济学,21,289,0.0726643598615917
Final classification,2022,1,Chinese journals,Labor Economics,劳动经济学,15,289,0.05190311418685121
Final classification,2022,1,Chinese journals,Macroeconomics,宏观经济学,27,289,0.09342560553633218
Final classification,2022,1,Chinese journals,Microeconomics,微观经济学,14,289,0.04844290657439446
Final classification,2022,1,Chinese journals,Public Finance,公共财政,27,289,0.09342560553633218
Final classification,2022,1,Chinese journals,Miscellaneous & Methods,方法与杂项,65,289,0.22491349480968859
Final classification,2023,0,English Top 5,Development Economics,发展经济学,30,400,0.075
Final classification,2023,0,English Top 5,Economic History,经济史,12,400,0.03
Final classification,2023,0,English Top 5,Finance,金融学,28,400,0.07
Final classification,2023,0,English Top 5,Industrial Organization,产业组织,25,400,0.0625
Final classification,2023,0,English Top 5,International Economics,国际经济学,31,400,0.0775
Final classification,2023,0,English Top 5,Labor Economics,劳动经济学,50,400,0.125
Final classification,2023,0,English Top 5,Macroeconomics,宏观经济学,51,400,0.1275
Final classification,2023,0,English Top 5,Microeconomics,微观经济学,48,400,0.12
Final classification,2023,0,English Top 5,Public Finance,公共财政,40,400,0.1
Final classification,2023,0,English Top 5,Miscellaneous & Methods,方法与杂项,85,400,0.2125
Final classification,2023,1,Chinese journals,Development Economics,发展经济学,16,230,0.06956521739130435
Final classification,2023,1,Chinese journals,Economic History,经济史,14,230,0.06086956521739131
Final classification,2023,1,Chinese journals,Finance,金融学,36,230,0.1565217391304348
Final classification,2023,1,Chinese journals,Industrial Organization,产业组织,25,230,0.10869565217391304
Final classification,2023,1,Chinese journals,International Economics,国际经济学,17,230,0.07391304347826087
Final classification,2023,1,Chinese journals,Labor Economics,劳动经济学,18,230,0.0782608695652174
Final classification,2023,1,Chinese journals,Macroeconomics,宏观经济学,30,230,0.13043478260869565
Final classification,2023,1,Chinese journals,Microeconomics,微观经济学,8,230,0.034782608695652174
Final classification,2023,1,Chinese journals,Public Finance,公共财政,25,230,0.10869565217391304
Final classification,2023,1,Chinese journals,Miscellaneous & Methods,方法与杂项,41,230,0.1782608695652174
Final classification,2024,0,English Top 5,Development Economics,发展经济学,43,416,0.10336538461538461
Final classification,2024,0,English Top 5,Economic History,经济史,15,416,0.036057692307692304
Final classification,2024,0,English Top 5,Finance,金融学,27,416,0.06490384615384616
Final classification,2024,0,English Top 5,Industrial Organization,产业组织,25,416,0.06009615384615385
Final classification,2024,0,English Top 5,International Economics,国际经济学,25,416,0.06009615384615385
Final classification,2024,0,English Top 5,Labor Economics,劳动经济学,49,416,0.11778846153846154
Final classification,2024,0,English Top 5,Macroeconomics,宏观经济学,45,416,0.10817307692307693
Final classification,2024,0,English Top 5,Microeconomics,微观经济学,52,416,0.125
Final classification,2024,0,English Top 5,Public Finance,公共财政,48,416,0.11538461538461539
Final classification,2024,0,English Top 5,Miscellaneous & Methods,方法与杂项,87,416,0.2091346153846154
Final classification,2024,1,Chinese journals,Development Economics,发展经济学,10,244,0.040983606557377046
Final classification,2024,1,Chinese journals,Economic History,经济史,18,244,0.07377049180327869
Final classification,2024,1,Chinese journals,Finance,金融学,38,244,0.1557377049180328
Final classification,2024,1,Chinese journals,Industrial Organization,产业组织,31,244,0.12704918032786885
Final classification,2024,1,Chinese journals,International Economics,国际经济学,21,244,0.0860655737704918
Final classification,2024,1,Chinese journals,Labor Economics,劳动经济学,17,244,0.06967213114754098
Final classification,2024,1,Chinese journals,Macroeconomics,宏观经济学,35,244,0.14344262295081966
Final classification,2024,1,Chinese journals,Microeconomics,微观经济学,14,244,0.05737704918032787
Final classification,2024,1,Chinese journals,Public Finance,公共财政,25,244,0.10245901639344263
Final classification,2024,1,Chinese journals,Miscellaneous & Methods,方法与杂项,35,244,0.14344262295081966
Final classification,2025,0,English Top 5,Development Economics,发展经济学,37,419,0.0883054892601432
Final classification,2025,0,English Top 5,Economic History,经济史,17,419,0.0405727923627685
Final classification,2025,0,English Top 5,Finance,金融学,37,419,0.0883054892601432
Final classification,2025,0,English Top 5,Industrial Organization,产业组织,38,419,0.09069212410501193
Final classification,2025,0,English Top 5,International Economics,国际经济学,32,419,0.07637231503579953
Final classification,2025,0,English Top 5,Labor Economics,劳动经济学,55,419,0.13126491646778043
Final classification,2025,0,English Top 5,Macroeconomics,宏观经济学,40,419,0.0954653937947494
Final classification,2025,0,English Top 5,Microeconomics,微观经济学,43,419,0.1026252983293556
Final classification,2025,0,English Top 5,Public Finance,公共财政,44,419,0.10501193317422435
Final classification,2025,0,English Top 5,Miscellaneous & Methods,方法与杂项,76,419,0.18138424821002386
Final classification,2025,1,Chinese journals,Development Economics,发展经济学,15,254,0.05905511811023622
Final classification,2025,1,Chinese journals,Economic History,经济史,15,254,0.05905511811023622
Final classification,2025,1,Chinese journals,Finance,金融学,40,254,0.15748031496062992
Final classification,2025,1,Chinese journals,Industrial Organization,产业组织,31,254,0.1220472440944882
Final classification,2025,1,Chinese journals,International Economics,国际经济学,36,254,0.14173228346456693
Final classification,2025,1,Chinese journals,Labor Economics,劳动经济学,17,254,0.06692913385826772
Final classification,2025,1,Chinese journals,Macroeconomics,宏观经济学,15,254,0.05905511811023622
Final classification,2025,1,Chinese journals,Microeconomics,微观经济学,11,254,0.04330708661417323
Final classification,2025,1,Chinese journals,Public Finance,公共财政,29,254,0.1141732283464567
Final classification,2025,1,Chinese journals,Miscellaneous & Methods,方法与杂项,45,254,0.17716535433070865
Raw classification,2020,0,English Top 5,Development Economics,发展经济学,47,406,0.11576354679802955
Raw classification,2020,0,English Top 5,Economic History,经济史,12,406,0.029556650246305417
Raw classification,2020,0,English Top 5,Finance,金融学,45,406,0.11083743842364532
Raw classification,2020,0,English Top 5,Industrial Organization,产业组织,41,406,0.10098522167487685
Raw classification,2020,0,English Top 5,International Economics,国际经济学,32,406,0.07881773399014778
Raw classification,2020,0,English Top 5,Labor Economics,劳动经济学,45,406,0.11083743842364532
Raw classification,2020,0,English Top 5,Macroeconomics,宏观经济学,42,406,0.10344827586206896
Raw classification,2020,0,English Top 5,Microeconomics,微观经济学,64,406,0.15763546798029557
Raw classification,2020,0,English Top 5,Public Finance,公共财政,39,406,0.0960591133004926
Raw classification,2020,0,English Top 5,Miscellaneous & Methods,方法与杂项,39,406,0.0960591133004926
Raw classification,2020,1,Chinese journals,Development Economics,发展经济学,22,286,0.07692307692307693
Raw classification,2020,1,Chinese journals,Economic History,经济史,28,286,0.0979020979020979
Raw classification,2020,1,Chinese journals,Finance,金融学,49,286,0.17132867132867133
Raw classification,2020,1,Chinese journals,Industrial Organization,产业组织,35,286,0.12237762237762238
Raw classification,2020,1,Chinese journals,International Economics,国际经济学,20,286,0.06993006993006994
Raw classification,2020,1,Chinese journals,Labor Economics,劳动经济学,20,286,0.06993006993006994
Raw classification,2020,1,Chinese journals,Macroeconomics,宏观经济学,35,286,0.12237762237762238
Raw classification,2020,1,Chinese journals,Microeconomics,微观经济学,11,286,0.038461538461538464
Raw classification,2020,1,Chinese journals,Public Finance,公共财政,39,286,0.13636363636363635
Raw classification,2020,1,Chinese journals,Miscellaneous & Methods,方法与杂项,27,286,0.0944055944055944
Raw classification,2021,0,English Top 5,Development Economics,发展经济学,52,416,0.125
Raw classification,2021,0,English Top 5,Economic History,经济史,18,416,0.04326923076923077
Raw classification,2021,0,English Top 5,Finance,金融学,35,416,0.08413461538461539
Raw classification,2021,0,English Top 5,Industrial Organization,产业组织,31,416,0.07451923076923077
Raw classification,2021,0,English Top 5,International Economics,国际经济学,36,416,0.08653846153846154
Raw classification,2021,0,English Top 5,Labor Economics,劳动经济学,38,416,0.09134615384615384
Raw classification,2021,0,English Top 5,Macroeconomics,宏观经济学,46,416,0.11057692307692307
Raw classification,2021,0,English Top 5,Microeconomics,微观经济学,70,416,0.16826923076923078
Raw classification,2021,0,English Top 5,Public Finance,公共财政,40,416,0.09615384615384616
Raw classification,2021,0,English Top 5,Miscellaneous & Methods,方法与杂项,50,416,0.1201923076923077
Raw classification,2021,1,Chinese journals,Development Economics,发展经济学,23,289,0.07958477508650519
Raw classification,2021,1,Chinese journals,Economic History,经济史,30,289,0.10380622837370242
Raw classification,2021,1,Chinese journals,Finance,金融学,45,289,0.15570934256055363
Raw classification,2021,1,Chinese journals,Industrial Organization,产业组织,45,289,0.15570934256055363
Raw classification,2021,1,Chinese journals,International Economics,国际经济学,24,289,0.08304498269896193
Raw classification,2021,1,Chinese journals,Labor Economics,劳动经济学,27,289,0.09342560553633218
Raw classification,2021,1,Chinese journals,Macroeconomics,宏观经济学,23,289,0.07958477508650519
Raw classification,2021,1,Chinese journals,Microeconomics,微观经济学,16,289,0.05536332179930796
Raw classification,2021,1,Chinese journals,Public Finance,公共财政,30,289,0.10380622837370242
Raw classification,2021,1,Chinese journals,Miscellaneous & Methods,方法与杂项,26,289,0.08996539792387544
Raw classification,2022,0,English Top 5,Development Economics,发展经济学,53,410,0.12926829268292683
Raw classification,2022,0,English Top 5,Economic History,经济史,11,410,0.026829268292682926
Raw classification,2022,0,English Top 5,Finance,金融学,43,410,0.1048780487804878
Raw classification,2022,0,English Top 5,Industrial Organization,产业组织,42,410,0.1024390243902439
Raw classification,2022,0,English Top 5,International Economics,国际经济学,24,410,0.05853658536585366
Raw classification,2022,0,English Top 5,Labor Economics,劳动经济学,52,410,0.12682926829268293
Raw classification,2022,0,English Top 5,Macroeconomics,宏观经济学,47,410,0.11463414634146342
Raw classification,2022,0,English Top 5,Microeconomics,微观经济学,56,410,0.13658536585365855
Raw classification,2022,0,English Top 5,Public Finance,公共财政,34,410,0.08292682926829269
Raw classification,2022,0,English Top 5,Miscellaneous & Methods,方法与杂项,48,410,0.11707317073170732
Raw classification,2022,1,Chinese journals,Development Economics,发展经济学,25,289,0.08650519031141868
Raw classification,2022,1,Chinese journals,Economic History,经济史,46,289,0.15916955017301038
Raw classification,2022,1,Chinese journals,Finance,金融学,44,289,0.1522491349480969
Raw classification,2022,1,Chinese journals,Industrial Organization,产业组织,29,289,0.10034602076124567
Raw classification,2022,1,Chinese journals,International Economics,国际经济学,26,289,0.08996539792387544
Raw classification,2022,1,Chinese journals,Labor Economics,劳动经济学,20,289,0.06920415224913495
Raw classification,2022,1,Chinese journals,Macroeconomics,宏观经济学,32,289,0.11072664359861592
Raw classification,2022,1,Chinese journals,Microeconomics,微观经济学,20,289,0.06920415224913495
Raw classification,2022,1,Chinese journals,Public Finance,公共财政,32,289,0.11072664359861592
Raw classification,2022,1,Chinese journals,Miscellaneous & Methods,方法与杂项,15,289,0.05190311418685121
Raw classification,2023,0,English Top 5,Development Economics,发展经济学,35,400,0.0875
Raw classification,2023,0,English Top 5,Economic History,经济史,12,400,0.03
Raw classification,2023,0,English Top 5,Finance,金融学,35,400,0.0875
Raw classification,2023,0,English Top 5,Industrial Organization,产业组织,33,400,0.0825
Raw classification,2023,0,English Top 5,International Economics,国际经济学,35,400,0.0875
Raw classification,2023,0,English Top 5,Labor Economics,劳动经济学,56,400,0.14
Raw classification,2023,0,English Top 5,Macroeconomics,宏观经济学,53,400,0.1325
Raw classification,2023,0,English Top 5,Microeconomics,微观经济学,57,400,0.1425
Raw classification,2023,0,English Top 5,Public Finance,公共财政,44,400,0.11
Raw classification,2023,0,English Top 5,Miscellaneous & Methods,方法与杂项,40,400,0.1
Raw classification,2023,1,Chinese journals,Development Economics,发展经济学,18,230,0.0782608695652174
Raw classification,2023,1,Chinese journals,Economic History,经济史,21,230,0.09130434782608696
Raw classification,2023,1,Chinese journals,Finance,金融学,39,230,0.16956521739130434
Raw classification,2023,1,Chinese journals,Industrial Organization,产业组织,27,230,0.11739130434782609
Raw classification,2023,1,Chinese journals,International Economics,国际经济学,17,230,0.07391304347826087
Raw classification,2023,1,Chinese journals,Labor Economics,劳动经济学,22,230,0.09565217391304348
Raw classification,2023,1,Chinese journals,Macroeconomics,宏观经济学,33,230,0.14347826086956522
Raw classification,2023,1,Chinese journals,Microeconomics,微观经济学,12,230,0.05217391304347826
Raw classification,2023,1,Chinese journals,Public Finance,公共财政,27,230,0.11739130434782609
Raw classification,2023,1,Chinese journals,Miscellaneous & Methods,方法与杂项,14,230,0.06086956521739131
Raw classification,2024,0,English Top 5,Development Economics,发展经济学,49,416,0.11778846153846154
Raw classification,2024,0,English Top 5,Economic History,经济史,16,416,0.038461538461538464
Raw classification,2024,0,English Top 5,Finance,金融学,32,416,0.07692307692307693
Raw classification,2024,0,English Top 5,Industrial Organization,产业组织,28,416,0.0673076923076923
Raw classification,2024,0,English Top 5,International Economics,国际经济学,33,416,0.07932692307692307
Raw classification,2024,0,English Top 5,Labor Economics,劳动经济学,53,416,0.12740384615384615
Raw classification,2024,0,English Top 5,Macroeconomics,宏观经济学,49,416,0.11778846153846154
Raw classification,2024,0,English Top 5,Microeconomics,微观经济学,60,416,0.14423076923076922
Raw classification,2024,0,English Top 5,Public Finance,公共财政,53,416,0.12740384615384615
Raw classification,2024,0,English Top 5,Miscellaneous & Methods,方法与杂项,43,416,0.10336538461538461
Raw classification,2024,1,Chinese journals,Development Economics,发展经济学,11,244,0.045081967213114756
Raw classification,2024,1,Chinese journals,Economic History,经济史,24,244,0.09836065573770492
Raw classification,2024,1,Chinese journals,Finance,金融学,39,244,0.1598360655737705
Raw classification,2024,1,Chinese journals,Industrial Organization,产业组织,35,244,0.14344262295081966
Raw classification,2024,1,Chinese journals,International Economics,国际经济学,23,244,0.0942622950819672
Raw classification,2024,1,Chinese journals,Labor Economics,劳动经济学,17,244,0.06967213114754098
Raw classification,2024,1,Chinese journals,Macroeconomics,宏观经济学,37,244,0.15163934426229508
Raw classification,2024,1,Chinese journals,Microeconomics,微观经济学,15,244,0.06147540983606557
Raw classification,2024,1,Chinese journals,Public Finance,公共财政,27,244,0.11065573770491803
Raw classification,2024,1,Chinese journals,Miscellaneous & Methods,方法与杂项,16,244,0.06557377049180328
Raw classification,2025,0,English Top 5,Development Economics,发展经济学,44,419,0.10501193317422435
Raw classification,2025,0,English Top 5,Economic History,经济史,20,419,0.0477326968973747
Raw classification,2025,0,English Top 5,Finance,金融学,40,419,0.0954653937947494
Raw classification,2025,0,English Top 5,Industrial Organization,产业组织,41,419,0.09785202863961814
Raw classification,2025,0,English Top 5,International Economics,国际经济学,38,419,0.09069212410501193
Raw classification,2025,0,English Top 5,Labor Economics,劳动经济学,61,419,0.14558472553699284
Raw classification,2025,0,English Top 5,Macroeconomics,宏观经济学,45,419,0.10739856801909307
Raw classification,2025,0,English Top 5,Microeconomics,微观经济学,49,419,0.11694510739856802
Raw classification,2025,0,English Top 5,Public Finance,公共财政,48,419,0.11455847255369929
Raw classification,2025,0,English Top 5,Miscellaneous & Methods,方法与杂项,33,419,0.07875894988066826
Raw classification,2025,1,Chinese journals,Development Economics,发展经济学,17,254,0.06692913385826772
Raw classification,2025,1,Chinese journals,Economic History,经济史,21,254,0.08267716535433071
Raw classification,2025,1,Chinese journals,Finance,金融学,42,254,0.16535433070866143
Raw classification,2025,1,Chinese journals,Industrial Organization,产业组织,36,254,0.14173228346456693
Raw classification,2025,1,Chinese journals,International Economics,国际经济学,38,254,0.14960629921259844
Raw classification,2025,1,Chinese journals,Labor Economics,劳动经济学,17,254,0.06692913385826772
Raw classification,2025,1,Chinese journals,Macroeconomics,宏观经济学,20,254,0.07874015748031496
Raw classification,2025,1,Chinese journals,Microeconomics,微观经济学,13,254,0.051181102362204724
Raw classification,2025,1,Chinese journals,Public Finance,公共财政,33,254,0.12992125984251968
Raw classification,2025,1,Chinese journals,Miscellaneous & Methods,方法与杂项,17,254,0.06692913385826772
High-confidence classification,2020,0,English Top 5,Development Economics,发展经济学,37,320,0.115625
High-confidence classification,2020,0,English Top 5,Economic History,经济史,10,320,0.03125
High-confidence classification,2020,0,English Top 5,Finance,金融学,38,320,0.11875
High-confidence classification,2020,0,English Top 5,Industrial Organization,产业组织,35,320,0.109375
High-confidence classification,2020,0,English Top 5,International Economics,国际经济学,22,320,0.06875
High-confidence classification,2020,0,English Top 5,Labor Economics,劳动经济学,37,320,0.115625
High-confidence classification,2020,0,English Top 5,Macroeconomics,宏观经济学,38,320,0.11875
High-confidence classification,2020,0,English Top 5,Microeconomics,微观经济学,43,320,0.134375
High-confidence classification,2020,0,English Top 5,Public Finance,公共财政,30,320,0.09375
High-confidence classification,2020,0,English Top 5,Miscellaneous & Methods,方法与杂项,30,320,0.09375
High-confidence classification,2020,1,Chinese journals,Development Economics,发展经济学,19,226,0.084070796460177
High-confidence classification,2020,1,Chinese journals,Economic History,经济史,23,226,0.10176991150442478
High-confidence classification,2020,1,Chinese journals,Finance,金融学,47,226,0.2079646017699115
High-confidence classification,2020,1,Chinese journals,Industrial Organization,产业组织,23,226,0.10176991150442478
High-confidence classification,2020,1,Chinese journals,International Economics,国际经济学,16,226,0.07079646017699115
High-confidence classification,2020,1,Chinese journals,Labor Economics,劳动经济学,17,226,0.0752212389380531
High-confidence classification,2020,1,Chinese journals,Macroeconomics,宏观经济学,29,226,0.12831858407079647
High-confidence classification,2020,1,Chinese journals,Microeconomics,微观经济学,6,226,0.02654867256637168
High-confidence classification,2020,1,Chinese journals,Public Finance,公共财政,28,226,0.12389380530973451
High-confidence classification,2020,1,Chinese journals,Miscellaneous & Methods,方法与杂项,18,226,0.07964601769911504
High-confidence classification,2021,0,English Top 5,Development Economics,发展经济学,44,345,0.12753623188405797
High-confidence classification,2021,0,English Top 5,Economic History,经济史,11,345,0.03188405797101449
High-confidence classification,2021,0,English Top 5,Finance,金融学,30,345,0.08695652173913043
High-confidence classification,2021,0,English Top 5,Industrial Organization,产业组织,29,345,0.08405797101449275
High-confidence classification,2021,0,English Top 5,International Economics,国际经济学,27,345,0.0782608695652174
High-confidence classification,2021,0,English Top 5,Labor Economics,劳动经济学,33,345,0.09565217391304348
High-confidence classification,2021,0,English Top 5,Macroeconomics,宏观经济学,40,345,0.11594202898550725
High-confidence classification,2021,0,English Top 5,Microeconomics,微观经济学,52,345,0.15072463768115943
High-confidence classification,2021,0,English Top 5,Public Finance,公共财政,36,345,0.10434782608695652
High-confidence classification,2021,0,English Top 5,Miscellaneous & Methods,方法与杂项,43,345,0.1246376811594203
High-confidence classification,2021,1,Chinese journals,Development Economics,发展经济学,21,223,0.09417040358744394
High-confidence classification,2021,1,Chinese journals,Economic History,经济史,21,223,0.09417040358744394
High-confidence classification,2021,1,Chinese journals,Finance,金融学,38,223,0.17040358744394618
High-confidence classification,2021,1,Chinese journals,Industrial Organization,产业组织,35,223,0.15695067264573992
High-confidence classification,2021,1,Chinese journals,International Economics,国际经济学,18,223,0.08071748878923767
High-confidence classification,2021,1,Chinese journals,Labor Economics,劳动经济学,24,223,0.10762331838565023
High-confidence classification,2021,1,Chinese journals,Macroeconomics,宏观经济学,17,223,0.07623318385650224
High-confidence classification,2021,1,Chinese journals,Microeconomics,微观经济学,7,223,0.03139013452914798
High-confidence classification,2021,1,Chinese journals,Public Finance,公共财政,24,223,0.10762331838565023
High-confidence classification,2021,1,Chinese journals,Miscellaneous & Methods,方法与杂项,18,223,0.08071748878923767
High-confidence classification,2022,0,English Top 5,Development Economics,发展经济学,41,327,0.12538226299694188
High-confidence classification,2022,0,English Top 5,Economic History,经济史,8,327,0.024464831804281346
High-confidence classification,2022,0,English Top 5,Finance,金融学,30,327,0.09174311926605505
High-confidence classification,2022,0,English Top 5,Industrial Organization,产业组织,34,327,0.10397553516819572
High-confidence classification,2022,0,English Top 5,International Economics,国际经济学,19,327,0.0581039755351682
High-confidence classification,2022,0,English Top 5,Labor Economics,劳动经济学,47,327,0.1437308868501529
High-confidence classification,2022,0,English Top 5,Macroeconomics,宏观经济学,40,327,0.12232415902140673
High-confidence classification,2022,0,English Top 5,Microeconomics,微观经济学,47,327,0.1437308868501529
High-confidence classification,2022,0,English Top 5,Public Finance,公共财政,25,327,0.0764525993883792
High-confidence classification,2022,0,English Top 5,Miscellaneous & Methods,方法与杂项,36,327,0.11009174311926606
High-confidence classification,2022,1,Chinese journals,Development Economics,发展经济学,19,220,0.08636363636363636
High-confidence classification,2022,1,Chinese journals,Economic History,经济史,32,220,0.14545454545454545
High-confidence classification,2022,1,Chinese journals,Finance,金融学,38,220,0.17272727272727273
High-confidence classification,2022,1,Chinese journals,Industrial Organization,产业组织,21,220,0.09545454545454546
High-confidence classification,2022,1,Chinese journals,International Economics,国际经济学,20,220,0.09090909090909091
High-confidence classification,2022,1,Chinese journals,Labor Economics,劳动经济学,15,220,0.06818181818181818
High-confidence classification,2022,1,Chinese journals,Macroeconomics,宏观经济学,25,220,0.11363636363636363
High-confidence classification,2022,1,Chinese journals,Microeconomics,微观经济学,10,220,0.045454545454545456
High-confidence classification,2022,1,Chinese journals,Public Finance,公共财政,26,220,0.11818181818181818
High-confidence classification,2022,1,Chinese journals,Miscellaneous & Methods,方法与杂项,14,220,0.06363636363636363
High-confidence classification,2023,0,English Top 5,Development Economics,发展经济学,26,315,0.08253968253968254
High-confidence classification,2023,0,English Top 5,Economic History,经济史,12,315,0.0380952380952381
High-confidence classification,2023,0,English Top 5,Finance,金融学,27,315,0.08571428571428572
High-confidence classification,2023,0,English Top 5,Industrial Organization,产业组织,23,315,0.07301587301587302
High-confidence classification,2023,0,English Top 5,International Economics,国际经济学,27,315,0.08571428571428572
High-confidence classification,2023,0,English Top 5,Labor Economics,劳动经济学,44,315,0.13968253968253969
High-confidence classification,2023,0,English Top 5,Macroeconomics,宏观经济学,49,315,0.15555555555555556
High-confidence classification,2023,0,English Top 5,Microeconomics,微观经济学,43,315,0.1365079365079365
High-confidence classification,2023,0,English Top 5,Public Finance,公共财政,36,315,0.11428571428571428
High-confidence classification,2023,0,English Top 5,Miscellaneous & Methods,方法与杂项,28,315,0.08888888888888889
High-confidence classification,2023,1,Chinese journals,Development Economics,发展经济学,14,189,0.07407407407407407
High-confidence classification,2023,1,Chinese journals,Economic History,经济史,13,189,0.06878306878306878
High-confidence classification,2023,1,Chinese journals,Finance,金融学,35,189,0.18518518518518517
High-confidence classification,2023,1,Chinese journals,Industrial Organization,产业组织,25,189,0.13227513227513227
High-confidence classification,2023,1,Chinese journals,International Economics,国际经济学,15,189,0.07936507936507936
High-confidence classification,2023,1,Chinese journals,Labor Economics,劳动经济学,17,189,0.08994708994708994
High-confidence classification,2023,1,Chinese journals,Macroeconomics,宏观经济学,29,189,0.15343915343915343
High-confidence classification,2023,1,Chinese journals,Microeconomics,微观经济学,6,189,0.031746031746031744
High-confidence classification,2023,1,Chinese journals,Public Finance,公共财政,25,189,0.13227513227513227
High-confidence classification,2023,1,Chinese journals,Miscellaneous & Methods,方法与杂项,10,189,0.05291005291005291
High-confidence classification,2024,0,English Top 5,Development Economics,发展经济学,41,341,0.12023460410557185
High-confidence classification,2024,0,English Top 5,Economic History,经济史,14,341,0.04105571847507331
High-confidence classification,2024,0,English Top 5,Finance,金融学,23,341,0.06744868035190615
High-confidence classification,2024,0,English Top 5,Industrial Organization,产业组织,24,341,0.07038123167155426
High-confidence classification,2024,0,English Top 5,International Economics,国际经济学,23,341,0.06744868035190615
High-confidence classification,2024,0,English Top 5,Labor Economics,劳动经济学,45,341,0.13196480938416422
High-confidence classification,2024,0,English Top 5,Macroeconomics,宏观经济学,44,341,0.12903225806451613
High-confidence classification,2024,0,English Top 5,Microeconomics,微观经济学,47,341,0.1378299120234604
High-confidence classification,2024,0,English Top 5,Public Finance,公共财政,46,341,0.1348973607038123
High-confidence classification,2024,0,English Top 5,Miscellaneous & Methods,方法与杂项,34,341,0.09970674486803519
High-confidence classification,2024,1,Chinese journals,Development Economics,发展经济学,9,206,0.043689320388349516
High-confidence classification,2024,1,Chinese journals,Economic History,经济史,15,206,0.07281553398058252
High-confidence classification,2024,1,Chinese journals,Finance,金融学,37,206,0.1796116504854369
High-confidence classification,2024,1,Chinese journals,Industrial Organization,产业组织,27,206,0.13106796116504854
High-confidence classification,2024,1,Chinese journals,International Economics,国际经济学,17,206,0.0825242718446602
High-confidence classification,2024,1,Chinese journals,Labor Economics,劳动经济学,17,206,0.0825242718446602
High-confidence classification,2024,1,Chinese journals,Macroeconomics,宏观经济学,34,206,0.1650485436893204
High-confidence classification,2024,1,Chinese journals,Microeconomics,微观经济学,12,206,0.05825242718446602
High-confidence classification,2024,1,Chinese journals,Public Finance,公共财政,25,206,0.12135922330097088
High-confidence classification,2024,1,Chinese journals,Miscellaneous & Methods,方法与杂项,13,206,0.06310679611650485
High-confidence classification,2025,0,English Top 5,Development Economics,发展经济学,35,347,0.10086455331412104
High-confidence classification,2025,0,English Top 5,Economic History,经济史,14,347,0.040345821325648415
High-confidence classification,2025,0,English Top 5,Finance,金融学,33,347,0.09510086455331412
High-confidence classification,2025,0,English Top 5,Industrial Organization,产业组织,36,347,0.1037463976945245
High-confidence classification,2025,0,English Top 5,International Economics,国际经济学,32,347,0.09221902017291066
High-confidence classification,2025,0,English Top 5,Labor Economics,劳动经济学,53,347,0.15273775216138327
High-confidence classification,2025,0,English Top 5,Macroeconomics,宏观经济学,39,347,0.11239193083573487
High-confidence classification,2025,0,English Top 5,Microeconomics,微观经济学,39,347,0.11239193083573487
High-confidence classification,2025,0,English Top 5,Public Finance,公共财政,42,347,0.12103746397694524
High-confidence classification,2025,0,English Top 5,Miscellaneous & Methods,方法与杂项,24,347,0.069164265129683
High-confidence classification,2025,1,Chinese journals,Development Economics,发展经济学,14,210,0.06666666666666667
High-confidence classification,2025,1,Chinese journals,Economic History,经济史,14,210,0.06666666666666667
High-confidence classification,2025,1,Chinese journals,Finance,金融学,40,210,0.19047619047619047
High-confidence classification,2025,1,Chinese journals,Industrial Organization,产业组织,26,210,0.12380952380952381
High-confidence classification,2025,1,Chinese journals,International Economics,国际经济学,34,210,0.1619047619047619
High-confidence classification,2025,1,Chinese journals,Labor Economics,劳动经济学,15,210,0.07142857142857142
High-confidence classification,2025,1,Chinese journals,Macroeconomics,宏观经济学,15,210,0.07142857142857142
High-confidence classification,2025,1,Chinese journals,Microeconomics,微观经济学,10,210,0.047619047619047616
High-confidence classification,2025,1,Chinese journals,Public Finance,公共财政,28,210,0.13333333333333333
High-confidence classification,2025,1,Chinese journals,Miscellaneous & Methods,方法与杂项,14,210,0.06666666666666667
"Final classification, 2020-2024",2020,0,English Top 5,Development Economics,发展经济学,37,406,0.09113300492610837
"Final classification, 2020-2024",2020,0,English Top 5,Economic History,经济史,10,406,0.024630541871921183
"Final classification, 2020-2024",2020,0,English Top 5,Finance,金融学,38,406,0.09359605911330049
"Final classification, 2020-2024",2020,0,English Top 5,Industrial Organization,产业组织,36,406,0.08866995073891626
"Final classification, 2020-2024",2020,0,English Top 5,International Economics,国际经济学,26,406,0.06403940886699508
"Final classification, 2020-2024",2020,0,English Top 5,Labor Economics,劳动经济学,40,406,0.09852216748768473
"Final classification, 2020-2024",2020,0,English Top 5,Macroeconomics,宏观经济学,40,406,0.09852216748768473
"Final classification, 2020-2024",2020,0,English Top 5,Microeconomics,微观经济学,51,406,0.12561576354679804
"Final classification, 2020-2024",2020,0,English Top 5,Public Finance,公共财政,32,406,0.07881773399014778
"Final classification, 2020-2024",2020,0,English Top 5,Miscellaneous & Methods,方法与杂项,96,406,0.23645320197044334
"Final classification, 2020-2024",2020,1,Chinese journals,Development Economics,发展经济学,20,286,0.06993006993006994
"Final classification, 2020-2024",2020,1,Chinese journals,Economic History,经济史,25,286,0.08741258741258741
"Final classification, 2020-2024",2020,1,Chinese journals,Finance,金融学,47,286,0.16433566433566432
"Final classification, 2020-2024",2020,1,Chinese journals,Industrial Organization,产业组织,29,286,0.10139860139860139
"Final classification, 2020-2024",2020,1,Chinese journals,International Economics,国际经济学,18,286,0.06293706293706294
"Final classification, 2020-2024",2020,1,Chinese journals,Labor Economics,劳动经济学,18,286,0.06293706293706294
"Final classification, 2020-2024",2020,1,Chinese journals,Macroeconomics,宏观经济学,31,286,0.10839160839160839
"Final classification, 2020-2024",2020,1,Chinese journals,Microeconomics,微观经济学,8,286,0.027972027972027972
"Final classification, 2020-2024",2020,1,Chinese journals,Public Finance,公共财政,32,286,0.11188811188811189
"Final classification, 2020-2024",2020,1,Chinese journals,Miscellaneous & Methods,方法与杂项,58,286,0.20279720279720279
"Final classification, 2020-2024",2021,0,English Top 5,Development Economics,发展经济学,47,416,0.11298076923076923
"Final classification, 2020-2024",2021,0,English Top 5,Economic History,经济史,13,416,0.03125
"Final classification, 2020-2024",2021,0,English Top 5,Finance,金融学,31,416,0.07451923076923077
"Final classification, 2020-2024",2021,0,English Top 5,Industrial Organization,产业组织,31,416,0.07451923076923077
"Final classification, 2020-2024",2021,0,English Top 5,International Economics,国际经济学,29,416,0.06971153846153846
"Final classification, 2020-2024",2021,0,English Top 5,Labor Economics,劳动经济学,35,416,0.08413461538461539
"Final classification, 2020-2024",2021,0,English Top 5,Macroeconomics,宏观经济学,41,416,0.0985576923076923
"Final classification, 2020-2024",2021,0,English Top 5,Microeconomics,微观经济学,58,416,0.13942307692307693
"Final classification, 2020-2024",2021,0,English Top 5,Public Finance,公共财政,40,416,0.09615384615384616
"Final classification, 2020-2024",2021,0,English Top 5,Miscellaneous & Methods,方法与杂项,91,416,0.21875
"Final classification, 2020-2024",2021,1,Chinese journals,Development Economics,发展经济学,21,289,0.0726643598615917
"Final classification, 2020-2024",2021,1,Chinese journals,Economic History,经济史,23,289,0.07958477508650519
"Final classification, 2020-2024",2021,1,Chinese journals,Finance,金融学,42,289,0.1453287197231834
"Final classification, 2020-2024",2021,1,Chinese journals,Industrial Organization,产业组织,38,289,0.1314878892733564
"Final classification, 2020-2024",2021,1,Chinese journals,International Economics,国际经济学,21,289,0.0726643598615917
"Final classification, 2020-2024",2021,1,Chinese journals,Labor Economics,劳动经济学,25,289,0.08650519031141868
"Final classification, 2020-2024",2021,1,Chinese journals,Macroeconomics,宏观经济学,18,289,0.06228373702422145
"Final classification, 2020-2024",2021,1,Chinese journals,Microeconomics,微观经济学,9,289,0.031141868512110725
"Final classification, 2020-2024",2021,1,Chinese journals,Public Finance,公共财政,24,289,0.08304498269896193
"Final classification, 2020-2024",2021,1,Chinese journals,Miscellaneous & Methods,方法与杂项,68,289,0.23529411764705882
"Final classification, 2020-2024",2022,0,English Top 5,Development Economics,发展经济学,43,410,0.1048780487804878
"Final classification, 2020-2024",2022,0,English Top 5,Economic History,经济史,9,410,0.02195121951219512
"Final classification, 2020-2024",2022,0,English Top 5,Finance,金融学,34,410,0.08292682926829269
"Final classification, 2020-2024",2022,0,English Top 5,Industrial Organization,产业组织,38,410,0.09268292682926829
"Final classification, 2020-2024",2022,0,English Top 5,International Economics,国际经济学,20,410,0.04878048780487805
"Final classification, 2020-2024",2022,0,English Top 5,Labor Economics,劳动经济学,48,410,0.11707317073170732
"Final classification, 2020-2024",2022,0,English Top 5,Macroeconomics,宏观经济学,44,410,0.1073170731707317
"Final classification, 2020-2024",2022,0,English Top 5,Microeconomics,微观经济学,52,410,0.12682926829268293
"Final classification, 2020-2024",2022,0,English Top 5,Public Finance,公共财政,26,410,0.06341463414634146
"Final classification, 2020-2024",2022,0,English Top 5,Miscellaneous & Methods,方法与杂项,96,410,0.23414634146341465
"Final classification, 2020-2024",2022,1,Chinese journals,Development Economics,发展经济学,19,289,0.0657439446366782
"Final classification, 2020-2024",2022,1,Chinese journals,Economic History,经济史,36,289,0.1245674740484429
"Final classification, 2020-2024",2022,1,Chinese journals,Finance,金融学,41,289,0.14186851211072665
"Final classification, 2020-2024",2022,1,Chinese journals,Industrial Organization,产业组织,24,289,0.08304498269896193
"Final classification, 2020-2024",2022,1,Chinese journals,International Economics,国际经济学,21,289,0.0726643598615917
"Final classification, 2020-2024",2022,1,Chinese journals,Labor Economics,劳动经济学,15,289,0.05190311418685121
"Final classification, 2020-2024",2022,1,Chinese journals,Macroeconomics,宏观经济学,27,289,0.09342560553633218
"Final classification, 2020-2024",2022,1,Chinese journals,Microeconomics,微观经济学,14,289,0.04844290657439446
"Final classification, 2020-2024",2022,1,Chinese journals,Public Finance,公共财政,27,289,0.09342560553633218
"Final classification, 2020-2024",2022,1,Chinese journals,Miscellaneous & Methods,方法与杂项,65,289,0.22491349480968859
"Final classification, 2020-2024",2023,0,English Top 5,Development Economics,发展经济学,30,400,0.075
"Final classification, 2020-2024",2023,0,English Top 5,Economic History,经济史,12,400,0.03
"Final classification, 2020-2024",2023,0,English Top 5,Finance,金融学,28,400,0.07
"Final classification, 2020-2024",2023,0,English Top 5,Industrial Organization,产业组织,25,400,0.0625
"Final classification, 2020-2024",2023,0,English Top 5,International Economics,国际经济学,31,400,0.0775
"Final classification, 2020-2024",2023,0,English Top 5,Labor Economics,劳动经济学,50,400,0.125
"Final classification, 2020-2024",2023,0,English Top 5,Macroeconomics,宏观经济学,51,400,0.1275
"Final classification, 2020-2024",2023,0,English Top 5,Microeconomics,微观经济学,48,400,0.12
"Final classification, 2020-2024",2023,0,English Top 5,Public Finance,公共财政,40,400,0.1
"Final classification, 2020-2024",2023,0,English Top 5,Miscellaneous & Methods,方法与杂项,85,400,0.2125
"Final classification, 2020-2024",2023,1,Chinese journals,Development Economics,发展经济学,16,230,0.06956521739130435
"Final classification, 2020-2024",2023,1,Chinese journals,Economic History,经济史,14,230,0.06086956521739131
"Final classification, 2020-2024",2023,1,Chinese journals,Finance,金融学,36,230,0.1565217391304348
"Final classification, 2020-2024",2023,1,Chinese journals,Industrial Organization,产业组织,25,230,0.10869565217391304
"Final classification, 2020-2024",2023,1,Chinese journals,International Economics,国际经济学,17,230,0.07391304347826087
"Final classification, 2020-2024",2023,1,Chinese journals,Labor Economics,劳动经济学,18,230,0.0782608695652174
"Final classification, 2020-2024",2023,1,Chinese journals,Macroeconomics,宏观经济学,30,230,0.13043478260869565
"Final classification, 2020-2024",2023,1,Chinese journals,Microeconomics,微观经济学,8,230,0.034782608695652174
"Final classification, 2020-2024",2023,1,Chinese journals,Public Finance,公共财政,25,230,0.10869565217391304
"Final classification, 2020-2024",2023,1,Chinese journals,Miscellaneous & Methods,方法与杂项,41,230,0.1782608695652174
"Final classification, 2020-2024",2024,0,English Top 5,Development Economics,发展经济学,43,416,0.10336538461538461
"Final classification, 2020-2024",2024,0,English Top 5,Economic History,经济史,15,416,0.036057692307692304
"Final classification, 2020-2024",2024,0,English Top 5,Finance,金融学,27,416,0.06490384615384616
"Final classification, 2020-2024",2024,0,English Top 5,Industrial Organization,产业组织,25,416,0.06009615384615385
"Final classification, 2020-2024",2024,0,English Top 5,International Economics,国际经济学,25,416,0.06009615384615385
"Final classification, 2020-2024",2024,0,English Top 5,Labor Economics,劳动经济学,49,416,0.11778846153846154
"Final classification, 2020-2024",2024,0,English Top 5,Macroeconomics,宏观经济学,45,416,0.10817307692307693
"Final classification, 2020-2024",2024,0,English Top 5,Microeconomics,微观经济学,52,416,0.125
"Final classification, 2020-2024",2024,0,English Top 5,Public Finance,公共财政,48,416,0.11538461538461539
"Final classification, 2020-2024",2024,0,English Top 5,Miscellaneous & Methods,方法与杂项,87,416,0.2091346153846154
"Final classification, 2020-2024",2024,1,Chinese journals,Development Economics,发展经济学,10,244,0.040983606557377046
"Final classification, 2020-2024",2024,1,Chinese journals,Economic History,经济史,18,244,0.07377049180327869
"Final classification, 2020-2024",2024,1,Chinese journals,Finance,金融学,38,244,0.1557377049180328
"Final classification, 2020-2024",2024,1,Chinese journals,Industrial Organization,产业组织,31,244,0.12704918032786885
"Final classification, 2020-2024",2024,1,Chinese journals,International Economics,国际经济学,21,244,0.0860655737704918
"Final classification, 2020-2024",2024,1,Chinese journals,Labor Economics,劳动经济学,17,244,0.06967213114754098
"Final classification, 2020-2024",2024,1,Chinese journals,Macroeconomics,宏观经济学,35,244,0.14344262295081966
"Final classification, 2020-2024",2024,1,Chinese journals,Microeconomics,微观经济学,14,244,0.05737704918032787
"Final classification, 2020-2024",2024,1,Chinese journals,Public Finance,公共财政,25,244,0.10245901639344263
"Final classification, 2020-2024",2024,1,Chinese journals,Miscellaneous & Methods,方法与杂项,35,244,0.14344262295081966
