Rank,Term,Frequency,Type
1,market,2436,word
2,policy,1963,word
3,information,1783,word
4,firm,1713,word
5,price,1489,word
6,risk,1179,word
7,equilibrium,1166,word
8,choice,1121,word
9,cost,1083,word
10,dynamic,1070,word
11,impact,1064,word
12,income,1062,word
13,rate,1031,word
14,trade,964,word
15,growth,893,word
16,social,849,word
17,tax,838,word
18,optimal,835,word
19,wage,826,word
20,state,821,word
21,labor,805,word
22,preference,803,word
23,demand,801,word
24,network,801,word
25,welfare,786,word
26,shock,779,word
27,productivity,777,word
28,change,773,word
29,time,772,word
30,competition,733,word
31,design,729,word
32,economic,690,word
33,large,681,word
34,selection,678,word
35,investment,678,word
36,financial,672,word
37,inequality,668,word
38,new,663,word
39,capital,656,word
40,mechanism,647,word
41,monetary,635,word
42,agent,618,word
43,insurance,613,word
44,worker,612,word
45,health,593,word
46,experiment,591,word
47,game,577,word
48,long,576,word
49,search,574,word
50,high,571,word
51,incentive,564,word
52,consumption,563,word
53,value,562,word
54,job,558,word
55,consumer,546,word
56,distribution,537,word
57,credit,527,word
58,theory,522,word
59,two,522,word
60,decision,520,word
61,quality,519,word
62,based,507,word
63,economy,506,word
64,behavior,506,word
65,across,505,word
66,return,504,word
67,country,504,word
68,level,500,word
69,higher,494,word
70,debt,493,word
71,aggregate,492,word
72,household,485,word
73,contract,484,word
74,belief,477,word
75,public,476,word
76,asset,454,word
77,identification,453,word
78,inference,450,word
79,school,448,word
80,government,446,word
81,run,441,word
82,child,441,word
83,technology,439,word
84,one,437,word
85,set,435,word
86,test,423,word
87,learning,418,word
88,response,414,word
89,wealth,412,word
90,benefit,411,word
91,cycle,402,word
92,program,402,word
93,low,401,word
94,efficiency,401,word
95,individual,401,word
96,first,400,word
97,heterogeneity,398,word
98,private,395,word
99,auction,390,word
100,bank,386,word
101,term,384,word
102,earning,381,word
103,lower,380,word
104,liquidity,379,word
105,bias,373,word
106,local,373,word
107,share,371,word
108,employment,371,word
109,gain,369,word
110,supply,368,word
111,product,367,word
112,uncertainty,365,word
113,constraint,361,word
114,interest,357,word
115,structure,357,word
116,performance,355,word
117,power,355,word
118,develop,354,word
119,may,353,word
120,gender,352,word
121,political,351,word
122,production,346,word
123,expectation,340,word
124,innovation,336,word
125,friction,335,word
126,good,333,word
127,business,332,word
128,skill,324,word
129,condition,322,word
130,structural,318,word
131,rule,317,word
132,reduce,317,word
133,education,315,word
134,general,314,word
135,treatment,311,word
136,less,310,word
137,taxation,309,word
138,mobility,309,word
139,allocation,308,word
140,development,304,word
141,average,304,word
142,utility,301,word
143,united,297,word
144,non,296,word
145,standard,295,word
146,matching,294,word
147,unemployment,293,word
148,estimation,293,word
149,function,292,word
150,problem,291,word
151,variation,291,word
152,economics,290,word
153,different,289,word
154,exchange,288,word
155,loss,287,word
156,care,285,word
157,gap,283,word
158,suggest,282,word
159,fiscal,281,word
160,relative,281,word
161,strategy,279,word
162,work,279,word
163,inflation,278,word
164,industry,276,word
165,lead,273,word
166,role,272,word
167,discrimination,271,word
168,pricing,270,word
169,woman,270,word
170,group,269,word
171,size,267,word
172,well,267,word
173,heterogeneous,267,word
174,affect,265,word
175,jel,263,word
176,field,263,word
177,student,262,word
178,form,260,word
179,endogenous,258,word
180,even,257,word
181,consistent,257,word
182,intervention,253,word
183,account,249,word
184,regulation,248,word
185,exposure,247,word
186,entry,244,word
187,action,243,word
188,sector,243,word
189,system,242,word
190,labour,242,word
191,probability,240,word
192,percent,239,word
193,consequence,238,word
194,among,236,word
195,world,235,word
196,propose,234,word
197,decline,234,word
198,number,233,word
199,self,232,word
200,control,231,word
201,international,231,word
202,human,230,word
203,saving,229,word
204,estimator,229,word
205,setting,228,word
206,application,228,word
207,migration,227,word
208,cross,227,word
209,output,224,word
210,important,223,word
211,pay,222,word
212,real,221,word
213,type,219,word
214,property,219,word
215,experimental,219,word
216,present,217,word
217,population,217,word
218,random,215,word
219,macroeconomic,215,word
220,life,214,word
221,global,214,word
222,signal,213,word
223,college,213,word
224,elasticity,212,word
225,mortality,212,word
226,case,212,word
227,point,211,word
228,document,211,word
229,rise,210,word
230,spillover,209,word
231,small,208,word
232,pattern,208,word
233,increased,207,word
234,spending,207,word
235,within,207,word
236,reform,207,word
237,aversion,206,word
238,positive,205,word
239,conflict,205,word
240,factor,204,word
241,transfer,203,word
242,identify,202,word
243,negative,201,word
244,efficient,200,word
245,causal,199,word
246,second,199,word
247,default,199,word
248,equilibria,198,word
249,order,197,word
250,many,197,word
251,likely,197,word
252,common,197,word
253,generate,196,word
254,allow,195,word
255,news,194,word
256,payment,194,word
257,marginal,193,word
258,parameter,192,word
259,commitment,192,word
260,larger,192,word
261,novel,192,word
262,transmission,192,word
263,strategic,191,word
264,bargaining,191,word
265,access,190,word
266,without,189,word
267,support,187,word
268,survey,185,word
269,age,185,word
270,management,185,word
271,rational,184,word
272,panel,184,word
273,make,184,word
274,multiple,184,word
275,key,183,word
276,interaction,183,word
277,adverse,183,word
278,player,181,word
279,future,181,word
280,family,180,word
281,scale,180,word
282,city,180,word
283,doe,180,word
284,explain,180,word
285,housing,180,word
286,origin,179,word
287,whether,179,word
288,currency,178,word
289,observed,178,word
290,limit,178,word
291,moral,178,word
292,bound,177,word
293,research,177,word
294,relationship,177,word
295,assignment,177,word
296,reduction,177,word
297,buyer,176,word
298,subsidy,176,word
299,depend,176,word
300,prediction,175,word
301,due,175,word
302,increasing,174,word
303,marriage,174,word
304,driven,173,word
305,characterize,172,word
306,externality,172,word
307,class,172,word
308,expected,171,word
309,restriction,171,word
310,experience,171,word
311,black,171,word
312,china,170,word
313,period,170,word
314,media,170,word
315,climate,170,word
316,communication,169,word
317,making,169,word
318,three,169,word
319,people,168,word
320,input,168,word
321,improve,167,word
322,process,166,word
323,markup,166,word
324,ability,165,word
325,knowledge,165,word
326,foreign,165,word
327,war,164,word
328,error,164,word
329,used,163,word
330,seller,163,word
331,environment,163,word
332,simple,163,word
333,flow,163,word
334,hazard,163,word
335,payoff,162,word
336,channel,162,word
337,institution,162,word
338,organization,162,word
339,right,161,word
340,profit,160,word
341,diffusion,160,word
342,adoption,160,word
343,capacity,160,word
344,short,159,word
345,party,159,word
346,adjustment,158,word
347,stock,158,word
348,counterfactual,158,word
349,quantitative,158,word
350,law,157,word
351,security,157,word
352,linear,156,word
353,formation,156,word
354,revenue,155,word
355,yield,155,word
356,cash,155,word
357,including,154,word
358,feature,152,word
359,often,152,word
360,bayesian,151,word
361,early,151,word
362,volatility,151,word
363,spatial,151,word
364,source,151,word
365,persuasion,151,word
366,platform,150,word
367,resource,150,word
368,substantial,150,word
369,stability,150,word
370,take,149,word
371,competitive,149,word
372,investor,149,word
373,offer,148,word
374,cognitive,147,word
375,score,147,word
376,central,147,word
377,moment,147,word
378,much,146,word
379,opportunity,145,word
380,confidence,145,word
381,service,144,word
382,randomized,144,word
383,sale,144,word
384,advantage,143,word
385,crise,143,word
386,equity,141,word
387,statistic,141,word
388,assumption,141,word
389,administrative,140,word
390,imply,139,word
391,discrete,139,word
392,patient,139,word
393,alternative,139,word
394,practice,138,word
395,potential,138,word
396,pollution,138,word
397,home,138,word
398,race,138,word
399,apply,137,word
400,location,136,word
401,reputation,136,word
402,prior,136,word
403,conditional,135,word
404,surplus,135,word
405,better,135,word
406,corporate,135,word
407,influence,135,word
408,toward,134,word
409,single,134,word
410,misallocation,134,word
411,choose,134,word
412,crisis,134,word
413,redistribution,134,word
414,reduced,133,word
415,persistent,132,word
416,racial,132,word
417,intergenerational,132,word
418,limited,131,word
419,greater,131,word
420,significantly,131,word
421,fact,131,word
422,fixed,130,word
423,instrumental,130,word
424,neighborhood,130,word
425,theorem,129,word
426,substantially,129,word
427,india,129,word
428,integration,129,word
429,crime,129,word
430,participation,129,word
431,violence,127,word
432,reallocation,127,word
433,premium,127,word
434,additional,127,word
435,asymmetric,127,word
436,principal,126,word
437,aggregation,126,word
438,incomplete,125,word
439,activity,125,word
440,similar,125,word
441,trend,125,word
442,money,125,word
443,algorithm,124,word
444,finance,124,word
445,curve,124,word
446,loan,124,word
447,land,123,word
448,election,123,word
449,employer,123,word
450,evolution,123,word
451,derive,122,word
452,minimum,122,word
453,decrease,122,word
454,dispersion,122,word
455,disclosure,122,word
456,voter,122,word
457,procurement,122,word
458,versus,121,word
459,shape,121,word
460,quantify,121,word
461,subject,121,word
462,specific,121,word
463,instrument,120,word
464,enforcement,120,word
465,recession,120,word
466,bond,120,word
467,poverty,120,word
468,asymptotic,120,word
469,finally,119,word
470,main,119,word
471,attention,119,word
472,polarization,118,word
473,micro,118,word
474,option,118,word
475,female,118,word
476,strong,117,word
477,given,117,word
478,sorting,117,word
479,stochastic,117,word
480,face,117,word
481,third,116,word
482,matter,116,word
483,nonparametric,116,word
484,sharing,116,word
485,comparative,116,word
486,likelihood,115,word
487,record,115,word
488,boom,115,word
489,persistence,115,word
490,estimated,114,word
491,area,114,word
492,match,114,word
493,domestic,114,word
494,imperfect,113,word
495,attitude,113,word
496,rich,112,word
497,several,111,word
498,borrowing,111,word
499,effort,111,word
500,agricultural,111,word
501,identity,110,word
502,discontinuity,110,word
503,top,110,word
504,way,110,word
505,banking,110,word
506,urban,109,word
507,existing,109,word
508,part,109,word
509,memory,109,word
510,partial,108,word
511,repeated,108,word
512,nominal,108,word
513,per,108,word
514,norm,108,word
515,free,108,word
516,inattention,108,word
517,expansion,108,word
518,establish,107,word
519,online,107,word
520,characteristic,107,word
521,context,107,word
522,via,106,word
523,event,106,word
524,act,106,word
525,parent,106,word
526,import,106,word
527,sufficient,106,word
528,effective,105,word
529,rural,105,word
530,recent,105,word
531,total,105,word
532,demonstrate,105,word
533,natural,105,word
534,contrast,105,word
535,agreement,105,word
536,emission,105,word
537,evaluate,105,word
538,multiplier,105,word
539,provision,105,word
540,trial,104,word
541,capture,104,word
542,expenditure,104,word
543,mortgage,104,word
544,chain,104,word
545,plan,104,word
546,direct,103,word
547,federal,103,word
548,become,103,word
549,view,103,word
550,play,103,word
551,great,103,word
552,american,103,word
553,acquisition,102,word
554,associated,102,word
555,require,102,word
556,arise,102,word
557,cause,101,word
558,distortion,101,word
559,bid,101,word
560,determinant,100,word
561,question,100,word
562,path,100,word
563,implementation,100,word
564,behavioral,99,word
565,hold,99,word
566,robustness,99,word
567,illustrate,99,word
568,monitoring,99,word
569,raise,99,word
570,white,99,word
571,dependence,99,word
572,leverage,98,word
573,estimating,98,word
574,immigrant,98,word
575,immigration,98,word
576,status,98,word
577,reducing,98,word
578,fluctuation,97,word
579,quantity,97,word
580,net,97,word
581,coverage,97,word
582,weak,97,word
583,complementarity,96,word
584,ambiguity,96,word
585,link,96,word
586,reveal,96,word
587,purchase,96,word
588,shift,96,word
589,teacher,96,word
590,exploit,96,word
591,hypothesis,96,word
592,salience,96,word
593,stable,95,word
594,peer,95,word
595,transition,94,word
596,civil,94,word
597,intertemporal,94,word
598,zero,93,word
599,costly,93,word
600,balance,93,word
601,rigidity,93,word
602,leading,93,word
603,index,93,word
604,component,93,word
605,introduce,93,word
606,union,93,word
607,mean,93,word
608,overall,93,word
609,duration,93,word
610,importance,92,word
611,help,92,word
612,air,92,word
613,induce,92,word
614,man,92,word
615,task,92,word
616,diversity,92,word
617,energy,92,word
618,current,91,word
619,post,91,word
620,construct,91,word
621,interval,91,word
622,explore,91,word
623,trading,91,word
624,quasi,91,word
625,generation,91,word
626,cultural,90,word
627,team,90,word
628,unique,90,word
629,highlight,90,word
630,plant,90,word
631,least,90,word
632,convergence,90,word
633,national,89,word
634,substitution,89,word
635,existence,89,word
636,margin,89,word
637,rather,89,word
638,initial,89,word
639,history,89,word
640,community,89,word
641,deviation,89,word
642,portfolio,89,word
643,little,89,word
644,empirically,88,word
645,achievement,88,word
646,monopoly,88,word
647,fall,88,word
648,known,88,word
649,correlated,88,word
650,cooperation,87,word
651,predict,87,word
652,percentage,87,word
653,region,87,word
654,environmental,87,word
655,developing,87,word
656,lending,87,word
657,thus,87,word
658,evaluation,87,word
659,training,87,word
660,manager,87,word
661,carbon,87,word
662,exogenous,86,word
663,build,86,word
664,driver,86,word
665,exhibit,86,word
666,measuring,86,word
667,poor,86,word
668,merger,86,word
669,tariff,86,word
670,society,86,word
671,criminal,86,word
672,solution,85,word
673,finite,85,word
674,series,85,word
675,best,85,word
676,medical,85,word
677,improving,85,word
678,lottery,85,word
679,concern,84,word
680,relatively,84,word
681,full,84,word
682,related,84,word
683,childhood,84,word
684,highly,84,word
685,ratio,84,word
686,macro,84,word
687,outside,84,word
688,drug,84,word
689,testing,84,word
690,pareto,84,word
691,food,83,word
692,force,83,word
693,exploiting,83,word
694,vary,83,word
695,reserve,83,word
696,taking,83,word
697,identified,83,word
698,physician,83,word
699,propensity,83,word
700,correlation,82,word
701,forecast,82,word
702,degree,82,word
703,representation,82,word
704,participant,82,word
705,valuation,82,word
706,presence,82,word
707,employee,82,word
708,sovereign,82,word
709,target,82,word
710,simulation,82,word
711,geography,82,word
712,static,81,word
713,coordination,81,word
714,intermediary,81,word
715,hospital,81,word
716,randomly,81,word
717,project,81,word
718,determine,81,word
719,continuous,81,word
720,bidder,81,word
721,ownership,81,word
722,educational,80,word
723,induced,80,word
724,spread,80,word
725,rent,80,word
726,export,80,word
727,space,80,word
728,menu,80,word
729,targeting,79,word
730,sequential,79,word
731,century,79,word
732,constrained,79,word
733,past,79,word
734,possible,78,word
735,must,78,word
736,industrial,78,word
737,technical,78,word
738,regime,78,word
739,borrower,78,word
740,multi,78,word
741,medicare,78,word
742,led,78,word
743,parental,78,word
744,variance,78,word
745,half,78,word
746,unit,78,word
747,aid,78,word
748,unobserved,78,word
749,collusion,77,word
750,differential,77,word
751,biased,77,word
752,concentration,77,word
753,prospect,77,word
754,theoretical,77,word
755,patent,77,word
756,place,76,word
757,weight,76,word
758,tool,76,word
759,democracy,76,word
760,agriculture,76,word
761,screening,76,word
762,statistical,76,word
763,call,76,word
764,address,76,word
765,following,75,word
766,insight,75,word
767,range,75,word
768,enrollment,75,word
769,dependent,75,word
770,sensitivity,75,word
771,hour,75,word
772,dollar,74,word
773,either,74,word
774,technological,74,word
775,around,74,word
776,instead,74,word
777,receive,74,word
778,remain,74,word
779,relevant,73,word
780,learn,73,word
781,trust,73,word
782,accounting,73,word
783,frequency,73,word
784,affected,73,word
785,supplier,73,word
786,stimulus,72,word
787,variety,72,word
788,moreover,72,word
789,follow,72,word
790,career,72,word
791,example,71,word
792,assess,71,word
793,improvement,71,word
794,need,71,word
795,politic,71,word
796,vertical,71,word
797,create,70,word
798,fertility,70,word
799,extent,70,word
800,issue,70,word
801,differ,70,word
802,major,70,word
803,external,70,word
804,behaviour,70,word
805,procedure,69,word
806,million,69,word
807,discuss,69,word
808,elite,69,word
809,respond,69,word
810,house,69,word
811,underlying,69,word
812,largest,69,word
813,manufacturing,69,word
814,accumulation,68,word
815,protection,68,word
816,yet,68,word
817,mental,68,word
818,disaster,68,word
819,argue,68,word
820,cut,68,word
821,measurement,68,word
822,liberalization,68,word
823,idea,67,word
824,providing,67,word
825,characterization,67,word
826,historical,67,word
827,joint,67,word
828,stronger,67,word
829,nature,67,word
830,water,67,word
831,magnitude,67,word
832,four,67,word
833,perfect,67,word
834,compare,67,word
835,side,67,word
836,compared,66,word
837,various,66,word
838,smaller,66,word
839,despite,66,word
840,biase,66,word
841,effectiveness,66,word
842,admission,66,word
843,trap,66,word
844,customer,66,word
845,indicate,66,word
846,include,66,word
847,feedback,66,word
848,fairness,66,word
849,disability,66,word
850,automation,66,word
851,fundamental,65,word
852,maker,65,word
853,building,65,word
854,pass,65,word
855,suggesting,65,word
856,obtain,65,word
857,discretion,65,word
858,generalized,65,word
859,flexible,65,word
860,report,65,word
861,keynesian,64,word
862,rationality,64,word
863,contest,64,word
864,especially,64,word
865,informed,64,word
866,ethnic,64,word
867,candidate,64,word
868,corruption,64,word
869,exist,64,word
870,bankruptcy,64,word
871,dimension,64,word
872,close,64,word
873,transaction,64,word
874,disparity,64,word
875,ante,63,word
876,retail,63,word
877,quantitatively,63,word
878,male,63,word
879,science,63,word
880,advertising,63,word
881,contribution,62,word
882,idiosyncratic,62,word
883,africa,62,word
884,month,62,word
885,campaign,62,word
886,delegation,62,word
887,revealed,62,word
888,composition,62,word
889,gdp,62,word
890,extensive,62,word
891,electricity,62,word
892,farmer,61,word
893,position,61,word
894,productive,61,word
895,wide,61,word
896,working,61,word
897,measured,61,word
898,particular,61,word
899,bootstrap,61,word
900,distributional,61,word
901,attribute,60,word
902,culture,60,word
903,motivated,60,word
904,machine,60,word
905,fully,60,word
906,failure,60,word
907,noise,60,word
908,stage,60,word
909,leave,60,word
910,independent,60,word
911,resulting,60,word
912,fail,60,word
913,applicant,59,word
914,inconsistency,59,word
915,observe,59,word
916,whose,59,word
917,along,59,word
918,line,59,word
919,varying,59,word
920,baye,59,word
921,digital,59,word
922,vote,59,word
923,compensation,59,word
924,principle,58,word
925,connection,58,word
926,collateral,58,word
927,amount,58,word
928,constant,58,word
929,privacy,58,word
930,nonlinear,58,word
931,allowing,58,word
932,threshold,58,word
933,traditional,58,word
934,explanation,58,word
935,transparency,58,word
936,tractable,58,word
937,directly,58,word
938,equation,58,word
939,retirement,58,word
940,treated,58,word
941,audit,58,word
942,representative,57,word
943,extend,57,word
944,rising,57,word
945,occupation,57,word
946,later,57,word
947,collective,57,word
948,decade,57,word
949,implement,57,word
950,concentrated,57,word
951,drive,57,word
952,occupational,57,word
953,sided,57,word
954,equal,57,word
955,sticky,57,word
956,exit,57,word
957,intermediation,57,word
958,thinking,57,word
959,experimentation,56,word
960,primary,56,word
961,agency,56,word
962,understanding,56,word
963,end,56,word
964,substitute,56,word
965,consideration,56,word
966,politician,56,word
967,safety,56,word
968,entrepreneurship,56,word
969,member,56,word
970,association,56,word
971,perception,56,word
972,equivalent,55,word
973,discount,55,word
974,available,55,word
975,although,55,word
976,researcher,55,word
977,willingness,55,word
978,pre,55,word
979,perceived,55,word
980,identifying,55,word
981,assigned,55,word
982,foundation,55,word
983,complexity,55,word
984,give,55,word
985,oligopoly,54,word
986,rank,54,word
987,improved,54,word
988,priority,54,word
989,controlled,54,word
990,though,54,word
991,particularly,54,word
992,maximum,54,word
993,consistency,54,word
994,start,54,word
995,voting,54,word
996,misspecification,54,word
997,internal,54,word
998,behavioural,54,word
999,hiring,54,word
1000,subjective,53,word
1001,achieve,53,word
1002,negotiation,53,word
1003,contagion,53,word
1004,academic,53,word
1005,citizen,53,word
1006,explained,53,word
1007,together,53,word
1008,open,53,word
1009,critical,53,word
1010,every,53,word
1011,double,53,word
1012,projection,53,word
1013,parametric,53,word
1014,adaptive,53,word
1015,precautionary,53,word
1016,forward,52,word
1017,left,52,word
1018,durable,52,word
1019,targeted,52,word
1020,pressure,52,word
1021,disease,52,word
1022,fund,52,word
1023,tend,52,word
1024,delay,52,word
1025,turnover,52,word
1026,move,52,word
1027,occur,52,word
1028,grow,52,word
1029,establishment,52,word
1030,puzzle,51,word
1031,light,51,word
1032,quantile,51,word
1033,youth,51,word
1034,changing,51,word
1035,intensive,51,word
1036,maturity,51,word
1037,econometric,51,word
1038,oil,51,word
1039,focus,51,word
1040,combine,51,word
1041,strongly,51,word
1042,requirement,51,word
1043,premia,51,word
1044,village,51,word
1045,death,51,word
1046,imbalance,51,word
1047,mixed,51,word
1048,bidding,51,word
1049,transformation,51,word
1050,birth,51,word
1051,iii,50,word
1052,randomization,50,word
1053,young,50,word
1054,county,50,word
1055,day,50,word
1056,previous,50,word
1057,leader,50,word
1058,extreme,50,word
1059,majority,50,word
1060,provided,50,word
1061,depression,50,word
1062,endogenously,50,word
1063,sectional,50,word
1064,workplace,50,word
1065,linked,50,word
1066,combination,50,word
1067,comparison,50,word
1068,observation,50,word
1069,uniform,50,word
1070,experienced,50,word
1071,adult,50,word
1072,challenge,50,word
1073,segregation,50,word
1074,density,49,word
1075,appear,49,word
1076,financing,49,word
1077,perform,49,word
1078,cluster,49,word
1079,inefficient,49,word
1080,assessment,49,word
1081,modern,49,word
1082,contingent,49,word
1083,socially,49,word
1084,transport,49,word
1085,hand,49,word
1086,informal,49,word
1087,multinational,49,word
1088,core,48,word
1089,convex,48,word
1090,revolution,48,word
1091,attainment,48,word
1092,lender,48,word
1093,dimensional,48,word
1094,reflect,48,word
1095,cyclical,48,word
1096,judgment,48,word
1097,success,48,word
1098,construction,48,word
1099,inertia,48,word
1100,implemented,48,word
1101,winner,48,word
1102,calibrated,48,word
1103,rely,48,word
1104,contact,48,word
1105,tail,48,word
1106,deficit,48,word
1107,alway,47,word
1108,speed,47,word
1109,penalty,47,word
1110,added,47,word
1111,german,47,word
1112,extension,47,word
1113,base,47,word
1114,conduct,47,word
1115,creation,47,word
1116,thereby,47,word
1117,five,47,word
1118,made,47,word
1119,adaptation,47,word
1120,approximately,47,word
1121,car,47,word
1122,monopsony,47,word
1123,combining,46,word
1124,sharp,46,word
1125,distance,46,word
1126,fraction,46,word
1127,characterized,46,word
1128,turn,46,word
1129,addition,46,word
1130,indirect,46,word
1131,sectoral,46,word
1132,frontier,46,word
1133,produce,46,word
1134,mitigate,46,word
1135,company,46,word
1136,matched,46,word
1137,posterior,46,word
1138,budget,46,word
1139,implicit,46,word
1140,sex,46,word
1141,microfinance,46,word
1142,dominant,45,word
1143,competing,45,word
1144,expand,45,word
1145,movement,45,word
1146,skilled,45,word
1147,fewer,45,word
1148,geographic,45,word
1149,faster,45,word
1150,maximization,45,word
1151,subsequent,45,word
1152,detailed,45,word
1153,formal,45,word
1154,cheap,45,word
1155,typically,45,word
1156,come,45,word
1157,prove,45,word
1158,contracting,45,word
1159,integrated,45,word
1160,semiparametric,45,word
1161,commonly,45,word
1162,informational,45,word
1163,true,45,word
1164,psychology,45,word
1165,gravity,45,word
1166,disagreement,44,word
1167,judge,44,word
1168,owner,44,word
1169,primarily,44,word
1170,sufficiently,44,word
1171,paid,44,word
1172,district,44,word
1173,kidney,44,word
1174,germany,44,word
1175,provider,44,word
1176,observable,44,word
1177,holding,44,word
1178,transportation,44,word
1179,taste,44,word
1180,conventional,44,word
1181,barrier,44,word
1182,sequence,44,word
1183,directed,44,word
1184,content,44,word
1185,certain,44,word
1186,deposit,44,word
1187,funding,44,word
1188,justice,44,word
1189,averse,43,word
1190,curse,43,word
1191,discovery,43,word
1192,talk,43,word
1193,switching,43,word
1194,exposed,43,word
1195,donor,43,word
1196,inefficiency,43,word
1197,infrastructure,43,word
1198,according,43,word
1199,european,43,word
1200,false,43,word
1201,retailer,43,word
1202,optimality,43,word
1203,nash,43,word
1204,normal,43,word
1205,dominance,43,word
1206,separation,43,word
1207,beyond,43,word
1208,longer,43,word
1209,police,43,word
1210,pair,42,word
1211,stationary,42,word
1212,privately,42,word
1213,contribute,42,word
1214,introduction,42,word
1215,baseline,42,word
1216,ask,42,word
1217,severe,42,word
1218,infant,42,word
1219,lack,42,word
1220,feasible,42,word
1221,overconfidence,42,word
1222,risky,42,word
1223,emerge,42,word
1224,complete,42,word
1225,sender,42,word
1226,optimization,42,word
1227,indian,42,word
1228,vacancy,42,word
1229,officer,42,word
1230,resolution,42,word
1231,agglomeration,42,word
1232,benchmark,42,word
1233,impulse,42,word
1234,regret,42,word
1235,showing,41,word
1236,generally,41,word
1237,industrialization,41,word
1238,scheme,41,word
1239,preferred,41,word
1240,unknown,41,word
1241,back,41,word
1242,informative,41,word
1243,applied,41,word
1244,bust,41,word
1245,methodology,41,word
1246,nearly,41,word
1247,census,41,word
1248,broad,41,word
1249,timing,41,word
1250,valid,41,word
1251,receiver,41,word
1252,moving,41,word
1253,binary,41,word
1254,perspective,41,word
1255,sizable,41,word
1256,border,41,word
1257,segmentation,41,word
1258,enough,40,word
1259,narrative,40,word
1260,theoretically,40,word
1261,talent,40,word
1262,partially,40,word
1263,designed,40,word
1264,last,40,word
1265,stop,40,word
1266,motive,40,word
1267,signaling,40,word
1268,sheet,40,word
1269,arbitrage,40,word
1270,excess,40,word
1271,doctor,40,word
1272,widely,40,word
1273,version,40,word
1274,driving,40,word
1275,safe,40,word
1276,stem,40,word
1277,middle,40,word
1278,older,40,word
1279,grant,40,word
1280,generating,40,word
1281,intermediate,40,word
1282,simultaneous,40,word
1283,selective,40,word
1284,couple,40,word
1285,affirmative,40,word
1286,almost,39,word
1287,involve,39,word
1288,complex,39,word
1289,collection,39,word
1290,solve,39,word
1291,nation,39,word
1292,tfp,39,word
1293,bilateral,39,word
1294,compliance,39,word
1295,damage,39,word
1296,newly,39,word
1297,electoral,39,word
1298,correct,39,word
1299,offering,39,word
1300,temporary,39,word
1301,recovery,39,word
1302,diagnostic,39,word
1303,systematic,39,word
1304,necessary,39,word
1305,respect,39,word
1306,profile,39,word
1307,intensity,39,word
1308,weighted,39,word
1309,approximate,39,word
1310,vector,39,word
1311,managerial,39,word
1312,rare,39,word
1313,incarceration,39,word
1314,medicaid,39,word
1315,governance,39,word
1316,coalition,39,word
1317,markov,39,word
1318,bounded,38,word
1319,facing,38,word
1320,regional,38,word
1321,calibrate,38,word
1322,socioeconomic,38,word
1323,publication,38,word
1324,recommendation,38,word
1325,formula,38,word
1326,brazil,38,word
1327,interpretation,38,word
1328,avoid,38,word
1329,relational,38,word
1330,monotone,38,word
1331,claim,38,word
1332,cyclicality,38,word
1333,grade,38,word
1334,diversification,38,word
1335,developed,38,word
1336,ranking,38,word
1337,object,38,word
1338,wherea,38,word
1339,basic,38,word
1340,personality,38,word
1341,employed,38,word
1342,globalization,38,word
1343,robot,38,word
1344,book,38,word
1345,hard,38,word
1346,fit,38,word
1347,consume,38,word
1348,bubble,38,word
1349,gaussian,37,word
1350,guarantee,37,word
1351,intelligence,37,word
1352,religious,37,word
1353,clean,37,word
1354,coefficient,37,word
1355,democratic,37,word
1356,liability,37,word
1357,bailout,37,word
1358,worse,37,word
1359,growing,37,word
1360,minority,37,word
1361,step,37,word
1362,latent,37,word
1363,favor,37,word
1364,determined,37,word
1365,furthermore,37,word
1366,absence,37,word
1367,focusing,37,word
1368,demographic,37,word
1369,sum,37,word
1370,exclusion,37,word
1371,university,37,word
1372,amplify,37,word
1373,authority,37,word
1374,institutional,37,word
1375,discounting,36,word
1376,folk,36,word
1377,shed,36,word
1378,farm,36,word
1379,native,36,word
1380,panic,36,word
1381,neutral,36,word
1382,fee,36,word
1383,cohort,36,word
1384,message,36,word
1385,europe,36,word
1386,opinion,36,word
1387,pure,36,word
1388,expense,36,word
1389,crucial,36,word
1390,caused,36,word
1391,drop,36,word
1392,studying,36,word
1393,hire,36,word
1394,big,36,word
1395,nudge,36,word
1396,annual,36,word
1397,violation,36,word
1398,billion,36,word
1399,card,36,word
1400,parallel,36,word
1401,know,36,word
1402,pro,36,word
1403,worst,36,word
1404,hidden,36,word
1405,airline,36,word
1406,fire,36,word
1407,military,36,word
1408,combined,36,word
1409,entrepreneur,36,word
1410,basis,36,word
1411,old,36,word
1412,shadow,36,word
1413,salary,36,word
1414,taxable,36,word
1415,offset,36,word
1416,gang,36,word
1417,satisfy,35,word
1418,today,35,word
1419,trader,35,word
1420,schooling,35,word
1421,facilitate,35,word
1422,living,35,word
1423,cartel,35,word
1424,legal,35,word
1425,mexico,35,word
1426,incorporate,35,word
1427,image,35,word
1428,previously,35,word
1429,selected,35,word
1430,potentially,35,word
1431,renegotiation,35,word
1432,select,35,word
1433,incumbent,35,word
1434,concept,35,word
1435,manipulation,35,word
1436,deliver,35,word
1437,approximation,35,word
1438,credible,35,word
1439,stress,35,word
1440,protest,35,word
1441,enable,35,word
1442,congestion,35,word
1443,citation,35,word
1444,leadership,35,word
1445,generated,35,word
1446,rating,35,word
1447,upward,35,word
1448,accuracy,34,word
1449,late,34,word
1450,asymmetry,34,word
1451,propagation,34,word
1452,initially,34,word
1453,centralized,34,word
1454,sensitive,34,word
1455,mother,34,word
1456,arbitrary,34,word
1457,reason,34,word
1458,might,34,word
1459,multiproduct,34,word
1460,universe,34,word
1461,equivalence,34,word
1462,offered,34,word
1463,tie,34,word
1464,displacement,34,word
1465,understand,34,word
1466,stabilization,34,word
1467,habit,34,word
1468,predicted,34,word
1469,turnout,34,word
1470,direction,34,word
1471,validity,34,word
1472,proposed,34,word
1473,functional,34,word
1474,prescription,34,word
1475,phillip,34,word
1476,partner,34,word
1477,temperature,34,word
1478,laboratory,34,word
1479,mistake,34,word
1480,logit,34,word
1481,guidance,33,word
1482,required,33,word
1483,arrival,33,word
1484,another,33,word
1485,punishment,33,word
1486,comparing,33,word
1487,next,33,word
1488,canonical,33,word
1489,live,33,word
1490,migrant,33,word
1491,disadvantaged,33,word
1492,expert,33,word
1493,fragility,33,word
1494,away,33,word
1495,surprise,33,word
1496,lifetime,33,word
1497,impose,33,word
1498,uncertain,33,word
1499,recover,33,word
1500,threat,33,word
1501,policymaker,33,word
1502,distinct,33,word
1503,sign,33,word
1504,inconsistent,33,word
1505,partly,33,word
1506,shaped,33,word
1507,downstream,33,word
1508,interact,33,word
1509,mixture,33,word
1510,preschool,33,word
1511,flexibility,33,word
1512,responsible,33,word
1513,horizon,33,word
1514,receipt,33,word
1515,text,33,word
1516,pension,33,word
1517,insurer,33,word
1518,chinese,33,word
1519,analyse,33,word
1520,decentralized,33,word
1521,regulatory,33,word
1522,monotonicity,33,word
1523,executive,33,word
1524,label,33,word
1525,repayment,33,word
1526,converge,32,word
1527,defined,32,word
1528,involving,32,word
1529,shared,32,word
1530,wedge,32,word
1531,graph,32,word
1532,prefer,32,word
1533,answer,32,word
1534,possibility,32,word
1535,proof,32,word
1536,exercise,32,word
1537,kind,32,word
1538,gross,32,word
1539,applying,32,word
1540,missing,32,word
1541,slow,32,word
1542,recursive,32,word
1543,comprehensive,32,word
1544,eligibility,32,word
1545,largely,32,word
1546,strength,32,word
1547,responsibility,32,word
1548,limiting,32,word
1549,trait,32,word
1550,economically,32,word
1551,independence,32,word
1552,revelation,32,word
1553,noisy,32,word
1554,decomposition,32,word
1555,differentiation,32,word
1556,cumulative,32,word
1557,differentiated,32,word
1558,leveraging,32,word
1559,divorce,32,word
1560,assortative,32,word
1561,latter,32,word
1562,hierarchy,32,word
1563,internet,32,word
1564,promotion,32,word
1565,arbitration,32,word
1566,amplification,32,word
1567,observational,32,word
1568,mpc,32,word
1569,amenity,32,word
1570,anti,31,word
1571,median,31,word
1572,decide,31,word
1573,person,31,word
1574,schedule,31,word
1575,mandate,31,word
1576,commit,31,word
1577,alone,31,word
1578,altruism,31,word
1579,burden,31,word
1580,realized,31,word
1581,taxpayer,31,word
1582,commodity,31,word
1583,called,31,word
1584,fulfilling,31,word
1585,earlier,31,word
1586,subset,31,word
1587,review,31,word
1588,root,31,word
1589,still,31,word
1590,center,31,word
1591,mobile,31,word
1592,designer,31,word
1593,monopolistic,31,word
1594,specialization,31,word
1595,able,31,word
1596,unemployed,31,word
1597,endowment,31,word
1598,maximizing,31,word
1599,minimax,31,word
1600,bad,30,word
1601,dilemma,30,word
1602,declining,30,word
1603,increasingly,30,word
1604,responsiveness,30,word
1605,deadline,30,word
1606,reach,30,word
1607,regulator,30,word
1608,persist,30,word
1609,actual,30,word
1610,language,30,word
1611,steady,30,word
1612,raising,30,word
1613,log,30,word
1614,infinite,30,word
1615,road,30,word
1616,refinancing,30,word
1617,counter,30,word
1618,recall,30,word
1619,roughly,30,word
1620,south,30,word
1621,symmetric,30,word
1622,axiom,30,word
1623,mass,30,word
1624,informativeness,30,word
1625,covariance,30,word
1626,complement,30,word
1627,bandit,30,word
1628,meet,30,word
1629,sweden,30,word
1630,court,30,word
1631,notion,30,word
1632,recipient,30,word
1633,secondary,30,word
1634,reference,30,word
1635,residential,30,word
1636,taken,29,word
1637,modest,29,word
1638,experimentally,29,word
1639,cutoff,29,word
1640,regardless,29,word
1641,list,29,word
1642,highest,29,word
1643,compete,29,word
1644,corporation,29,word
1645,compatibility,29,word
1646,facility,29,word
1647,paying,29,word
1648,regarding,29,word
1649,personal,29,word
1650,reported,29,word
1651,separate,29,word
1652,predictive,29,word
1653,linkage,29,word
1654,waiting,29,word
1655,competitor,29,word
1656,narrow,29,word
1657,calibration,29,word
1658,crowd,29,word
1659,rationalize,29,word
1660,exporter,29,word
1661,macroprudential,29,word
1662,consolidation,29,word
1663,allocative,29,word
1664,french,29,word
1665,adjust,29,word
1666,vehicle,29,word
1667,informality,29,word
1668,planner,28,word
1669,display,28,word
1670,france,28,word
1671,eliminate,28,word
1672,reservation,28,word
1673,reward,28,word
1674,owned,28,word
1675,popular,28,word
1676,microdata,28,word
1677,valuable,28,word
1678,covering,28,word
1679,presidential,28,word
1680,themselve,28,word
1681,heteroskedasticity,28,word
1682,equality,28,word
1683,deep,28,word
1684,widespread,28,word
1685,foreclosure,28,word
1686,replicate,28,word
1687,gmm,28,word
1688,optimally,28,word
1689,consequently,28,word
1690,matrix,28,word
1691,course,28,word
1692,organized,28,word
1693,born,28,word
1694,accountability,28,word
1695,temporal,28,word
1696,spend,28,word
1697,motivate,28,word
1698,reversal,28,word
1699,award,28,word
1700,sexual,28,word
1701,covid,28,word
1702,describe,27,word
1703,draw,27,word
1704,attack,27,word
1705,lab,27,word
1706,dominate,27,word
1707,invest,27,word
1708,colombia,27,word
1709,expensive,27,word
1710,voucher,27,word
1711,redistributive,27,word
1712,committee,27,word
1713,positively,27,word
1714,chosen,27,word
1715,weather,27,word
1716,immediate,27,word
1717,reasoning,27,word
1718,satisfaction,27,word
1719,debate,27,word
1720,easing,27,word
1721,active,27,word
1722,crop,27,word
1723,covariate,27,word
1724,emergence,27,word
1725,produced,27,word
1726,track,27,word
1727,frequently,27,word
1728,systematically,27,word
1729,sell,27,word
1730,voluntary,27,word
1731,official,27,word
1732,balanced,27,word
1733,horizontal,27,word
1734,layoff,27,word
1735,stereotype,27,word
1736,progressivity,27,word
1737,maximize,26,word
1738,reporting,26,word
1739,acquire,26,word
1740,identical,26,word
1741,seeking,26,word
1742,gradually,26,word
1743,engage,26,word
1744,economist,26,word
1745,progress,26,word
1746,adopt,26,word
1747,survival,26,word
1748,fine,26,word
1749,sense,26,word
1750,serve,26,word
1751,domain,26,word
1752,unintended,26,word
1753,explaining,26,word
1754,misperception,26,word
1755,jointly,26,word
1756,consensus,26,word
1757,raised,26,word
1758,scope,26,word
1759,original,26,word
1760,derived,26,word
1761,square,26,word
1762,final,26,word
1763,scoring,26,word
1764,aspect,26,word
1765,mostly,26,word
1766,respectively,26,word
1767,tradable,26,word
1768,discipline,26,word
1769,girl,26,word
1770,extended,26,word
1771,buy,26,word
1772,armed,26,word
1773,goal,26,word
1774,department,26,word
1775,producer,26,word
1776,adjusted,26,word
1777,organizational,26,word
1778,proofness,26,word
1779,bunching,26,word
1780,math,26,word
1781,synthetic,26,word
1782,exploration,26,word
1783,misspecified,26,word
1784,refugee,26,word
1785,story,25,word
1786,african,25,word
1787,publicly,25,word
1788,gas,25,word
1789,decreasing,25,word
1790,uninformed,25,word
1791,sudden,25,word
1792,educated,25,word
1793,compatible,25,word
1794,motivation,25,word
1795,journal,25,word
1796,destruction,25,word
1797,updating,25,word
1798,maximiz,25,word
1799,enhance,25,word
1800,worth,25,word
1801,store,25,word
1802,prevent,25,word
1803,prevalence,25,word
1804,proxy,25,word
1805,receiving,25,word
1806,advance,25,word
1807,elicitation,25,word
1808,classic,25,word
1809,played,25,word
1810,pecuniary,25,word
1811,bundling,25,word
1812,slope,25,word
1813,situation,25,word
1814,wave,25,word
1815,remaining,25,word
1816,heuristic,25,word
1817,granular,25,word
1818,genetic,25,word
1819,america,25,word
1820,lesson,25,word
1821,fuel,25,word
1822,physical,25,word
1823,stake,25,word
1824,boy,25,word
1825,unified,25,word
1826,bundle,25,word
1827,similarity,25,word
1828,sentiment,25,word
1829,adolescent,25,word
1830,plausible,24,word
1831,assume,24,word
1832,medium,24,word
1833,willing,24,word
1834,scientific,24,word
1835,russia,24,word
1836,switch,24,word
1837,opposite,24,word
1838,successful,24,word
1839,commuting,24,word
1840,broadly,24,word
1841,continuum,24,word
1842,falling,24,word
1843,announcement,24,word
1844,giving,24,word
1845,selling,24,word
1846,upper,24,word
1847,implying,24,word
1848,exceed,24,word
1849,screen,24,word
1850,bottom,24,word
1851,connected,24,word
1852,null,24,word
1853,weighting,24,word
1854,indonesia,24,word
1855,foster,24,word
1856,allocate,24,word
1857,realization,24,word
1858,incidence,24,word
1859,implied,24,word
1860,boundary,24,word
1861,user,24,word
1862,quo,24,word
1863,lasting,24,word
1864,broader,24,word
1865,created,24,word
1866,travel,24,word
1867,inheritance,24,word
1868,recidivism,24,word
1869,prison,24,word
1870,california,24,word
1871,programming,24,word
1872,item,24,word
1873,coworker,24,word
1874,signalling,24,word
1875,permanent,24,word
1876,cognition,24,word
1877,inventor,24,word
1878,far,24,word
1879,ban,24,word
1880,respondent,24,word
1881,rationing,24,word
1882,dual,24,word
1883,luca,24,word
1884,slum,24,word
1885,renewable,24,word
1886,pairwise,23,word
1887,moderate,23,word
1888,consistently,23,word
1889,sustained,23,word
1890,kenya,23,word
1891,attendance,23,word
1892,break,23,word
1893,office,23,word
1894,incorporating,23,word
1895,lowering,23,word
1896,collapse,23,word
1897,dispersed,23,word
1898,continue,23,word
1899,recruitment,23,word
1900,multidimensional,23,word
1901,encourage,23,word
1902,bureaucrat,23,word
1903,deterrence,23,word
1904,shifting,23,word
1905,designing,23,word
1906,inventory,23,word
1907,wealthy,23,word
1908,winning,23,word
1909,computation,23,word
1910,found,23,word
1911,normality,23,word
1912,throughout,23,word
1913,complementary,23,word
1914,antitrust,23,word
1915,structurally,23,word
1916,held,23,word
1917,relation,23,word
1918,conservative,23,word
1919,head,23,word
1920,adulthood,23,word
1921,universal,23,word
1922,naive,23,word
1923,salient,23,word
1924,indivisible,23,word
1925,parity,23,word
1926,autoregression,23,word
1927,systemic,23,word
1928,mafia,23,word
1929,personalized,23,word
1930,bangladesh,23,word
1931,prejudice,23,word
1932,distant,22,word
1933,argument,22,word
1934,extraction,22,word
1935,york,22,word
1936,followed,22,word
1937,strict,22,word
1938,observing,22,word
1939,uncover,22,word
1940,quantifying,22,word
1941,obtained,22,word
1942,practical,22,word
1943,manufacturer,22,word
1944,simultaneously,22,word
1945,specifically,22,word
1946,specify,22,word
1947,epidemic,22,word
1948,rental,22,word
1949,element,22,word
1950,resident,22,word
1951,electrification,22,word
1952,harm,22,word
1953,allocated,22,word
1954,rationalizability,22,word
1955,daughter,22,word
1956,computational,22,word
1957,coal,22,word
1958,pool,22,word
1959,asymptotically,22,word
1960,overlapping,22,word
1961,effectively,22,word
1962,beneficial,22,word
1963,globally,22,word
1964,imitation,22,word
1965,professional,22,word
1966,tournament,22,word
1967,disruption,22,word
1968,appeal,22,word
1969,linking,22,word
1970,investing,22,word
1971,quarter,22,word
1972,father,22,word
1973,dividend,22,word
1974,hot,22,word
1975,enterprise,22,word
1976,confirm,22,word
1977,upon,22,word
1978,discriminatory,22,word
1979,approval,22,word
1980,sieve,22,word
1981,contain,22,word
1982,microcredit,22,word
1983,traffic,22,word
1984,opioid,22,word
1985,harassment,22,word
1986,represent,21,word
1987,clinical,21,word
1988,eliminating,21,word
1989,sharply,21,word
1990,charge,21,word
1991,earn,21,word
1992,looking,21,word
1993,negatively,21,word
1994,volume,21,word
1995,concession,21,word
1996,special,21,word
1997,constructed,21,word
1998,scarce,21,word
1999,emerging,21,word
2000,boston,21,word
2001,relate,21,word
2002,determining,21,word
2003,separable,21,word
2004,near,21,word
2005,affecting,21,word
2006,neighbor,21,word
2007,dramatically,21,word
2008,married,21,word
2009,received,21,word
2010,predictability,21,word
2011,reconcile,21,word
2012,behind,21,word
2013,lost,21,word
2014,possibly,21,word
2015,paradox,21,word
2016,richer,21,word
2017,fed,21,word
2018,metric,21,word
2019,sampling,21,word
2020,divergence,21,word
2021,quadratic,21,word
2022,accommodate,21,word
2023,comparable,21,word
2024,roy,21,word
2025,historically,21,word
2026,norway,21,word
2027,minimal,21,word
2028,intellectual,21,word
2029,determination,21,word
2030,exact,21,word
2031,documented,21,word
2032,municipality,21,word
2033,closed,21,word
2034,cap,21,word
2035,interdependent,21,word
2036,compute,21,word
2037,corresponding,21,word
2038,relevance,21,word
2039,profitability,21,word
2040,testable,21,word
2041,offshore,21,word
2042,choosing,21,word
2043,meaningful,21,word
2044,essential,21,word
2045,primitive,21,word
2046,promise,21,word
2047,boost,21,word
2048,twentieth,21,word
2049,background,21,word
2050,emergency,21,word
2051,ambiguous,21,word
2052,availability,21,word
2053,evasion,21,word
2054,scientist,21,word
2055,posting,21,word
2056,elderly,21,word
2057,useful,21,word
2058,distort,21,word
2059,pseudo,21,word
2060,retention,21,word
2061,southern,21,word
2062,modeling,21,word
2063,embedded,21,word
2064,crossing,21,word
2065,tracking,21,word
2066,interference,21,word
2067,neighbourhood,21,word
2068,prisoner,20,word
2069,weakly,20,word
2070,exponential,20,word
2071,phase,20,word
2072,became,20,word
2073,sequentially,20,word
2074,eventually,20,word
2075,controlling,20,word
2076,rest,20,word
2077,earner,20,word
2078,stimulate,20,word
2079,populist,20,word
2080,alleviate,20,word
2081,collected,20,word
2082,acceptance,20,word
2083,analyzing,20,word
2084,expression,20,word
2085,ideological,20,word
2086,zone,20,word
2087,discriminate,20,word
2088,additionally,20,word
2089,losing,20,word
2090,attract,20,word
2091,prosocial,20,word
2092,credibility,20,word
2093,tenure,20,word
2094,revisit,20,word
2095,railroad,20,word
2096,psychological,20,word
2097,ceo,20,word
2098,predictor,20,word
2099,overcome,20,word
2100,downward,20,word
2101,radio,20,word
2102,smoothing,20,word
2103,statistically,20,word
2104,compensating,20,word
2105,interpret,20,word
2106,evaluating,20,word
2107,proportion,20,word
2108,uniformly,20,word
2109,restrict,20,word
2110,exactly,20,word
2111,epsilon,20,word
2112,difficult,20,word
2113,conducted,20,word
2114,adopted,20,word
2115,club,20,word
2116,lease,20,word
2117,changed,20,word
2118,sometime,20,word
2119,difficulty,20,word
2120,ride,20,word
2121,exclusive,20,word
2122,green,20,word
2123,sanction,20,word
2124,unequal,20,word
2125,stylized,20,word
2126,hiv,20,word
2127,removing,20,word
2128,recently,20,word
2129,assimilation,20,word
2130,employ,20,word
2131,derivative,20,word
2132,featuring,20,word
2133,distinguish,20,word
2134,decreased,20,word
2135,registration,20,word
2136,smooth,20,word
2137,mutual,20,word
2138,crowding,20,word
2139,save,20,word
2140,pandemic,20,word
2141,nested,20,word
2142,drawn,19,word
2143,circumstance,19,word
2144,computer,19,word
2145,never,19,word
2146,episode,19,word
2147,weaker,19,word
2148,expanding,19,word
2149,negligible,19,word
2150,religion,19,word
2151,date,19,word
2152,binding,19,word
2153,assumed,19,word
2154,shifted,19,word
2155,donation,19,word
2156,participate,19,word
2157,nutrition,19,word
2158,equally,19,word
2159,unobservable,19,word
2160,creditor,19,word
2161,quota,19,word
2162,refinement,19,word
2163,update,19,word
2164,brand,19,word
2165,legislative,19,word
2166,army,19,word
2167,week,19,word
2168,desirable,19,word
2169,necessarily,19,word
2170,lasso,19,word
2171,explicit,19,word
2172,supermodular,19,word
2173,entire,19,word
2174,established,19,word
2175,scenario,19,word
2176,length,19,word
2177,shown,19,word
2178,classical,19,word
2179,deal,19,word
2180,going,19,word
2181,intergroup,19,word
2182,bequest,19,word
2183,lie,19,word
2184,apprenticeship,19,word
2185,upstream,19,word
2186,category,19,word
2187,priz,19,word
2188,exacerbate,19,word
2189,fast,19,word
2190,prominent,19,word
2191,heavily,19,word
2192,neither,19,word
2193,seeker,19,word
2194,advice,19,word
2195,check,19,word
2196,technique,19,word
2197,ensure,19,word
2198,sibling,19,word
2199,removal,19,word
2200,newspaper,19,word
2201,sparse,19,word
2202,analytical,19,word
2203,efficacy,19,word
2204,recognition,19,word
2205,digit,19,word
2206,passive,18,word
2207,simulated,18,word
2208,keep,18,word
2209,extract,18,word
2210,declined,18,word
2211,attempt,18,word
2212,arising,18,word
2213,unrelated,18,word
2214,monitor,18,word
2215,partisan,18,word
2216,factory,18,word
2217,resort,18,word
2218,suffer,18,word
2219,chance,18,word
2220,excessive,18,word
2221,longitudinal,18,word
2222,ideology,18,word
2223,incentivized,18,word
2224,transplant,18,word
2225,locally,18,word
2226,therapy,18,word
2227,jump,18,word
2228,elicit,18,word
2229,sort,18,word
2230,departure,18,word
2231,bureaucracy,18,word
2232,whenever,18,word
2233,rationale,18,word
2234,extending,18,word
2235,treat,18,word
2236,regulating,18,word
2237,administration,18,word
2238,depending,18,word
2239,define,18,word
2240,distress,18,word
2241,happiness,18,word
2242,ending,18,word
2243,microenterprise,18,word
2244,represented,18,word
2245,monte,18,word
2246,carlo,18,word
2247,seek,18,word
2248,former,18,word
2249,ranked,18,word
2250,correction,18,word
2251,responsive,18,word
2252,north,18,word
2253,percentile,18,word
2254,neglect,18,word
2255,revealing,18,word
2256,think,18,word
2257,trigger,18,word
2258,visit,18,word
2259,six,18,word
2260,reciprocity,18,word
2261,round,18,word
2262,disproportionately,18,word
2263,completion,18,word
2264,comovement,18,word
2265,wait,18,word
2266,automatic,18,word
2267,conclude,18,word
2268,gift,18,word
2269,contraction,18,word
2270,reject,18,word
2271,substitutability,18,word
2272,enhancing,18,word
2273,replacement,18,word
2274,metaanalysis,18,word
2275,municipal,18,word
2276,accept,18,word
2277,colonial,18,word
2278,whereby,18,word
2279,amazon,18,word
2280,monthly,18,word
2281,reminder,18,word
2282,capita,18,word
2283,detecting,18,word
2284,seed,18,word
2285,criteria,18,word
2286,visual,18,word
2287,neural,18,word
2288,focused,18,word
2289,disorder,18,word
2290,automobile,18,word
2291,monopolist,18,word
2292,precision,17,word
2293,sub,17,word
2294,faced,17,word
2295,nineteenth,17,word
2296,mobilization,17,word
2297,deferred,17,word
2298,accurate,17,word
2299,sugar,17,word
2300,delivery,17,word
2301,maternal,17,word
2302,pakistan,17,word
2303,greatly,17,word
2304,mismatch,17,word
2305,overreaction,17,word
2306,revision,17,word
2307,reaction,17,word
2308,slightly,17,word
2309,achieved,17,word
2310,swedish,17,word
2311,considering,17,word
2312,criterion,17,word
2313,sold,17,word
2314,duty,17,word
2315,maintain,17,word
2316,impatience,17,word
2317,explicitly,17,word
2318,blood,17,word
2319,name,17,word
2320,operator,17,word
2321,studied,17,word
2322,homogeneous,17,word
2323,pharmaceutical,17,word
2324,desired,17,word
2325,maxmin,17,word
2326,definition,17,word
2327,coordinated,17,word
2328,realistic,17,word
2329,frictional,17,word
2330,carry,17,word
2331,accounted,17,word
2332,agenda,17,word
2333,custom,17,word
2334,affordable,17,word
2335,restricted,17,word
2336,planning,17,word
2337,spent,17,word
2338,see,17,word
2339,conviction,17,word
2340,leisure,17,word
2341,introduced,17,word
2342,inducing,17,word
2343,protocol,17,word
2344,illegal,17,word
2345,healthcare,17,word
2346,optimum,17,word
2347,isolate,17,word
2348,solely,17,word
2349,staggered,17,word
2350,estate,17,word
2351,centrality,17,word
2352,len,17,word
2353,stay,17,word
2354,assistance,17,word
2355,unconfoundedness,17,word
2356,supported,17,word
2357,want,17,word
2358,dynamically,17,word
2359,gentrification,17,word
2360,rebate,17,word
2361,populism,17,word
2362,misconduct,17,word
2363,immunization,17,word
2364,analyz,16,word
2365,artificial,16,word
2366,frequent,16,word
2367,actually,16,word
2368,marketing,16,word
2369,achieving,16,word
2370,aged,16,word
2371,starting,16,word
2372,add,16,word
2373,material,16,word
2374,borrow,16,word
2375,unlikely,16,word
2376,paired,16,word
2377,diverse,16,word
2378,wisdom,16,word
2379,inside,16,word
2380,rct,16,word
2381,underestimate,16,word
2382,release,16,word
2383,ramsey,16,word
2384,device,16,word
2385,arrangement,16,word
2386,selecting,16,word
2387,disappointment,16,word
2388,cancer,16,word
2389,assign,16,word
2390,absent,16,word
2391,deception,16,word
2392,collect,16,word
2393,facebook,16,word
2394,groundwater,16,word
2395,scarcity,16,word
2396,regularity,16,word
2397,dealer,16,word
2398,unrestricted,16,word
2399,arrow,16,word
2400,drought,16,word
2401,generic,16,word
2402,expect,16,word
2403,traded,16,word
2404,predominantly,16,word
2405,pronounced,16,word
2406,legacy,16,word
2407,clear,16,word
2408,profitable,16,word
2409,contrary,16,word
2410,progressive,16,word
2411,pharmacy,16,word
2412,wholesale,16,word
2413,challenging,16,word
2414,hedging,16,word
2415,believe,16,word
2416,highlighting,16,word
2417,determinacy,16,word
2418,mix,16,word
2419,qualitative,16,word
2420,robustly,16,word
2421,enter,16,word
2422,put,16,word
2423,adversarial,16,word
2424,validate,16,word
2425,scaling,16,word
2426,fair,16,word
2427,depress,16,word
2428,mind,16,word
2429,expansionary,16,word
2430,policing,16,word
2431,restaurant,16,word
2432,covered,16,word
2433,inefficiently,16,word
2434,fell,16,word
2435,database,16,word
2436,vanish,16,word
2437,traditionally,16,word
2438,incumbency,16,word
2439,disadvantage,16,word
2440,intangible,16,word
2441,naturally,16,word
2442,outlet,16,word
2443,tell,16,word
2444,invariant,16,word
2445,lumpy,16,word
2446,caste,16,word
2447,nonneutrality,16,word
2448,auto,16,word
2449,zlb,16,word
2450,utilitarian,16,word
2451,fraud,16,word
2452,era,16,word
2453,rose,16,word
2454,spell,16,word
2455,solar,16,word
2456,arbitrator,16,word
2457,deforestation,16,word
2458,abortion,16,word
2459,typical,15,word
2460,ethnicity,15,word
2461,anatomy,15,word
2462,urbanization,15,word
2463,subsidized,15,word
2464,cascade,15,word
2465,mouth,15,word
2466,generalization,15,word
2467,rationaliz,15,word
2468,relying,15,word
2469,expectancy,15,word
2470,destination,15,word
2471,abatement,15,word
2472,emotional,15,word
2473,considered,15,word
2474,instability,15,word
2475,depreciation,15,word
2476,incentivize,15,word
2477,western,15,word
2478,congress,15,word
2479,east,15,word
2480,west,15,word
2481,star,15,word
2482,securitization,15,word
2483,processing,15,word
2484,nationwide,15,word
2485,empowerment,15,word
2486,efficiently,15,word
2487,patronage,15,word
2488,mainly,15,word
2489,differently,15,word
2490,calculate,15,word
2491,disaggregated,15,word
2492,segment,15,word
2493,nevertheless,15,word
2494,unconstrained,15,word
2495,benefited,15,word
2496,lobbying,15,word
2497,envelope,15,word
2498,valence,15,word
2499,patience,15,word
2500,inattentive,15,word
2501,unlike,15,word
2502,allowed,15,word
2503,detect,15,word
2504,severity,15,word
2505,autoregressive,15,word
2506,orthogonal,15,word
2507,bridge,15,word
2508,enabling,15,word
2509,resulted,15,word
2510,arbitrarily,15,word
2511,operate,15,word
2512,menus,15,word
2513,happen,15,word
2514,italian,15,word
2515,numerical,15,word
2516,neutrality,15,word
2517,relax,15,word
2518,degroot,15,word
2519,rival,15,word
2520,flight,15,word
2521,meeting,15,word
2522,affiliation,15,word
2523,muslim,15,word
2524,considerable,15,word
2525,shaping,15,word
2526,worked,15,word
2527,licensing,15,word
2528,congo,15,word
2529,spouse,15,word
2530,elementary,15,word
2531,temptation,15,word
2532,producing,15,word
2533,lived,15,word
2534,precise,15,word
2535,promote,15,word
2536,voice,15,word
2537,town,15,word
2538,leakage,15,word
2539,unchanged,15,word
2540,maintenance,15,word
2541,nursing,15,word
2542,predictable,15,word
2543,opt,15,word
2544,legislation,15,word
2545,liquid,15,word
2546,bail,15,word
2547,backed,15,word
2548,lose,15,word
2549,guide,15,word
2550,surge,15,word
2551,clustering,15,word
2552,clustered,15,word
2553,marketplace,15,word
2554,stopping,15,word
2555,tree,15,word
2556,assigning,15,word
2557,uncovered,15,word
2558,merchant,15,word
2559,financed,15,word
2560,chile,15,word
2561,sleep,15,word
2562,anomaly,15,word
2563,remained,15,word
2564,skin,15,word
2565,pretrial,15,word
2566,poisson,15,word
2567,cooperative,15,word
2568,referral,15,word
2569,kin,15,word
2570,formalize,14,word
2571,absolute,14,word
2572,algorithmic,14,word
2573,introducing,14,word
2574,suggestive,14,word
2575,paradigm,14,word
2576,qualitatively,14,word
2577,partnership,14,word
2578,powerful,14,word
2579,quickly,14,word
2580,arrive,14,word
2581,financially,14,word
2582,translate,14,word
2583,closer,14,word
2584,treasury,14,word
2585,managed,14,word
2586,hired,14,word
2587,resolve,14,word
2588,exert,14,word
2589,site,14,word
2590,reflecting,14,word
2591,mild,14,word
2592,multiplicity,14,word
2593,danish,14,word
2594,payout,14,word
2595,delayed,14,word
2596,politically,14,word
2597,easily,14,word
2598,reverse,14,word
2599,mitigating,14,word
2600,optimism,14,word
2601,strictly,14,word
2602,computing,14,word
2603,easy,14,word
2604,pivotal,14,word
2605,duality,14,word
2606,shipping,14,word
2607,understood,14,word
2608,enhanced,14,word
2609,descriptive,14,word
2610,neoclassical,14,word
2611,usual,14,word
2612,involved,14,word
2613,siz,14,word
2614,keeping,14,word
2615,phenomenon,14,word
2616,count,14,word
2617,chicago,14,word
2618,verify,14,word
2619,ultimately,14,word
2620,validation,14,word
2621,branch,14,word
2622,discourage,14,word
2623,dominated,14,word
2624,stated,14,word
2625,commercial,14,word
2626,mover,14,word
2627,residual,14,word
2628,performing,14,word
2629,upgrading,14,word
2630,vat,14,word
2631,twice,14,word
2632,closely,14,word
2633,distorted,14,word
2634,openness,14,word
2635,graduate,14,word
2636,indicating,14,word
2637,dialysis,14,word
2638,medicine,14,word
2639,mid,14,word
2640,shrink,14,word
2641,tested,14,word
2642,correctly,14,word
2643,innovative,14,word
2644,earned,14,word
2645,cent,14,word
2646,distortionary,14,word
2647,operation,14,word
2648,similarly,14,word
2649,motor,14,word
2650,thought,14,word
2651,color,14,word
2652,opening,14,word
2653,already,14,word
2654,var,14,word
2655,interview,14,word
2656,peak,14,word
2657,slavery,14,word
2658,chapter,14,word
2659,reputational,14,word
2660,fake,14,word
2661,tendency,14,word
2662,extra,14,word
2663,stratification,14,word
2664,massachusett,14,word
2665,creating,14,word
2666,symmetry,14,word
2667,blackwell,14,word
2668,importantly,14,word
2669,infer,14,word
2670,simplicity,14,word
2671,indirectly,14,word
2672,ruler,14,word
2673,solving,14,word
2674,microstructure,14,word
2675,beneficiary,14,word
2676,synergy,14,word
2677,client,14,word
2678,shorter,14,word
2679,autonomy,14,word
2680,extortion,14,word
2681,diversion,14,word
2682,esteem,14,word
2683,hypothetical,14,word
2684,tion,14,word
2685,decompose,14,word
2686,ssi,14,word
2687,particulate,14,word
2688,evaluator,14,word
2689,surrogate,14,word
2690,myopia,13,word
2691,capturing,13,word
2692,entrepreneurial,13,word
2693,operating,13,word
2694,getting,13,word
2695,gradual,13,word
2696,negotiate,13,word
2697,saharan,13,word
2698,parsimonious,13,word
2699,failed,13,word
2700,supporting,13,word
2701,graduation,13,word
2702,cover,13,word
2703,grid,13,word
2704,psychosocial,13,word
2705,rapid,13,word
2706,lecture,13,word
2707,captured,13,word
2708,russian,13,word
2709,engaged,13,word
2710,imposed,13,word
2711,embed,13,word
2712,utilization,13,word
2713,son,13,word
2714,thing,13,word
2715,normative,13,word
2716,goe,13,word
2717,deadweight,13,word
2718,displaced,13,word
2719,occurred,13,word
2720,relief,13,word
2721,seat,13,word
2722,ground,13,word
2723,opponent,13,word
2724,instance,13,word
2725,proportional,13,word
2726,aggregated,13,word
2727,computationally,13,word
2728,admit,13,word
2729,completely,13,word
2730,subgame,13,word
2731,deviate,13,word
2732,assuming,13,word
2733,imposing,13,word
2734,simpler,13,word
2735,settlement,13,word
2736,dampen,13,word
2737,accumulate,13,word
2738,weaken,13,word
2739,randomness,13,word
2740,generically,13,word
2741,entirely,13,word
2742,fragile,13,word
2743,convexity,13,word
2744,regular,13,word
2745,lineage,13,word
2746,discounted,13,word
2747,guideline,13,word
2748,abroad,13,word
2749,inflow,13,word
2750,hedonic,13,word
2751,monotonic,13,word
2752,issuance,13,word
2753,drilling,13,word
2754,proposal,13,word
2755,exam,13,word
2756,elastic,13,word
2757,examining,13,word
2758,insure,13,word
2759,repression,13,word
2760,actor,13,word
2761,constructing,13,word
2762,framing,13,word
2763,canada,13,word
2764,uninsurable,13,word
2765,appropriate,13,word
2766,capability,13,word
2767,stagnation,13,word
2768,adding,13,word
2769,trajectory,13,word
2770,scanner,13,word
2771,hispanic,13,word
2772,daily,13,word
2773,aging,13,word
2774,serial,13,word
2775,protect,13,word
2776,distinguishing,13,word
2777,spot,13,word
2778,killing,13,word
2779,aware,13,word
2780,haven,13,word
2781,rainfall,13,word
2782,guaranteed,13,word
2783,jewish,13,word
2784,valued,13,word
2785,characteriz,13,word
2786,nurture,13,word
2787,electronic,13,word
2788,board,13,word
2789,suitable,13,word
2790,entitlement,13,word
2791,favour,13,word
2792,payroll,13,word
2793,bureaucratic,13,word
2794,nazi,13,word
2795,justify,13,word
2796,japan,13,word
2797,multivariate,13,word
2798,uniquely,13,word
2799,decentralization,13,word
2800,engel,13,word
2801,irrigation,13,word
2802,colleague,13,word
2803,code,13,word
2804,england,13,word
2805,perfectly,13,word
2806,classroom,13,word
2807,discretionary,13,word
2808,counterparty,13,word
2809,propagate,13,word
2810,brownian,13,word
2811,surpluse,13,word
2812,certification,13,word
2813,convenience,13,word
2814,stackelberg,13,word
2815,ukrainian,13,word
2816,veteran,13,word
2817,anonymous,12,word
2818,map,12,word
2819,implementable,12,word
2820,simply,12,word
2821,periphery,12,word
2822,religiosity,12,word
2823,characterizing,12,word
2824,seeding,12,word
2825,posted,12,word
2826,seemingly,12,word
2827,ineffective,12,word
2828,parenting,12,word
2829,focuse,12,word
2830,republican,12,word
2831,deceased,12,word
2832,adopting,12,word
2833,predicting,12,word
2834,alter,12,word
2835,unless,12,word
2836,obligation,12,word
2837,disentangle,12,word
2838,prosociality,12,word
2839,block,12,word
2840,hacking,12,word
2841,decomposing,12,word
2842,mitigation,12,word
2843,creative,12,word
2844,outsourcing,12,word
2845,retain,12,word
2846,fomc,12,word
2847,emphasiz,12,word
2848,phenomena,12,word
2849,verifiable,12,word
2850,younger,12,word
2851,ladder,12,word
2852,denmark,12,word
2853,door,12,word
2854,korea,12,word
2855,friend,12,word
2856,strategically,12,word
2857,irrelevant,12,word
2858,software,12,word
2859,matrice,12,word
2860,transplantation,12,word
2861,kernel,12,word
2862,fourth,12,word
2863,sophistication,12,word
2864,coarse,12,word
2865,nest,12,word
2866,perturbation,12,word
2867,fear,12,word
2868,dependency,12,word
2869,vocational,12,word
2870,requiring,12,word
2871,hank,12,word
2872,repeatedly,12,word
2873,intuitive,12,word
2874,noncognitive,12,word
2875,copyright,12,word
2876,italy,12,word
2877,television,12,word
2878,attractive,12,word
2879,aca,12,word
2880,sustainability,12,word
2881,distributed,12,word
2882,gold,12,word
2883,reorganization,12,word
2884,influential,12,word
2885,stickiness,12,word
2886,multisector,12,word
2887,soft,12,word
2888,ordering,12,word
2889,supervisor,12,word
2890,unexpected,12,word
2891,hyperbolic,12,word
2892,baby,12,word
2893,interpreted,12,word
2894,plausibly,12,word
2895,portion,12,word
2896,perceive,12,word
2897,replacing,12,word
2898,endogeneity,12,word
2899,aggregating,12,word
2900,imperfectly,12,word
2901,needed,12,word
2902,nonemployment,12,word
2903,station,12,word
2904,tighter,12,word
2905,immediately,12,word
2906,honest,12,word
2907,childcare,12,word
2908,adjusting,12,word
2909,variability,12,word
2910,internalize,12,word
2911,triggered,12,word
2912,eligible,12,word
2913,wal,12,word
2914,mart,12,word
2915,constrain,12,word
2916,unsecured,12,word
2917,say,12,word
2918,refund,12,word
2919,truth,12,word
2920,combinatorial,12,word
2921,freedom,12,word
2922,buying,12,word
2923,justified,12,word
2924,oligopolistic,12,word
2925,satisfied,12,word
2926,abuse,12,word
2927,transitional,12,word
2928,unbounded,12,word
2929,shrinkage,12,word
2930,outperform,12,word
2931,intrinsic,12,word
2932,investigation,12,word
2933,spurious,12,word
2934,censorship,12,word
2935,embodied,12,word
2936,classification,12,word
2937,nonprofit,12,word
2938,ignore,12,word
2939,engagement,12,word
2940,disturbance,12,word
2941,bracketing,12,word
2942,augmenting,12,word
2943,connectivity,12,word
2944,neighbour,12,word
2945,running,12,word
2946,preserving,12,word
2947,soldier,12,word
2948,republic,12,word
2949,misinformation,12,word
2950,conservation,12,word
2951,forest,12,word
2952,brain,12,word
2953,influenced,12,word
2954,lakisha,12,word
2955,ambulance,12,word
2956,universalism,12,word
2957,serfdom,12,word
2958,bison,12,word
2959,smoothness,11,word
2960,drawing,11,word
2961,piece,11,word
2962,compromise,11,word
2963,farming,11,word
2964,sent,11,word
2965,rejected,11,word
2966,aimed,11,word
2967,dynamism,11,word
2968,exogenously,11,word
2969,disclose,11,word
2970,enroll,11,word
2971,socio,11,word
2972,collaboration,11,word
2973,iteration,11,word
2974,territory,11,word
2975,acquired,11,word
2976,bear,11,word
2977,aim,11,word
2978,democrat,11,word
2979,insensitive,11,word
2980,preserve,11,word
2981,geographically,11,word
2982,transmitted,11,word
2983,persistently,11,word
2984,depressed,11,word
2985,con,11,word
2986,vast,11,word
2987,essentially,11,word
2988,illiquid,11,word
2989,forecaster,11,word
2990,yielding,11,word
2991,concave,11,word
2992,semi,11,word
2993,transitory,11,word
2994,mammogram,11,word
2995,poorer,11,word
2996,recovered,11,word
2997,indeed,11,word
2998,ate,11,word
2999,entropy,11,word
3000,arm,11,word
3001,permit,11,word
3002,probabilistic,11,word
3003,simulate,11,word
3004,communicate,11,word
3005,analytically,11,word
3006,transparent,11,word
3007,described,11,word
3008,thousand,11,word
3009,martingale,11,word
3010,manage,11,word
3011,waitlist,11,word
3012,forecasting,11,word
3013,transform,11,word
3014,individualism,11,word
3015,strengthen,11,word
3016,bring,11,word
3017,aftermarket,11,word
3018,resale,11,word
3019,elicited,11,word
3020,win,11,word
3021,differentially,11,word
3022,trace,11,word
3023,specified,11,word
3024,favorable,11,word
3025,predetermined,11,word
3026,estimand,11,word
3027,coincide,11,word
3028,axiomatic,11,word
3029,herding,11,word
3030,spreading,11,word
3031,independently,11,word
3032,prize,11,word
3033,counterpart,11,word
3034,nontradable,11,word
3035,procyclical,11,word
3036,spectrum,11,word
3037,affiliated,11,word
3038,invariance,11,word
3039,begin,11,word
3040,theoretic,11,word
3041,inelastic,11,word
3042,love,11,word
3043,lowest,11,word
3044,imprisonment,11,word
3045,postwar,11,word
3046,prompt,11,word
3047,opposed,11,word
3048,lying,11,word
3049,division,11,word
3050,reproduce,11,word
3051,attrition,11,word
3052,negotiated,11,word
3053,clearing,11,word
3054,unclear,11,word
3055,shortage,11,word
3056,macroeconomy,11,word
3057,randomize,11,word
3058,sourcing,11,word
3059,split,11,word
3060,invention,11,word
3061,exclusively,11,word
3062,front,11,word
3063,bandwidth,11,word
3064,vulnerable,11,word
3065,facilitating,11,word
3066,arrest,11,word
3067,vaccine,11,word
3068,infection,11,word
3069,notch,11,word
3070,taxing,11,word
3071,inter,11,word
3072,injection,11,word
3073,exporting,11,word
3074,alternating,11,word
3075,tolerance,11,word
3076,employing,11,word
3077,swap,11,word
3078,dice,11,word
3079,biological,11,word
3080,subsequently,11,word
3081,ordinal,11,word
3082,pooling,11,word
3083,appointment,11,word
3084,subsidizing,11,word
3085,unilateral,11,word
3086,considerably,11,word
3087,anchoring,11,word
3088,smoking,11,word
3089,switzerland,11,word
3090,geographical,11,word
3091,prenatal,11,word
3092,digitized,11,word
3093,align,11,word
3094,additive,11,word
3095,oligopsony,11,word
3096,correlate,11,word
3097,falsification,11,word
3098,spectral,11,word
3099,usage,11,word
3100,hysteresis,11,word
3101,registry,11,word
3102,liquidation,11,word
3103,privilege,11,word
3104,believed,11,word
3105,deter,11,word
3106,membership,11,word
3107,defendant,11,word
3108,pessimism,11,word
3109,programme,11,word
3110,markdown,11,word
3111,uber,11,word
3112,lemon,11,word
3113,shooting,11,word
3114,detention,11,word
3115,vulnerability,11,word
3116,observability,11,word
3117,smallest,11,word
3118,japanese,11,word
3119,storage,11,word
3120,pain,11,word
3121,overdose,11,word
3122,oxycontin,11,word
3123,lunch,11,word
3124,roman,11,word
3125,ukraine,11,word
3126,britain,11,word
3127,discourse,11,word
3128,necessity,11,word
3129,hinterland,11,word
3130,lyft,11,word
3131,undermining,11,word
3132,libor,11,word
3133,shop,11,word
3134,suppression,10,word
3135,taylor,10,word
3136,sustain,10,word
3137,modified,10,word
3138,slowly,10,word
3139,acquiring,10,word
3140,doubling,10,word
3141,remarkably,10,word
3142,sure,10,word
3143,reliance,10,word
3144,satellite,10,word
3145,push,10,word
3146,rollover,10,word
3147,word,10,word
3148,ordered,10,word
3149,victim,10,word
3150,eight,10,word
3151,interested,10,word
3152,stimulation,10,word
3153,ongoing,10,word
3154,nearby,10,word
3155,supplemental,10,word
3156,precisely,10,word
3157,unbiased,10,word
3158,inclusion,10,word
3159,specificity,10,word
3160,english,10,word
3161,govern,10,word
3162,intense,10,word
3163,breast,10,word
3164,lean,10,word
3165,localized,10,word
3166,hourly,10,word
3167,individually,10,word
3168,assessing,10,word
3169,unconditional,10,word
3170,undermine,10,word
3171,presented,10,word
3172,implementing,10,word
3173,subnetwork,10,word
3174,combat,10,word
3175,slack,10,word
3176,theta,10,word
3177,serving,10,word
3178,reflected,10,word
3179,setup,10,word
3180,uniqueness,10,word
3181,divide,10,word
3182,flexibly,10,word
3183,attenuate,10,word
3184,canal,10,word
3185,entering,10,word
3186,consist,10,word
3187,phone,10,word
3188,subsistence,10,word
3189,regulated,10,word
3190,certainty,10,word
3191,generaliz,10,word
3192,proximity,10,word
3193,topology,10,word
3194,seem,10,word
3195,mexican,10,word
3196,uganda,10,word
3197,entrant,10,word
3198,partisanship,10,word
3199,bill,10,word
3200,countercyclical,10,word
3201,reallocating,10,word
3202,purpose,10,word
3203,clock,10,word
3204,applicable,10,word
3205,spike,10,word
3206,clientelism,10,word
3207,sierra,10,word
3208,leone,10,word
3209,microeconomic,10,word
3210,dyadic,10,word
3211,gradient,10,word
3212,pilot,10,word
3213,searching,10,word
3214,highway,10,word
3215,holdup,10,word
3216,backlash,10,word
3217,generalize,10,word
3218,outweigh,10,word
3219,merit,10,word
3220,warning,10,word
3221,indicator,10,word
3222,contributing,10,word
3223,amplified,10,word
3224,survivor,10,word
3225,billing,10,word
3226,competitiveness,10,word
3227,contamination,10,word
3228,squared,10,word
3229,grading,10,word
3230,gasoline,10,word
3231,integrate,10,word
3232,integrating,10,word
3233,loop,10,word
3234,inclusive,10,word
3235,preexisting,10,word
3236,experiencing,10,word
3237,church,10,word
3238,correspond,10,word
3239,expertise,10,word
3240,randomizing,10,word
3241,stone,10,word
3242,ltv,10,word
3243,chronic,10,word
3244,otc,10,word
3245,occasionally,10,word
3246,imprecise,10,word
3247,deterministic,10,word
3248,reaching,10,word
3249,mediated,10,word
3250,dutch,10,word
3251,attain,10,word
3252,topic,10,word
3253,literacy,10,word
3254,tradition,10,word
3255,veto,10,word
3256,proposer,10,word
3257,slowdown,10,word
3258,swiss,10,word
3259,invoicing,10,word
3260,pessimistic,10,word
3261,perpetrator,10,word
3262,bertrand,10,word
3263,strengthening,10,word
3264,vice,10,word
3265,versa,10,word
3266,expanded,10,word
3267,prudential,10,word
3268,entail,10,word
3269,organ,10,word
3270,addressing,10,word
3271,hump,10,word
3272,unaffected,10,word
3273,euro,10,word
3274,tradeoff,10,word
3275,bitcoin,10,word
3276,soil,10,word
3277,tight,10,word
3278,ignoring,10,word
3279,nonfinancial,10,word
3280,chief,10,word
3281,causing,10,word
3282,termination,10,word
3283,disappear,10,word
3284,allowance,10,word
3285,onto,10,word
3286,waste,10,word
3287,arsenic,10,word
3288,dementia,10,word
3289,gradualism,10,word
3290,festival,10,word
3291,motion,10,word
3292,broker,10,word
3293,rollout,10,word
3294,salvador,10,word
3295,wetland,10,word
3296,behave,10,word
3297,inform,10,word
3298,subgroup,10,word
3299,fallacy,10,word
3300,loser,10,word
3301,payday,10,word
3302,benchmarking,10,word
3303,graphon,10,word
3304,noncompete,10,word
3305,walrasian,10,word
3306,maltreatment,10,word
3307,repo,10,word
3308,specialty,10,word
3309,restorative,10,word
3310,reproductive,10,word
3311,pastoralism,10,word
