Title,Abstract,Year,Author,Keywords,Journal,CLC,Record_ID
马克思国家学说的演进逻辑,"马克思从法哲学对国家问题的研究中发现了更为基础的市民社会问题,同时从哲学人类学研究中发现了市民社会中现实的人,以之为历史哲学批判的基点,创立了历史唯物主义的国家学说。马克思将其落实在具体历史研究中,在通过政治经济学研究资本主义社会后,试图以此为基点进一步研究资产阶级国家。此后政治经济学批判标志着马克思完成从思辨哲学到实证科学的总体演进。马克思显然已经准备进行实证人类学和历史科学批判,至于实证法学批判,事实上也在进行中。从系统的角度来说,马克思的国家学说经历了市民社会、现实的人、经济基础、资本主义社会四个基点的演进,同时经历了法哲学批判、哲学人类学批判、历史哲学批判、政治经济学批判四个基本阶段的演进,概括起来就是经历了从思辨哲学批判到实证科学批判的演进。",2025,程广云,马克思国家学说;法哲学批判;人类学批判;历史唯物主义;政治经济学批判,中国社会科学,,CSS_2b7ec8e0d3bf
经济法中的时间秩序,"时间是经济法存在的构成性要素,时间影响、决定、规范着经济法的整个运行过程。经济法具有突出的时间性特征,需要根据经济发展的具体情势因时而立、适时更新,需要将有关时间的观念、功能、规范等要素纳入考量范围并形成规范的时间秩序。经济法应通过线性时间观来塑造其动态性、积极促进性、系统性,通过标准时间和弹性时间相结合的时间观来维护其同步性、协调性、灵活性、回应性。时间在经济法实施中承担着干预语境确定、干预制度联结和干预行为协调等功能。经济法中的时间规范通过时间性政策和时间性法律来呈现,包括时间效力规范、时限期间规范、时间压缩规范和时间延展规范。以信赖利益、当下利益和未来利益的联动保护为目标,以效率提升为价值引领实现时间的科学配置,是经济法中时间秩序建构的法治原理。",2025,靳文辉,经济法;时间秩序;时间性政策;时间性法律;时间性特征,中国社会科学,,CSS_ab57a1bff01f
中国农业起源与早期农业文化格局的形成,"迄今为止,中国南稻、北粟(黍)农业遗存的最早考古证据分别见于距今一万年前后钱塘江流域的上山文化和华北北部的东胡林文化。在此基础上,还应该关注环境条件相似、地域范围更广的长江中下游平原南端和华北平原北端的两个“侧翼丘陵区”,这两个狭长地带都有可能是农业的最初发源地。经过新石器时代早期农业缓慢的发展,到新石器时代中期前段,随着全新世大暖期降临、气候转暖,南、北方农业迅速发展、传播,有农业经济的文化很快遍布北起辽河、南抵南岭—武夷山北麓连片的平原丘陵地带,到中期后段又扩散到西侧的黄土高原和两湖地区西侧的山地,初步形成网络状的中国早期农业文化的基本格局。在这些早期农业文化中,种植农业大多尚未成为主导性经济,但在较成熟的定居聚落中往往已是较为重要甚至不可或缺的生业资源,这样的社会可称为“农业依赖型社会”。",2025,戴向明,农业起源;南稻北粟;中间型经济;农业依赖型社会;农业文化格局,中国社会科学,,CSS_dbd64a67ac5f
中国正义理论建构:文化根脉、社会根基和基本议题,"建构中国的正义理论,不仅是政治哲学学科迅速发展的理论需求,更是社会主义市场经济和法治社会建设实践的迫切要求。中西不同的文化根脉和历史路径孕育了两种截然不同的现代化模式,不仅导致中西正义观念的价值分野,也造成中西正义理论与实践范式的区别。近代中国社会的现代化转型,为理解中西正义观念的差异提供了社会根基。社会主义市场经济与资本主义市场经济的本质差异,决定了中西正义理念与实践的根本分歧。建构与中国特色社会主义市场经济相适应的正义理论,需要立足于中国式现代化的实践场域,以马克思主义科学方法论为统领,充分挖掘中华优秀传统文化资源,深入研究以应得正义原则为基本议题的系列问题,形成中国的正义理论体系和话语体系。",2025,王新生,正义理论;中华文化;社会变迁;市场经济;应得正义,中国社会科学,,CSS_172d283e7307
中坚国家在大国互动下的行为逻辑,"兼具中等至中上综合实力、重要地区影响力及一定战略自主性的国家群体直接牵动国际格局的演变,国际关系理论中的既有概念难以系统解释这类国家的行为逻辑。中坚国家概念的提出,将次大国、中等强国与地区大国概念指涉的国家纳入共同的分析范畴,可在此基础上构建包含中坚国家对其追随霸权国的收益认知及对其地区主导性受崛起国影响的认知的理论框架。中坚国家的行为呈现四种可识别的模式:一是全球及地区层面主动追随霸权国;二是全球层面主动追随霸权国;三是地区层面主动制衡崛起国;四是全球及地区层面与崛起国合作。中坚国家在现行国际格局中的差异性战略行为展示了其在全球及地区两个层面具体战略定位的共同作用,崛起国应据此实施更具针对性的战略布局。",2025,高程,中坚国家;地区大国;中等强国;大国互动;大国崛起,中国社会科学,,CSS_1c5de537ebba
解析中国式现代化的政治之维,"现代化是以工业化为基础的系统性社会变革。在现代化逐渐向全球扩展的过程中,不同国家形成了不同的模式。中国作为后来者,成功推进和拓展了既有各国现代化的共同特征,更有基于自己国情的中国特色的中国式现代化。然而,在解释中国现代化成就的国际学术讨论中,政治的作用通常被忽略,或者被“中国特色”一笔带过。实际上,在政党—国家—政府—社会的政治分析框架中,以国家现代化为总目标的“使命型政党”“自主性国家”“有为型政府”及其在与社会互动的整体效用下所形成的适应性治理,可以被视为解释中国式现代化顺利推进的制度原因。中国的现代化成就不仅与既有知识体系相互印证,而且在政党建设、国家建设、政府建设、社会建设等方面为后发国家的政治制度建设提供了镜鉴。",2025,燕继荣;李修科,中国式现代化;使命型政党;自主性国家;有为型政府;适应性治理,中国社会科学,,CSS_6fab2589308f
中国式现代化的逻辑理路及其世界意义,"现代化是特定主体在多样领域推动现代性变革的系统过程,相同的要素构成与不同的组合配置从根本上塑造了世界现代化的共同特征和各国现代化的多彩图景。探究中国式现代化与世界现代化之间的关系,必须立足共性与个性有机统一的现代化辩证法,聚焦塑造现代化基本形态的构成要素,从现代化要素构成的相似性与取值的差异性视角加以考察。因此,统筹历史、人民、政党、国家、社会等多重维度,以始发坐标、发展旨归、领导力量、实现载体、实践形态为基本要素,考察中国式现代化“从何而发”的历史逻辑、“为何而生”的人民逻辑、“因何而兴”的政党逻辑、“依何而存”的国家逻辑以及“向何而进”的社会逻辑,以此为系统论析中国式现代化的逻辑理路提供一个学理化体系化的分析框架。",2025,吴志成,世界现代化;中国式现代化;西方现代化;逻辑理路,中国社会科学,,CSS_625209ed5fd1
依附论的成败对建构中国自主知识体系的启示,"建构自主知识体系,离不开建构自主的理论体系。纵观近现代哲学社会科学的历程,拉丁美洲国家提出的依附论可谓是发展中国家成功建构自主理论体系的先例。其成功并不意味着依附论取代了西方的现代化理论,而是指学者们建构了一个能与西方现代化理论分庭抗礼、自圆其说的理论,并将其进行了成功的国际传播;其在理论上的缺陷与实践上的失败则意味着,如同西方现代化理论,它也不能解释中国式现代化的成就。但从知识生产与理论创新的逻辑来看,依附论的成败启示我们,建构自主知识体系需要处理好理论与实践之间的辩证关系,重视理论创新与知识积累、传承之间的关系,创造适应于自主知识生产的学术组织形态,发挥国际学术出版、国际学术合作等在学术传播中的重要作用。",2025,钟杨,自主知识体系;依附论;中国式现代化;西方现代化理论;马克思主义,中国社会科学,,CSS_3b7baafb6e9b
马克思恩格斯的空间思想,"空间既是物质的客观存在方式,也是社会关系的历史性建构与文明发展的重要载体。马克思恩格斯从唯物史观出发,深刻揭示了空间作为社会关系产物的社会属性,并将对空间的探讨延伸至对资本主义生产方式下空间形态塑造与社会矛盾的深度理论批判,展现了空间形态演变与社会矛盾的辩证关系。在阐述空间作为揭示社会历史发展规律及其演进机制的基础之上,以更为宽阔的视域对不同社会形态下的空间关系及空间变迁进行研究,探索东方社会依据自身空间特质的发展道路,探索超越资本主义空间异化的新路径。深入研究马克思恩格斯的空间思想,对于构建面向人类文明新形态的空间哲学具有理论意义。",2025,董慧,空间思想;唯物史观;政治经济学批判,中国社会科学,,CSS_28b96f8a4268
制度型开放的竞争法实现,"竞争法是改革开放的制度结晶。作为我国高水平开放的法治化表达,制度型开放蕴含深刻的竞争法哲理,体现了公平竞争理念及其规则不断深化的演进规律。当前竞争法的制度供给尚不足以有效支撑深化改革与扩大开放的双重需求。制度型开放具有竞争法属性、公平竞争特质及其竞争法运行逻辑。在理论层面,推进制度型开放的竞争法实现有两个维度:一是承接国际竞争规则,二是引领国际竞争规则。在实践层面,以竞争法治为核心的包容性开放方案更符合我国国情和发展趋势,竞争法治需要在治理规则、工具和机制诸方面进一步健全。在公平竞争原则基础上,通过国际竞争规则内化与国内竞争规则外化,完善竞争规则体系,优化竞争规制方法和管理工具,健全竞争标准体系,推动实现制度型开放。",2025,孙晋,制度型开放;竞争法;包容性开放;公平竞争理念;规则内化与外化,中国社会科学,,CSS_58c0c2ea6227
中国理论的实践辩证法,"中国理论特指中国共产党在引领中华民族迈向伟大复兴的历史实践活动中创立形成的思想理论结晶,中国化时代化的马克思主义是其集中体现。中国理论实现“解释”与“改变”辩证统一,把建设一个新世界的实践建立在深刻认知、遵循和运用历史规律之上,充分彰显科学理论先进性;秉承“拿来”与“化育”辩证统一,以高度的理论主体性自觉推动人类思想史上的精华在中华文明的土壤中生长养成;致力“特色”与“共同”辩证统一,立足中国实际回答世界之问,运用中国实践回应人类关切,通过鲜明特色确立起理论的普遍价值与世界历史性意义;践履“守正”与“创新”辩证统一,在坚持马克思主义立场观点方法坚定不移和解放思想与时俱进不断谱写理论新篇章的同频共振中开辟理论发展的正确路径。中国理论让“理论中的中国”站上真理和道义制高点,展现出强大精神力量。",2025,辛鸣,中国理论;中国化时代化的马克思主义;实践辩证法;理论自信,中国社会科学,,CSS_e9f64a3b8eb7
“集体”的渊源流变与中国社会的现代转型,"“集体”是理解中国社会现代转型的重要组织现象,也是理解中国社会总体气质的重要概念。这一语词随着新中国农业集体化历史进程的普遍展开有了具体的制度呈现。对“集体”问题展开历史社会学分析,可以揭示“集体”在马克思主义中国化进程中发挥的重要作用。20世纪50年代之后以制度化形态出现在乡村社会中的“集体”并非无源之水,它既内生于中国社会的历史渊源,又内嵌于国际共产主义运动的演化脉络,同时关涉社会再造、经济生产与组织动员三个基本面向。探讨“集体”得以生成的诸多社会历史条件,揭示“集体”所具有的总体史意义,有助于理解“集体”作为一种国家治理体制的历史逻辑及其蕴含的制度文明意义,更好把握马克思主义中国化时代化的社会过程。",2025,孟庆延,集体;合作;互助;中国社会,中国社会科学,,CSS_f29ba8f17d56
政治经济学批判语境中的社会认识论,"在哲学史上,马克思恩格斯变革近代西方认识论的主体—客体结构,形成了唯物史观视域中特定的把握社会意识和社会存在关系问题的社会认识论。在社会认识论的话语中,对政治经济学和黑格尔的双重批判,确立了作为“认识对象”的“资产阶级社会总体”。对“资产阶级社会总体”的揭示,必须从资产阶级社会的商品流通领域进入商品生产领域,由此把握资产阶级社会关系的本质规定。从认识结果来看,科学认识是一种对现实对象予以必要的悬置、将其在纯粹形式上揭示出来的过程,由此形成了对资本主义发展模式的阐释。这种认识论的理论生产,不但为我们测绘现实资本主义的发展规律和趋势提供参照,并且预示了资本主义内部所孕育的新社会的要素。",2025,袁立国,政治经济学批判;社会认识论;思想具体;现实具体,中国社会科学,,CSS_bd047a45bb8f
中国式现代化对科学社会主义的原创性贡献,"中国式现代化是科学社会主义的最新重大成果。马克思关于“跨越卡夫丁峡谷”的理论设想为深刻把握这一重大成果提供了基本理论参照。从现代化的“道路选择”来看,中国式现代化本质上是经济文化落后国家“跨越卡夫丁峡谷”而成功开辟的一条社会主义现代化新道路,破解了科学社会主义发展史上的重大难题。中国式现代化遵循科学社会主义的基本原则,既不走封闭僵化的老路,也不走改旗易帜的邪路,所创造的人类文明新形态是21世纪的社会主义文明形态。中国式现代化在科学社会主义发展史上具有里程碑意义,其所开创的人类文明新形态在社会主义文明发展史上也具有里程碑意义。",2025,唐爱军,“跨越卡夫丁峡谷”;中国式现代化;人类文明新形态;科学社会主义,中国社会科学,,CSS_c6ae7f9e083e
中国式现代化对现代性的超越,"现代性是西方国家在推进现代化进程中构建起的一整套价值理念,是现代化不同阶段所蕴含的内在精神。西方资本主义国家由于率先进行思想启蒙和工业革命,因而取得了优先定义现代化、现代性的话语权。中国式现代化作为一种新的现代性构建方案,摆脱对现代性的“依赖或脱钩”迷思,合理借鉴发扬现代性的科学与创新、民主、自由、平等与开放精神,又辩证地扬弃了现代性的西方中心主义偏见、制度偏见、价值偏见及生态非正义性等消极因素,自主探索出一条后发国家赶超型现代化的新道路。作为中国特色社会主义的新型现代化,中国式现代化从理论逻辑、价值逻辑、制度逻辑与生态文明等维度重新定义了现代化,实现了对现代性的解构与超越,打破了“现代化=西方化”的单一现代化叙事模式,展现了不同于西方现代化模式的新图景。",2025,李包庚,现代性;现代化;中国式现代化;资本主义;人类文明新形态,中国社会科学,,CSS_b12fe70c06a8
从“边城”建设到“环海边城链”——西亚北非城市带生成的历史源流,"在西亚北非沿线地区存在一条若隐若现的丝路城市带。这些城市构成了从北非沿海到西亚海滨的“环海边城链”,甚至深入至中亚腹地。阿拉伯帝国的边城起源可追溯至希腊化时期,受到了亚历山大希腊化城市、塞琉古商业—军事城邦、帕提亚自治城市以及萨珊王城的影响。边城是随着阿拉伯帝国的征服运动、为服务于帝国的军事扩张而出现的,其发展共分为两个阶段,即欧麦尔时期和奥斯曼之后的伍麦叶哈里发时期。这些城市在丝路贸易的联结和地方政权的支持下形成了一条横贯亚非大陆的城市带,由此构成了现代中亚、西亚和北非城市带的雏形和丝路城市文明的起源。商旅和学者以沿线城市为基地从事跨境贸易和文化交流,使得许多城市的经济和学术中心地位一直维持到现代,至今仍是所在国的历史文化名城。",2025,韩志斌;马峥嵘,西亚北非;丝路城市带;边城;边城体系;环海边城链,中国社会科学,,CSS_1b7de9af2fb0
通用人工智能时代的国际权力重塑,"生成式人工智能大模型技术不断突破,特别是开源模型引领的低成本、本地化垂端部署趋势,预示着通用人工智能(AGI)技术时代的开启。与以往任何技术不同,AGI将通过自主学习真正实现技术自创生,引发全球生产力与生产关系深刻而彻底的变革;凭借其高度通用性和跨域融合能力,在多个维度重塑国际权力结构,并引发传统意义上的国家间相互依赖关系发生变化。AGI极高的技术壁垒还将进一步增强全球权力的非对称性,带来国际权力结构出现新“极化”的潜在风险。尽管AGI的技术边界尚未明确,但因其强大的跨域融合能力,伴随其演进过程,开源与闭源人工智能技术生态之间的竞争将持续存在。与此同时,AGI所带来的技术复杂性和不确定性,将推动国际权力结构的深刻变革,并引发未来国际关系的“大转型”。",2025,余南平,通用人工智能(AGI);国际权力;技术自创生;技术复杂性;开源与闭源大模型,中国社会科学,,CSS_6b3c7cce20b9
智能时代的社会基本矛盾与社会发展动力,"人工智能作为一种革命性、颠覆性的高新技术,正在快速发展并广泛应用于经济、社会各个领域,掀起了一场空前的产业革命和社会变革,彻底改造、重塑了整个社会的基本面貌和形态。智能生产力的快速创新发展,驱动新型技术社会形态——智能社会——加速成型,但建基于工业社会的资本主义生产关系日益落后于智能生产力的发展水平,并进一步导致上层建筑体系越来越不适应经济基础的发展状况,反过来又严重地阻碍了智能生产力和智能社会的发展。解决智能时代的社会基本矛盾,需要在大力发展智能生产力的基础上,建立新型生产关系使之适应智能生产力的发展水平,变革上层建筑使之适应经济基础的发展状况,从而将智能社会的社会基本矛盾转化为强大的社会发展动力,推动智能社会的发展走上“快车道”,为新型的经济社会形态——共产主义社会——的到来奠定基础、创造条件。",2025,孙伟平,智能社会;智能生产力;社会基本矛盾;社会发展动力;共产主义社会,中国社会科学,,CSS_5a2f2735655d
行政规章与合同效力的关系,"排除行政规章对合同效力的适用是我国长期坚持的合同效力认定标准。但是,将行政规章的强制性规定也作为认定合同效力的法律依据才是正确的选择,这是民法典与其他法源协同治理复杂社会的必然。我国关于合同效力认定法律依据的规定存在冲突。允许适用作为非正式法源的习惯却排除适用作为正式法源的行政规章,违反了法源体系的位阶原则。允许适用公序良俗一般条款却排除适用行政规章具体条款,违反了“不得向一般条款逃逸”的法律适用基本原则。较为稳妥的方案是,不但将行政规章作为合同效力认定依据,而且将认定合同效力依据的“法律”范围扩大到《立法法》圈定的法律范围。",2025,梁上上,合同效力;行政规章;善良风俗;法源位阶;法律适用,中国社会科学,,CSS_de2349f7e11d
人工智能法律治理的路径拓展,"人工智能的法律治理正处在规则形成期。基于风险的法律治理路径的“简单化”与人工智能法律治理需求“复杂化”存在矛盾,我国既有立法实践进行的本土化改良仍无法克服其固有局限。随着我国人工智能法律治理进入系统集成阶段,围绕实现人工智能高质量发展和高水平安全良性互动的治理主旨,要引入适应性治理理念统筹安全发展,应对人工智能多重属性构成复杂系统的治理需求,并高度容纳技术发展的不确定性和未知前景。在此基础上构建具有适应性的人工智能法律治理框架、方案、工具,拓展形成符合我国本土制度环境、技术产业基础与发展目标的法律治理路径。",2025,张凌寒,人工智能立法;人工智能风险;分级分类;关键人工智能;适应性治理,中国社会科学,,CSS_860827cf7faa
超越项目制:中央倡导型政策试点的运行逻辑及制度基础,"党的十八大以来,中央不断完善现代财政体制并严格控制专项转移支付项目,以专项财政资金纵向配置为核心的项目制受到限制。在直接预算分配权受到约束的背景下,商务部等中央部门积极探索出一种不同于项目制的倡导型政策试点模式。该模式通过跨层级条块动员、全过程试点督导、诱致型创新支持等治理机制,成功解决地方试点激励不足、中央和地方试点信息不对称及试点创新能力不足问题,推动跨层级协同治理并顺利完成试点任务。倡导制对项目制的超越,是党的十八大以来国家治理模式重塑的结果,其最终成型,离不开中央有效调动地方政府与市场主体的积极性,实现“有效市场和有为政府”相结合。未来,中央倡导型试点或将与项目制并列共存、混合使用,并形成“中央倡导+省市项目制+基层治理”的纵向府际分工新形态。",2025,邱毅;郁建兴;叶志鹏,政策试点;倡导制;项目制;预算分配权;跨层级协同治理,中国社会科学,,CSS_061219248372
对“具体的总体”的前提性批判——论马克思社会研究方法的深层结构与科学性特征,"马克思从“抽象的规定”上升到“思想的具体”的社会研究方法,长期受到“实证主义”与“唯心主义”的多重误读。其根本原因在于马克思的社会研究成果是以“具体的总体”的形式表现出来的,而从“现实的具体”蒸发到“抽象的规定”的研究形式却无法同时显示出来。因此,需要在区分“现实的具体”“抽象的规定”“具体的总体”的基础上,批判性地揭示“具体的总体”的前提、形式与限度,以提炼与论证马克思社会研究方法的深层结构及其科学性特征。马克思的社会研究方法既是解构“资产阶级社会”的理论武器,又对中国式现代化道路具有不可替代的指导意义。",2025,王时中,现实的具体;抽象的规定;具体的总体;马克思社会研究方法;科学性,中国社会科学,,CSS_c27e51800976
资本主义与近代早期世界史宏大叙事,"资本主义的成长和发展是近代早期世界历史进程中的一个基本事实,对世界历史产生了重大而深远的影响。资本主义是历史研究中的一个重要概念,也是历史学者进行分析和批判的工具,马克思主义关于资本主义生产方式的理论在雇佣劳动、资本积累、商品生产、世界市场等方面的论述,是研究过去五个世纪世界历史的重要的理论指导。历史学需要宏大叙事,要围绕资本主义成长发展的线索来理解和认识近代早期世界史。马克思主义关于资本主义生产方式的理论,适合成为构建近代早期世界史宏大叙事的框架。",2024,俞金尧,资本主义;世界历史;近代早期;宏大叙事,中国社会科学,,CSS_7d977b6fa8d1
城市更新与共享社会发展,"随着城市快速发展,原有以推动经济增长为主导的发展模式出现较多问题。城市高质量发展是新发展格局的必然要求,城市更新是对既有城市区域、社区的干预和改造。一方面,城市更新被视为对城市发展出现的衰退或破败等问题的回应,有利于城市空间和经济的改善;另一方面,城市更新是对文化的传承和再造,是对社会关系的重整、修复和提升。城市更新的二元论视角存在局限,需转变为系统论视角,以多层次、多维度的动力和社群机制推动城市发展。城市容量不应只是空间和经济的改进,还应包括社会的全方位提升,以更好回应人民对美好生活的向往,推进人民城市建设。我国城市更新基于纵横交错的社会互动,以共享社会发展为根本目标,逐步形成立体的、多尺度的城市空间。",2024,黄晓星,城市更新;社会动力;社群机制;社会互动结构;共享社会发展,中国社会科学,,CSS_ca2d4167bcf9
“新的文化生命体”的内涵与特征——基于中国式现代化的视角,"习近平文化思想提出了“新的文化生命体”这一重大原创性和标识性概念。就其内涵来说,“新的文化生命体”是指经由“两个结合”而形成的“新文化”基础上所生成的中国式现代化的文化形态。一方面,马克思主义传入中国,为“新的文化生命体”注入了“魂脉”,使该文化生命体从其开端处便置身世界社会主义的运动之中,把实现人类的自由和解放作为目标,因而被赋予了“社会主义—共产主义”的根本性质。另一方面,这一“新的文化生命体”在坚守中华优秀传统文化“根脉”的基础上实现了对它的创造性转化和创新性发展,推进了中华文明的生命更新和现代转型。就其特征来说,它在传承中华文明连续性、创新性、统一性、包容性、和平性的总体性特征的基础上,形成三个具体特征,即文化主体性特征、文化辩证性特征以及文化普遍性特征。",2024,吴宏政,新的文化生命体;中国式现代化;文化主体性;文化辩证性;文化普遍性,中国社会科学,,CSS_d4c84f1c19f3
大变局背景下的国际商事仲裁:世界潮流与中国因应,"在世界百年未有之大变局的背景下,国际商事仲裁体系呈现出此消彼长中的格局变化、技术迭代中的业态调整、文化多样中的制度融合特征。体系变动促使国际商事仲裁制度调适,表现为在维护基本公正的前提下追求效率,在公私利益交融的过程中公共政策限制放松,在基于意思自治的前提下仲裁机构权力崛起。在大变局背景下,中国仲裁制度也迎来改革契机,改革的推进应在全面依法治国的要求下,克服仲裁过度行政化;在市场经济发展的内在需求下,解决仲裁工具化、行政化和地域化等问题;在参与全球治理中对标国际,助力高水平对外开放。在具体改革方略上,应围绕中国式现代化建设目标健全仲裁制度,以包容性立法完善制度体系,以中立性监管保障制度运行,以友好型司法筑牢制度底线。",2024,刘晓红;冯硕,大变局;涉外法治;国际商事仲裁;仲裁法;中国式现代化,中国社会科学,,CSS_bfc1cabdacc7
论社会法的本质属性,"作为七大法律部门之一和独立的法学二级学科,我国学术界对社会法的本质属性仍是众说纷纭,尚未达成统一的见解。体现社会法本质的基本范畴是社会保护、社会保障和社会促进,决定社会法本质的有政治国家、经济社会和历史文化要素。在本质上,社会法是弥补私法不足的法律体系,调整的是表面平等而实质不平等的社会关系,它主要通过基准法机制发挥作用,以保障民生安全,增进民生福祉。围绕社会法本质完善我国社会法体系,需要进一步加强科学和民主立法,提升社会法行政执法效能,推动社会法司法化进程。",2024,余少祥,社会法;基本范畴;决定要素;本质属性,中国社会科学,,CSS_c22bcb8c7255
国家数字能力:数字革命中的国家治理能力建设,"国家治理能力主要由国家秩序能力、国家赋权能力和国家创新能力构成。数字革命对于包括数字秩序能力、数字赋权能力与数字创新能力在内的国家数字能力建设提出了新的要求。基于自主性和嵌入性的评价体系,国家数字能力可区分为双强平衡型、国家强力型、社会灵活型、双重脆弱型四种类型。当前,加强国家数字能力建设已成为一个全球性问题。中国的国家数字能力表现出社会灵活型的特征,主要通过平台型企业的委托治理以及激发社会大众的数字参与来实现数字领域的治理目标,因此也面临委托治理的危机。朝向双强平衡型的国家数字能力建设,要注重自主性与嵌入性的动态平衡。",2023,高奇琦,国家数字能力;创新能力;赋权;自主性,中国社会科学,,CSS_f461a4809c20
论新时代的中国时代精神,"一个民族的时代精神,是这个民族时代性发展的观念性表达。当代中国的时代精神,就是以改革创新为核心的时代精神。新时代哲学首先要反映当代中国人民的时代精神。马克思主义中国化最新成果就是新时代中国时代精神的精华。习近平新时代中国特色社会主义思想在新的历史条件下推进马克思主义基本原理同中国具体实际相结合、同中华优秀传统文化相结合,是马克思主义中国化和中国精神的最新时代表达。它不仅是时代性问题的反映,而且也因其对时代发展趋势的把握,成为引领时代发展的力量。新时代的中国精神立足中华大地,反映新发展阶段中华民族的民族精神、人文情怀、价值理想,是面向现代化、面向世界、面向未来的精神。",2023,韩震,新时代;时代精神;马克思主义中国化,中国社会科学,,CSS_845fc447a9e4
论21世纪马克思主义,"“21世纪马克思主义”是对马克思主义最新成果的科学概括,习近平新时代中国特色社会主义思想是其集中体现。21世纪马克思主义自觉顺应马克思主义发展逻辑,不断推进理论形态的与时俱进与实践形态的创新发展;深刻把握世界百年未有之大变局的本质、特征、趋势,标注出掌握历史主动、引领世界社会主义振兴的历史方位;在社会发展阶段演进的历史与逻辑统一、民族复兴与世界历史进程的同频共振、政党优势推动政治文明进步的合规律性、理论本土化的历史文化基因塑造等重大理论问题上作出原创性贡献;中国式现代化的文明新形态、“一带一路”的经济全球化新样态、人类命运共同体的新世界图景为中国道路赢得竞争新优势,为人类社会发展进步贡献出中国方案。21世纪马克思主义的伟大创造,使得马克思主义放射出更加灿烂的真理光芒、焕发出更加强大的实践伟力。",2022,辛鸣,21世纪马克思主义;发展逻辑;世界大变局;理论创造;中国道路,中国社会科学,,CSS_068a07091443
人类文明新形态的创造与世界意义,"党中央团结带领人民创造的人类文明新形态是运用马克思主义基本原理解决中国问题和世界问题的创造,是马克思主义的时代精华,也是坚守中华文化立场解决中国问题的伟大创造,是中华优秀文化的时代精华。人类文明新形态是促进人的自由全面发展、实现人民美好生活向往的文明,是“五位一体”整体推进、协调发展的文明,是占领了真理和道义制高点的文明。人类文明新形态的伟大创造充分彰显了当代中国马克思主义与21世纪马克思主义的科学性与人民性,深刻体现了习近平新时代中国特色社会主义思想的真理力量与道义力量,是人类文明发展的必由之路,具有重要的世界意义。",2022,孙熙国;陈绍辉,人类文明新形态;中国共产党;中国式现代化,中国社会科学,,CSS_e3ba10e9abff
中国式物权制度的文明刻度,"中国式物权制度对标以公有制为前提发展市场经济、平衡实现人民福祉与民事主体权利的制度需求,以“三重所有权”结构安排捍卫中国特色社会主义公有制、以“多层级用益物权体系”制度创新满足人民对美好生活的向往、以“平等保护”法律原则维护市场机制的有效运作。这着眼于中国现实国情与发展阶段,兼顾公正与效率,妥善平衡公私关系,萃取了中国实践的自主性探索,实现了坚持公有制与发展市场经济、维护人民福祉与保障民事主体权利的有效结合,创新性地回应了财产权文明的世界之问,提升了财产权文明的时代刻度。",2022,蔡立东,中国式物权制度;三重所有权;多层级用益物权;平等保护,中国社会科学,,CSS_66cb99ff014b
中世纪西欧法律的多元一体建构,"西罗马帝国晚期的《狄奥多西法典》,是日耳曼人大迁徙时所面临的统一的法律体系。此后,日耳曼人纷纷建国立法,打碎了这一法律体系,开启了多元的法律建构进程。随着封建经济社会生活的稳定和发展,中世纪西欧逐渐形成了封建法、教会法、海商法三大法律体系鼎立的局面。罗马法复兴则从法理上把这三大法律体系统一起来,从而形成了中世纪西欧法律的“三位一体”格局。从总体上看,中世纪西欧法律的建构经历了从一体到多元,又从多元走向新的一体的过程。这对重新认识中世纪西欧的法律文明具有重要启示。",2022,张乃和,中世纪;西欧;法律;多元一体;社会性质,中国社会科学,,CSS_7cd12d3f9b2d
积极应对人口老龄化的“中国方案”,"中国人口老龄化进程具有特殊性,我们的基础国情、发展路径和治理模式更对其应对方案提出了特定要求,亟须走出一条中国特色积极应对人口老龄化道路。中国在积极应对人口老龄化中具备一核多元的治理范式优势、国家—家庭—社会相均衡的治理结构优势、大国模型和文化背景下的国家禀赋性优势,以及时代更迭和技术跃迁可能带来的后发比较优势。应在厘清积极应对人口老龄化国家战略与人口发展战略关系的基础上构建积极老龄观以优化国家战略实施环境,融会老龄社会治理的中国优势以形成“身—家—群—国—世”相贯通的整体性治理格局,不断凝练并充实积极应对人口老龄化的“中国方案”体系。",2022,胡湛;彭希哲;吴玉韶,人口老龄化;老龄社会治理;中国方案;家庭;人口治理,中国社会科学,,CSS_851005541c30
文明比较与文化自觉:迈向和而不同的比较历史社会学,"长期以来,比较历史社会学研究深陷“非西方社会为什么没有发展出现代资本主义”的韦伯式问题意识,错失了基于中国文明主体的提问。有必要立足中国文明自身重新发问,批判地检讨韦伯比较历史社会学的得失,以期讲出中国道理。这就需要采取中国文明的内部视角,从“世界图像”和“利益”两个层次重构中国文明的“理念型”。中国文明由于人性论上的优长,能够开辟出一条“将心比心”的“礼”治之路,为世界贡献一种真正和而不同的普遍主义,有助于再造文明间共识,构建一个和而不同的全球社会。",2022,李荣山,虚实相生;和而不同;文明比较;文化自觉,中国社会科学,,CSS_f9cdeeee6576
现代性的多元镜鉴,"现代性的多元镜鉴是在确认西方现代文明之在先性的同时,提出并论证现代文明及其“现代性”本身的多元生成之可能。通过审察在先的西方现代性生成和演进过程的复杂性、内在张力和当代困境,揭示现代性的基本机理和现代性的多种可能性进路,亦即“西方现代性”之外的另外一种或多种现代性的可能路径,比如中国现代性及其现实可能。经济全球化是实现人类社会“现代性”目标的第一步,也是其必由之路,任何“逆全球化”和“反全球化”的主张和行为,都会妨碍甚至中断人类社会通向“现代性”理想目标的进程。历史和现实经验证明,“构建人类命运共同体”是迄今为止寻求并切近人类“现代性”理想更适合也更具解释力的导向性理念,在理论解释力和彻底性上优于既有的诸如“普世主义”“普遍主义”“世界主义”和“全球主义”,是当代中国对人类现代性的最新理解。",2022,万俊人,现代性;多元镜鉴;人类命运共同体,中国社会科学,,CSS_fe0e8ed60fc6
论中国共产党的现代化观,"中国共产党的现代化观是中国特色社会主义理论的一个有机组成部分。从基本价值取向的维度看,中国共产党的现代化观强调以人民为中心的现代化建设;从物质基础的维度看,中国共产党的现代化观强调现代生产力的决定性作用;从经济全球化的维度看,中国共产党的现代化观极为重视对外开放;从现代化各方面内容推进的维度看,中国共产党的现代化观十分重视全面、协调、可持续的现代化建设;从底线思维的维度看,中国共产党的现代化观十分重视系统性社会风险的防范。中国共产党现代化观具有如是鲜明特征:强烈的实践性品格;鲜明的与时俱进品格;有效的“中国式”的现代化推进方式。",2022,吴忠民,中国共产党现代化观;现代化;市场经济;中国式现代化道路,中国社会科学,,CSS_adccc429828d
马克思的现代性思想与中国式现代化的实践逻辑,"马克思既是资本现代性的批判者,也是新现代性的构建者,他在肯定现代社会生产力发展水平的同时指出资本逻辑的现实化体现为资本无限增殖和膨胀的过程。在批判资本现代性的同时,马克思提出现代化发展的新版本,从而提升了现代文明的品质。马克思主义为中国的民族解放事业提供了科学指导,激活了支撑中国现代化的现实历史的伟力。中国式现代化道路体现了社会主义建设规律和人类社会发展规律,促进了中华优秀传统文化创造性转化和创新性发展,其中创造的人类文明新形态表明,特定的世界历史民族选择了符合自身发展实际的现代化道路,取得的成就具有世界历史意义。",2022,臧峰宇,现代性思想;双重向度;中国式现代化;实践逻辑;中华优秀传统文化,中国社会科学,,CSS_629aa70490ef
从控制到利用:刑法数据治理的模式转换,"数据安全和数据共享是数据治理的基本目标。受数据赋权观念的影响,现行刑法采用了控制模式,重在禁止“获取”“泄漏”“窃取”数据的行为,并借此对滥用行为进行事前防范。控制模式忽视了数据的公共产品属性,无法全面、有效保护数据法益,导致既无法有效维护数据安全,亦难以实现数据共享。旨在规制滥用行为的利用模式,是刑法数据治理模式调整的现实方向。利用模式可基于以下路径实现:刑法总则中设置专门条款,指导分则数据法益的解释;适当限制控制模式立法,发挥数据的独立价值;增加滥用算法罪、非法提供算法服务罪,弥补现行刑法规范供给不足的缺憾;积极探索涉数据犯罪的违法阻却事由,避免因刑法介入过度而抑制数据共享目标的实现。",2022,于改之,数据安全;数据法益;刑法治理;控制模式;利用模式,中国社会科学,,CSS_0bfbb9d321a4
农民基本健康权利保障体系建构与演进逻辑——“防大疫克常疾”实践经验探索,"中华人民共和国成立以来,着力根治因大疫与常疾导致的人民健康水平不佳、平均寿命过低问题,在很大程度上成为保障人民基本健康权利的核心任务。党和政府首先面向农村地区,推进农民基本健康权利保障体系建构,一种兼顾“防大疫克常疾”的健康权利保障体系建构事业开启并不断发展,它经历了从初步探索、全面推进、分散探索、政策创新到制度升级的演进轨迹。这种权利保障的发展演进逻辑,不仅遵循马克思主义基本原理,而且以组织记忆方式将防大疫克常疾链接为整体。中国农民基本健康权利保障体系的建构,使得防大疫各类“专用资产”合理地转化为常规性医疗保障资源,并通过社会主义宏观调控优势保证了防大疫克常疾的“预算拆用权”,进而形成了行动性增量保障农民基本健康权利体系建构的中国路径。为提升农民基本健康权利保障水平,我们要继续推进农村防大疫克常疾工作的一体化步伐,将组织记忆的经验予以制度化,从而进一步实现城乡居民健康服务均等化。",2022,尚虎平;黄六招,农民基本健康权利保障体系;防大疫克常疾;组织记忆;基本公共服务均等化,中国社会科学,,CSS_d4ffd8049d88
证券中介机构法律责任配置,"随着我国股票发行体制改革的深入,我国引入了美国学者提出的看门人理论,并以此作为不断加重中介机构责任的理论依据,试图通过严厉的法律责任促进资本市场中介机构“看门”职能的实现。但责任轻重亦有限度,如果责任过重,有违“过责相当”原则,将不利于资本市场生态平衡。中介机构法律责任的配置,应考虑分配正义、激励相容、商业逻辑和国家竞争等诸多因素,以实现各方利益均衡。看门人理论与制度存在根本缺陷,应以“追首恶”理论与制度取代之,以合理分配风险,科学配置法律责任,强化“追首恶”与精准打击;在区分故意与过失的基础上,限缩连带责任之适用;在区分公开发行市场责任与公开交易市场责任的基础上,分别设置不同的责任限额,以促进资本市场健康、理性、协调发展。",2022,邢会强,市场看门人;追首恶;独立专家顾问;连带责任,中国社会科学,,CSS_7eb360a39fcc
走向“特定性哲学”——政治经济学批判对马克思哲学革命的深化,"马克思哲学革命的内在推动力,主要是政治经济学批判的发展。政治经济学批判使得马克思能够在特定社会科学形式中构建一种切中“现代的特定现实”的哲学新形态。从《德意志意识形态》的历史唯物主义到《资本论》及其手稿在特定社会形态中建构的历史唯物主义,不能理解为一种从普遍到特殊的“推广”和“应用”式的演绎推理,而应理解为从一般形态历史唯物主义上升到更为具体深刻的特定形态历史唯物主义的思想综合过程。《资本论》的思想逻辑揭示出现代资本主义社会本质内核展开为浅层表现的生成过程,能够总体再现本质与现象的共时性结构与历时性进程,因而是一种特定社会存在论。这种特定社会存在论聚焦于诸种“社会定在”何以历史地可能的具体存在论问题,并蕴含“社会存在一般”何以可能的一般存在论问题作为抽象环节,因而仍然属于哲学思想范畴。政治经济学批判为历史唯物主义打开了历史特定性和开放性维度,真正基于时代变迁和社会差异,把握住了过去、现在与未来之间的历史性辩证法。政治经济学批判将自身凸显为一种越出整个传统哲学视界的新型“特定性哲学”,从而为构建当代中国马克思主义哲学提供了极为关键的理论启示。",2022,郗戈,《资本论》哲学思想;历史唯物主义;特定性哲学;当代中国马克思主义哲学,中国社会科学,,CSS_e5b5898748af
“中国马克思主义哲学”何以可能,"“中国马克思主义哲学”指“中国化”马克思主义哲学,它是原生形态马克思主义哲学经过汉语世界的创造性转化与创新性发展而形成的具有中国特色的马克思主义哲学。其转化与发展的具体机制包括文本翻译与解释、“两个结合”以及哲学大众化。经过转化与发展而形成的中国马克思主义哲学仍处于马克思主义哲学传统之内,是因为它坚持了人民立场、“两个决定”观点、唯物辩证法。马克思主义哲学中国化百余年间,次第出现了社会进化论、唯物史观、辩证唯物主义和历史唯物主义、人道主义、实践唯物主义等整全性知识体系,以及若干分支性或部门性知识体系。原创性、继承性、主体性相统一是中国马克思主义哲学的鲜明特征。对于中国马克思主义哲学生成机制的考察,重在揭示原创性;对于中国马克思主义哲学传统的考察,重在揭示继承性;对于中国马克思主义哲学知识体系的考察,重在揭示主体性。",2022,单继刚,中国马克思主义哲学;生成机制;哲学传统;知识体系,中国社会科学,,CSS_2297c268d881
社会诚信建设与基层治理能力的再造,"面对社会公德违反行为和轻微违法行为,基层治理缺乏合法有效的制约方法,治理能力面临挑战。以家庭诚信档案为基础的社会诚信建设,将基层群众在治理事务中的行为纳入诚信评价,在不同的治理事务、不同的家庭成员之间建立责任连带性,化解了基层治理难题,再造了基层治理能力。将基层治理与其可以调动的资源及背后的话语结合起来,可以从治权和话语权两个方面进行理论解释。因财政能力限制而缺乏配置性资源,因社会转型和治理变迁而缺乏权威性资源,导致基层治权相对不足,而社会诚信机制通过建立责任连带性,为基层治理创设新的权威性资源,弥补了基层治权的不足。因人民话语的转型和权利话语的兴起,基层治权缺乏话语权支持,而社会诚信机制通过对接“自治、法治、德治相结合”的话语,为基层治理重建了话语权。基层治理能力的再造,实质是不同维度国家能力的建设和重组。",2022,陈柏峰,社会诚信;基层治理能力;国家能力;治权;话语权,中国社会科学,,CSS_177d027fd421
增强审计监督合力——基于注册会计师行业职能的历史考察,"公司财务舞弊大案要案频出,对注册会计师行业普遍面临信任危机进行交叉学科的历史溯源发现,美国《1933年证券法》推行的“强制性注册会计师审计制度”是重要成因。建议修改强制性注册会计师审计制度,建立政府监管机构和单位内部监督机构自愿委托的注册会计师协助机制,实施增强监督合力的国家审计制度。基于统一社会信用代码,合理划分政府监管机构的监督权限,建立统一的财会监督信息平台,定能更好地实行全面审计、持续审计和跟踪审计。",2022,周华;戴德明;刘俊海,注册会计师;财会监督;审计监督;中国特色,中国社会科学,,CSS_a8bc431ec583
区域协调发展的国家保障义务,"区域协调发展的国家保障义务既有宪法指导思想的根本依据,也有贯彻新发展理念国家目标条款和社会主义原则的规范基础。区域协调发展国家保障义务的本质是区域实质平等,属性为客观法义务,内容由目的性义务和手段性义务构成。目的性义务体现为国家对欠发达地区在基本生活保障、基本公共服务、基础设施建设方面的给付;手段性义务体现为区域协调发展国家目标对立法、行政和监督行为的约束。应当根据比例原则和效能原则划定目的性义务的限度。建构区域协调发展法律体系,倾斜配置地方立法权,适度干预地方人才、产业补贴政策,实施多元化综合监督,是手段性义务的主要内容。作为国家目标条款确定的国家义务范例,区域协调发展国家保障义务的基本原理可普遍化为国家目标条款的一般理论。",2022,李海平,区域协调发展;国家目标条款;国家义务;共同富裕;实质平等,中国社会科学,,CSS_eabd1b508b9a
21世纪马克思主义的基础性问题,"从学术视阈,运用马克思主义历史发展的“连续性和阶段性统一”“时空分析”“普遍和特殊辩证关系”的解释框架,探究21世纪马克思主义的基础性问题,深入阐释21世纪马克思主义的原创性贡献。21世纪马克思主义,是与资本主义历史性变化和社会主义运动中心历史性转移密切相关的概念,是中国理论走向世界和未来的标识性符号。随着21世纪世界社会主义运动中心历史性地转移到当代中国,中国理论界提出“发展21世纪马克思主义”这一重大论断,这也是一个具有标识性且正在生成的重大命题。既要从历史发展的连续性和阶段性统一理解21世纪马克思主义,也要从牢固坚守、反思现代、与时俱进、胸怀天下、引领时代的统一理解21世纪马克思主义。发展21世纪马克思主义,应在赓续马克思主义根本立场、价值取向、理想信念、基本原理、方法原则的基础上,深入研究当代中国和世界的现代化演进逻辑,研究“两个大局”、当代中国和世界交融互动、社会主义和资本主义并存背景下提出的重大时代课题,研究马克思主义中国化、当代中国马克思主义和21世纪马克思主义之间的关系。习近平新时代中国特色社会主义思想就是21世纪马克思主义,为发展马克思主义提供了具有世界历史意义的“典型样本”,从实践、理论和历史三个层面作出了原创性贡献,为解释当今世界与观察时代、把握时代、引领时代提供了科学理论体系。",2022,韩庆祥,习近平新时代中国特色社会主义思想;21世纪马克思主义;世界社会主义运动,中国社会科学,,CSS_7aff5c4e27d1
全面建成小康社会与中国式现代化新道路,"小康社会是中国共产党人把马克思主义基本原理同中国具体实际相结合、同中华优秀传统文化相结合的伟大创造。在从小康到全面建成小康社会的不断探索中,党领导人民创造了中国式现代化新道路,创造了人类文明新形态。中国式现代化新道路是创造人民美好生活的必由之路,是全面建成社会主义现代化强国、实现中华民族伟大复兴的必由之路。中国式现代化新道路的巨大成功,彰显了中国特色社会主义制度的巨大优越性,对于那些既想保持独立又想发展的广大发展中国家实现现代化具有重要的借鉴意义。在全面建成小康社会的基础上,以习近平同志为核心的党中央团结带领全国各族人民乘势推进全面建设社会主义现代化国家新征程,并在新的历史起点上明确了基本实现共同富裕的战略目标,擘画了中国式现代化未来发展的新蓝图。新的征程上,中国式现代化新道路必将在习近平新时代中国特色社会主义思想指引下不断拓展和深化,继续创造更大辉煌,为人类文明发展进步事业作出新的更大贡献。",2022,王灵桂,小康社会建设;中国式现代化道路;中华民族伟大复兴,中国社会科学,,CSS_1e48b2b3b8f7
秦汉乡里社会演变与国家治理的历史考察,"乡里是秦汉国家的社会基础,也是国家治理的重要对象。在四百多年的历程中,秦汉国家在乡里治理上多有创新,开创了我国封建社会大一统中央集权国家乡里治理模式之先河。社会演变是国家治理方式转变的根本动因,国家治理方式的转变又是社会演变在政治领域里的反映。春秋战国以降的社会变革,推动了秦汉国家治理的革新,也推动了国家在乡里治理上的积极探索。在乡里社会演变过程中,国家通过对社会流动的控制与治理、对乡里社会结构变化所带来的社会问题的治理、对宗族组织兴起的管控与治理,体现了秦汉乡里社会治理的主要特点,既积累了丰富经验,也留下深刻教训。",2022,卜宪群,乡里社会;国家治理;社会流动;社会结构,中国社会科学,,CSS_57b224f65c8e
中国人类学对中国式现代化的理论探索,"在中国式现代化的探索与建设历程中,中国人类学家作出了理论和实际的双重贡献。从民国时期开始,他们就自觉探索不同于西方的中国现代化发展路径。他们立足于中国实际与西方理论的融通,从没有把西方民主、自由和个体主义当作现成答案,而是始终面向中国社会的独特性,探寻适应本土文化的社会学、人类学方案。近一百年来,人类学视野中的中国式现代化变革,核心议题有三:国族建构、经济建设和精神启蒙。围绕三者的关系及其展开,出现了具有中国特色和创新性的理论方案。这些方案在整体上构成具有内部结构和层次的中国式现代化的人类学理论系统。中国人类学应以此为基础,促进新理论模式的构建。",2022,杨清媚,中国人类学;国族建构;文化自觉;经济伦理,中国社会科学,,CSS_bfe6ee3a206e
马克思的社会转型思想,"马克思所处的时代正是西方社会从传统向现代的转型时代,不同的学者从不同的立场出发,对这一转型进行了不同的分析,浪漫主义、自然主义、批判的改良主义构成了当时的主要思潮。马克思在其思想发展的不同阶段,对资本主义社会变迁有着不同的理解。在撰写博士论文及主编《莱茵报》时期,他以理性的自我意识为基础批判德国封建的专制制度。1844年之后,马克思通过整合哲学、政治经济学和社会主义思潮,描述了从中世纪到近代资本主义社会的转型过程,形成了以异化逻辑、生产逻辑、资本逻辑为基础的三个不同阶段的批判性话语。相比于浪漫主义、自然主义、批判的改良主义,马克思提出了面向未来的重建这一思路。马克思对资本主义社会转型的思考,为我们理解当下的社会发展和变迁提供了理论指导。",2022,仰海峰,马克思;社会转型;异化逻辑;生产逻辑;资本逻辑,中国社会科学,,CSS_84ab977d8c9e
中国共产党百年社会政策的实践与经验,"中国共产党在百年发展中,秉持以人民为中心,为中国人民谋幸福,为中华民族谋复兴的初心,在各个时期都致力于主张、制定和实施社会政策,以实现其保障和改善民生并推动革命、建设、改革的目标。中国共产党百年的社会政策发展始终坚持为了中国人民的根本利益,将革命理想与经济社会现实相结合,重视社会公平与经济效率的结合,注重社会政策的体系完整性和结构合理性,不断优化民生保障的责任主体。在新的历史时期,面对新的挑战,社会政策未来发展中应认真总结传承百年社会政策发展的经验,始终坚持以人民为中心的发展理念,积极回应我国高质量发展和共同富裕道路的要求,提高对人口、经济和社会发展中各种新问题、新风险的应对能力,更加高效能地发挥作用,并进一步加强社会政策理论研究、学科建设和国际传播与交流。",2022,关信平,中国共产党;百年历史;社会政策,中国社会科学,,CSS_27097e995054
发展无愧于新时代的中国理论,"中国特色社会主义新时代深入发展,中华民族伟大复兴进入不可逆转的历史进程。伴随着中国人民从站起来、富起来到强起来的坚实脚步,中国理论、中国学术、中国特色哲学社会科学是否也实现了从站起来、富起来(繁荣)到强起来的历史性飞跃?换言之,中国理论、中国学术、中国特色哲学社会科学在民族复兴进程中,理应而事实上承担何种角色、发挥何种作用、作出何种贡献?毋庸讳言,对于这一时代之问、实践之问、人民之问,理论学术界恐怕不那么自信。而学术自信的不坚挺、",2022,本刊评论员;方军,,中国社会科学,,CSS_626076cdd59c
当代中国历史方位和发展阶段的科学判断及其演进逻辑,"对社会发展规律和发展阶段的把握是一个重大课题。任何一种社会形态,包括社会主义社会,既是不断变化、长期发展的历史过程,又是分阶段演进、阶梯式发展的历史过程。在近代中国的时代背景下,中国共产党团结带领中国人民在不懈奋斗和艰辛探索中,历史性地选择了社会主义。在社会主义革命、建设、改革的进程中,中国共产党根据马克思主义关于社会发展及阶段划分理论,总结世界社会主义运动正反两方面经验,立足当代中国社会发展实际,创造性地探索中国社会发展规律,在不同历史时期对中国社会历史方位、发展阶段、主要矛盾、历史任务进行主动探索、作出科学判断,在历史发展关键时期保证党的理论和路线方针政策的正确。新中国成立以来特别是改革开放以来,我们党作出关于社会主义初级阶段、中国特色社会主义新时代、新发展阶段等历史方位和发展阶段的重大判断,体现了中国社会发展连续性与阶段性、量变与质变的辩证统一,对于自觉遵循当代中国发展规律及演进逻辑,发挥历史能动性和把握历史主动性,顺应社会发展趋势以推动阶段性飞跃,推进中国社会合乎规律地向前发展,具有重大理论和现实意义。",2022,姜辉;林建华,历史方位;发展阶段;社会主义初级阶段;中国特色社会主义新时代;新发展阶段,中国社会科学,,CSS_a08f8763f473
中国式现代化进程中的乡村振兴与伦理重建,"中国式现代化是一条独具中国特色的现代化道路。这一理解为中国乡村伦理的现代转型提供了基本指向。在中国乡村的现代化进程中,城市和乡村分别完成了从""寄生""到""中心""、从""主宰""到""依附""的""转身"",这一""转身""既包括了乡村与城市关系、乡村内部关系与结构的转向及其所指向的伦理转型,也体现为中国农民的身份转变及其所引发的道德问题,并由此而生成转型期中国乡村社会特有的道德图景。以中国乡村伦理的现代重建实现乡村伦理的现代转型,方能为乡村振兴战略的实施提供价值引领和精神动力。中国乡村伦理的现代重建应当基于马克思主义唯物史观的基本立场和方法,确立以农民为本的乡村发展伦理;以现代化样式和发展路径多样性的阐释为参考,重视""地方性道德知识""对乡村伦理现代重建的资源意义;以对""现代性危机""的反思和批判为警醒,将""记得住的乡愁""作为乡村伦理现代建构的道德文化之根。",2021,王露璐,中国式现代化;乡村振兴;伦理重建,中国社会科学,,CSS_fa60a33aeed3
平台技术赋能、公共博弈与复杂适应性治理,"平台是一个由多主体交互作用、数据与技术驱动的复杂适应性网络生态系统,具有结构复杂、行为复杂、功能复杂、治理复杂等特征,存在边界的开放性与价值分配的闭环性悖论。作为一种新型的社会资本,平台具有赋能、赋权与控制三种能力,平台赋能与平台规模之间满足""幂律法则"",并通过增量式赋权与外部整合重构等机制实现赋能。平台发展带来诸多""创造性破坏"",存在责任异化、技术滥用、算法控制、公共博弈、数据安全等问题。平台治理需要从复杂性理论出发对平台结构、渠道、算法、规则、权责等进行复杂适应性治理,在盈利性与社会责任、专属性与公共性、创新与安全等方面实现动态平衡,提升平台的技术赋能与公共服务能力,防止平台异化。从技术赋能、公共博弈与复杂适应性治理几个方面,对平台治理的逻辑进行系统思考,提出平台治理的科学模式和有效机制。",2021,范如国,平台治理;技术赋能;公共博弈;复杂适应性理论,中国社会科学,,CSS_685c4cf88329
中国式现代化和新发展社会学,"中国式现代化是非常罕见的巨大社会变迁,呈现诸多独有的特点,经济体制变革和社会结构转型同时进行,跨越式发展和发展阶段叠加,人口规模庞大,世界影响深远。基于中国式现代化的经验,中国在发展的理念、发展的动力、发展的比较优势、发展的约束条件、发展的瓶颈问题、发展的目的等一系列重大发展议题上,形成了自身的理论体系,为构建新发展社会学奠立了基础。",2021,李培林,中国式现代化;新发展社会学;中国经验;社会变迁,中国社会科学,,CSS_927e978e52d5
作为文明研究的社会学,"社会学的开创者,无不以现代性的文明化进程为入手点,对社会构造的总体特征给出既具有实证基础又具有整全视野的分析和判断。中国社会学的兴起以及在学术进步中所坚持的发问方式,始终与中国文明的思想基质、制度形态、文化模式、民族属性和政治框架之总体结构紧密联系在一起,也始终与中国同整个世界交往、沟通甚至相互塑造的方式紧密联系在一起。就此而言,西方经典社会学家的思想方法和问题视域,与其说给了我们值得效仿的路径,规定了我们的思考轨迹,不如说正是他们在思想上的非凡努力,激发了中国社会学面向自身文明与现代世界接壤和碰撞处所展现的蔚为壮观的思想图景。当前,中国社会的发展正面临着世界历史前所未有的大时代,社会学应以时代赋予的使命,将古今中外仍在发挥着活的社会演变效应的文明要素纳入自身的视野内,以长远的眼光来审视中国与世界正在发生的一切。若要将中国的现代化探索从学理层面上升到人类根本处境的高度,创造人类文明的新形态,社会学需要开拓出全新领地,返回经典的视域。",2021,渠敬东,现代化;文明研究;经典视域;社会学,中国社会科学,,CSS_0102d5c64163
数字时代的社会变迁与社会研究,"进入21世纪,中国经济社会的高速发展与数字时代的来临高度重合。数字时代的信息通信技术革命性地改变了人与人之间相互连接与互动交流的方式,彻底改变了人们的生产与生活,带来了根本性的社会变迁。数字社会研究需要新的范式、方法与思路。当前的中国数字社会研究有着天然的优势,包括巨大的人口规模、各个领域对数字技术的广泛使用以及丰富的社会生活数据。面对历史机遇,社会学界应积极投入数字社会研究,并基于经验研究的积累,提炼新概念、促生新思想、建构新理论,贡献关于数字社会研究的知识。",2021,王天夫,数字社会;社会变迁;数字社会研究;社会思想与理论,中国社会科学,,CSS_e3250a9d8e80
中国共产党领导中国走向富强的百年探索,"百年来中国共产党的风雨征程,是一部实现求富求强中国梦、为中华民族伟大复兴而不懈奋斗、牺牲和创造的历史。中国共产党领导的新民主主义革命为追求富强创造了根本社会条件。成立新中国和确立社会主义基本制度,奠定了求富求强的政治前提和制度基础。改革开放以来,""贫穷不是社会主义""打破了束缚人们追求财富的观念枷锁,建立和完善社会主义市场经济体制激发了全社会创造财富的巨大热情,国民财富获得了前所未有的增长。中国特色社会主义进入新时代,以经济总量与财富存量衡量的综合国力大幅提升;消除绝对贫困,实现全面小康,为通向共同富裕迈向现代化强国奠定了坚实基础。中国共产党团结领导全国人民追求国家繁荣富强、人民共同富裕的基本经验大体可归纳为四方面:第一,独立自主的探索是求得后发赶超和国强民富的关键要诀;第二,以人民为中心的发展思想体现求富求强的价值旨归;第三,不断解放和发展生产力,让一切创造社会财富的源泉充分涌流;第四,中国特色社会主义道路为实现中华民族伟大复兴指明了正确的前进方向。",2021,张晓晶,中国共产党;全面建成小康;共同富裕;中华民族伟大复兴,中国社会科学,,CSS_455b49de784a
历史规律的辩证性质——马克思文本的呈现方式,"从《德意志意识形态》开始,马克思恩格斯就把对人类历史发展一般规律与具体社会形态发展特殊规律的辩证统一性的探讨视为唯物史观的应有之义。在《资本论》中,这种理论特点通过资本主义批判的科学方法论而清晰地展现出来。马克思恩格斯凭借这样的辩证解读视角在历史观解读上超越同时代其他思想家。对这一点的强调不仅有利于我们对当代国外学界从一般规律与特殊规律的二元论框架来解读唯物史观的理论努力进行有效的剥离,从而使我们对唯物史观的深层内涵作出更为清晰的把握,而且还能使我们在历史观和方法论层面上更好地理解中国特色社会主义的伟大实践对唯物史观的继承与发展。",2021,唐正东,一般规律;特殊规律;唯物史观;辩证统一,中国社会科学,,CSS_4d1f87de5515
探究政策机制的类型匹配与运用,"从现代化角度审视,总结与归纳改革开放进程中的政策机制与模式匹配,有助于当前国家治理体系现代化建设,也为更长时段的国家治理调整提供思考。长期以来,我国在重大体制机制改革或新型政策体系的决策实施中,形成了国家治理中的行政主导机制,实现了较高的治理效率。新时代的政策环境发生了显著改变,公众对政策问题解决、决策科学性、政府治理能力都有了更高的要求。在以精准施政为支撑的高质量发展阶段,我国公共政策过程也正在配合着政策对象的多元趋势,演化出了多方博弈机制和影响网络机制,契合了宏观政策环境的变化。政策机制的运用从单一走向多元意味着治理形态呈现权变特征,而政策机制运用的转型体现了时代发展的历史必然性。在重大政策改革中,公共政策类型的分化与行政主导机制不匹配带来的施政挑战亟须关注。通过灵活协调使用各类政策机制,能够减少模式匹配带来的经济社会成本,保障全面深化改革效果。",2021,赵静;薛澜,治理现代化;政策机制;权变策略;国家治理,中国社会科学,,CSS_a93049fef84b
空间正义实现的公共规制,"在经济场域,空间正义主要表现为国土空间开发利用中公众的空间权利配置充分、资本的空间分布均衡、公共资源的空间分配合理和空间经济结构的规范有序。公共规制在保障空间正义目标达致中具有重要功能,在空间正义实现中应科学运用。我国空间正义实现中的公共规制制度体系已相对完备。经济自由权、社会保障权、财产权的社会义务以及国民经济和社会发展规划国家战略,是我国公共规制保障空间正义在宪法层面的依据。税收优惠、金融服务、财政分配、空间经济规划等制度,是我国公共规制保障空间正义的实践基点。通过优化公共规制实现空间正义,需构建以公众经济权利充分实现为中心的公共规制基础机制,以系统化实施为中心的公共规制实施机制,以绩效评估为中心的公共规制运行保障机制。",2021,靳文辉,空间正义;公共规制;市场失灵;空间权益;协调发展,中国社会科学,,CSS_69ecc711342f
当代中国马克思主义的哲学境界,"习近平新时代中国特色社会主义思想开辟了马克思主义发展的新境界,是以促进中国与世界共同发展、辩证融合为使命的当代中国马克思主义。这一思想将世界历史的现实转变视为人类社会发展的机遇和条件,促使历史观的生成性变革与开放性发展同世界历史不断合理化的过程深入结合,彰显出其洞悉世界历史变化和把握未来世界历史走向的大历史观,体现了在历史发展进程中对人类社会的现实问题进行反思与超越的双重要求。当代中国马克思主义对现实领域中的基本问题、重大问题、关键问题和突出问题及其关系结构的把握日益明晰,以创造性的实践回应了现实问题域的改变,将合规律性与合目的性辩证统一的问题导向落实到变革现实的实践进程中,体现了对现实问题的规律性认识与创造性实践相融合的方法论。中国与世界共同发展以及共建国际治理体系的革命性实践,展现了当代中国马克思主义的体系意识自觉和创造""人类文明新形态""的有序推进,是对传统建构性理论的突破和对马克思主义世界观的创新。当代中国马克思主义塑造了将人的解放与人自身发展的需要融为一体的哲学精神,明确了马克思主义的哲学使命与哲学意义相融贯的时代价值。",2021,刘同舫,当代中国;马克思主义;哲学境界,中国社会科学,,CSS_3be6a7b3c319
浪漫反讽与实践辩证法,"浪漫反讽与实践辩证法二者,因为前者反思传统形而上学、批评观念论辩证法绝对、冷峻、僵化而对后者具有一定参考价值。浪漫反讽以诗学来补充和改造传统哲学的立场给我们的启示是,辩证法不能只在哲学层面上理解,必须在一个更大的跨学科视野内才能充分展现其魅力。但浪漫反讽及其随后的""创作""主要局限在人文领域,通过不断到未被现代性污染的""远方""唤醒、磨炼自我以及借由无限内在反思获得的""原我""来实施,同实践辩证法进一步拓宽到经济与社会视野、在生产关系的物化中看到进步和局限的二重性相比,而显得过于单纯和充满局限性。实践辩证法超越了仅仅在语言、逻辑、观念层面看待辩证结构,以及仅仅在人文、艺术领域从事批判和创作的传统;超越了浪漫派追求无限但容易陷入虚妄的""辩证法"",改造、提升了浪漫反讽的现代性批判及其政治实践追求。拒斥传统形而上学,不单依靠社会经济理性及其成就,也对文学艺术及其力主的生动性、感性、情感存在开放,达成人与自然的有机统一,对于防范辩证法走向绝对和僵化具有一定积极意义。",2021,刘森林,浪漫反讽;实践辩证法;跨学科性,中国社会科学,,CSS_d88eb5b3a949
数字时代的技术与文化,"数字技术极大地推动了文化产业发展,文化产业也成为数字技术最重要的应用领域之一,数字文化产业的现状与未来成为重要研究领域。技术与文化关系的演变分为技术未赋能、技术加持和数字技术赋能三个阶段。可以从赋能消费者、赋能创意者、赋能生产者、赋能社交行为和赋能文化传播五个方面来分析数字技术如何提升文化产业的效率,如何推动数字内容成为文化产业的主体部门和数字传播成为文化传播的主要渠道。数字技术对文化产业结构存在影响,文化消费结构、生产结构、市场结构和国内外比例结构等都发生了显著变化。中国发展数字文化产业具有两大优势:大市场与传统文化资源。目前,对数字文化产业发展存在一个质疑,即数字技术的强大力量是否会导致技术表现强、文化内涵弱的问题。实际上,创作者追求文化内涵的动力和消费者对文化内涵的向往,将推动数字时代不断产生内涵丰富、持久传承的文化精品,数字与技术的融合既能形成多元文化生机勃勃的文化原野,也能造就具有深刻思想和精湛艺术表现的文化高峰。",2021,江小涓,文化产业;数字文化;数字化传播;文化服务,中国社会科学,,CSS_920505555507
唯物史观论域中的分配正义及历史生成逻辑,"分配正义并非仅指涉""得其应得""和""个人所有权"",也并非仅是一条抽象的法权原则。分配正义归根到底是特定历史阶段生产方式的反映,是基于历史唯物主义所指涉的""物质生产方式""的事实原则和规范性价值,它与不同历史阶段的所有制形式、财产关系直接相关。马克思揭示""人的依赖关系""阶段的劳动所有权关系,批判""物的依赖性""阶段的资本正义和个人所有权,目的是倡扬""真正共同体""的按需分配正义和通达人的自我实现。只有从历史唯物主义和政治经济学批判所开创的哲学视角和理论视域中,才能真正理解分配正义的历史生成逻辑。中国的分配制度延展了马克思分配正义的层级和结构,既牢牢把握按劳分配的主动权,又有效抑制""资本逻辑""的负效应,从而使分配正义展现出特定历史阶段中的积极效应。",2021,黄建军,分配正义;唯物史观;生产方式;个人所有权,中国社会科学,,CSS_01ab901554d3
百年中国农村发展的社会学回眸,"回看中国农村发展百年历程,旨在理解中国共产党与农村发展的关系,认识党对农村发展和中国式现代化的伟大历史贡献。从制度创新与变革的视角来回眸,可充分展现党领导的制度创新与变革对推动农村发展和中国式现代化的历史意义。为解决旧中国的农村问题,党领导农民选择革命的正确道路,废除旧制度,根本扭转了农村发展的命运。新中国成立初期,党为在""一穷二白""的基础上推进工业化,超常探索制度变革,推进农村社会主义改造和建设,初步建立起民族工业体系。党的十一届三中全会开启了改革开放的伟大事业,农村实现了飞跃性发展。21世纪特别是党的十八大以来,脱贫攻坚和全面建成小康社会战略取得全面胜利,创造了人类减贫史上的奇迹和农村发展奇迹。进入新时代,在党的新发展理念引领下,随着乡村振兴战略的全面推进,中国农村发展将迎来社会主义现代化建设的黄金时代。",2021,陆益龙,中国农村发展;社会学回眸;制度创新;中国式现代化,中国社会科学,,CSS_9c2424f0738a
在把握历史发展规律和大势中引领时代前行——为中国共产党成立一百周年而作,"在习近平新时代中国特色社会主义思想的科学体系中,把握历史发展规律和大势的论述具有基础性的理论地位。习近平的重要论述,系统回答了把握什么样的历史发展规律和大势、党在百年历史中怎样把握了历史发展规律和大势、在新的时代条件下怎样把握历史发展规律和大势等问题。中国共产党的诞生、抗日战争的胜利、中华人民共和国的成立、改革开放和中国特色社会主义进入新时代,都是把握历史发展规律和大势的结果。百年来,党坚持在真理观和价值观的统一中把握历史发展规律和大势,不断推进马克思主义中国化;始终坚持""以人民为中心""的价值追求;勇于自我革命,不断推进党的建设新的伟大工程。历史表明,正确把握历史发展规律和大势,是无产阶级政党政治上成熟的重要标志;只有用活的马克思主义,才能正确把握历史发展规律和大势;要树立大历史观,从中国与世界的相互作用、联系变化中把握历史发展规律和大势;要善于从社会的主要矛盾及其运动变化中把握历史发展规律和大势;必须发挥领袖人物在把握历史发展规律和大势方面的杰出作用。",2021,谢伏瞻,中国共产党;百年;历史发展规律;大势,中国社会科学,,CSS_a27c20f4cb4c
当代中国马克思主义政治经济学的哲学智慧,"习近平新时代中国特色社会主义经济思想是当代中国马克思主义政治经济学的最新理论成果,是21世纪中国共产党人追求全球经济正义、实现中国特色社会主义强国富民的经济学说。当代中国马克思主义政治经济学的形成有着厚重的哲学基础:涵盖历史唯物主义原理、唯物辩证法的世界观和方法论以及中国传统哲学思想精粹。中国共产党人的政治经济学本质上不是工程学,它不是以简单的技术数据来昭示市场的机运或风险预警,而是在揭示经济发展规律的基础上,在追求历史进步和经济正义的哲学境遇中,更深层次地确保经世济民、治国理政的实践的唯物主义。",2021,张雄,当代中国马克思主义政治经济学;经济正义;哲学智慧,中国社会科学,,CSS_7babe92a0630
国际法的守正与创新——以全球治理体系变革的规范需求为视角,"国际法的理论与实践创新是内在于国际秩序演进史的历史性议题,也是全球治理时代亟待回应的现实性命题。在全球治理视野下,国际法守正与创新呈现出对立统一的辩证关系。国际法创新的起点是守正,即遵从国际法的现代性、崇尚国际法的价值性、遵循国际法的规律性。现阶段国际社会的动态发展促生新的规范需求,从而为国际法的创造性发展创造空间。推动国际法创新符合国际法发展的客观需求,也是我国维护国家利益的可行路径。国际法创新的思维模式应处理好时空联结、新旧传承和内外互动,国际法创新的路径应注重领域与层次的识别、规范模式的选择以及时机和成本的考量等维度。作为新兴大国,中国可在国际法创新中形成规范话语,引领规则创新,直面国际社会新生的规范需求,通过激活规则的有效性推进国际法治深入发展,展示中国的法治成就,通过推动中国国际法的理论和实践创新,为国际法治提供中国立场和方案。",2021,赵骏,两个大局;国际法治;守正创新;全球治理;规范需求,中国社会科学,,CSS_4c366adf02c6
地方政府的价值治理及其制度效能,"凝聚共同的理想信念、价值理念、道德观念是我国国家制度和国家治理体系的显著优势。目前,对地方政府行为动因的既有解释,以""利益—权力""的技术分析代替了对制度的价值研究,无法有效说明地方政府的超经济行为逻辑,难以揭示中国共产党领导下国家治理绩效背后的深层机理和治理体系中的制度伦理。在组织结构上,党政结构中的地方政府、国家行政内的地方行政、中心工作下的价值评价导向,为地方政府的价值治理提供了坚强的组织制度依托。引入历史维度可以发现,地方政府的价值治理任务经历了从""团结目标""到""利益目标"",并迈向""综合目标""的渐变过程。地方政府增长激励是价值目标引领的结果,它将在目标调适中实现优化和转型。面对瞬息万变的风险治理格局,地方政府不仅亟须科学技术赋能,更需进一步优化价值动员机制,从提升组织内聚力出发,在价值目标吸纳、价值治理运作和价值协调反馈等方面加快实现制度升级,实现价值、制度、技术三个层面的治理能力提升。随着""综合目标""的不断丰富,地方政府将随之调适价值目标内涵,在价值吸纳和整合中提升价值体系的社会适应性,从而进一步集聚起价值治理的强大力量和可持续发展能力。",2021,周尚君,价值治理;组织结构;制度伦理;制度化,中国社会科学,,CSS_0db596fe09a6
21世纪马克思主义世界历史观的叙事主题,"近代西方世界历史理论包括三种范式,即休谟和卢梭为代表的""契约论范式""、康德为代表的""目的论范式""和黑格尔为代表的""神正论范式""。基于唯物史观的发现,马克思完成了对近代西方世界历史理论的范式革命,开创了世界历史理论的""唯物史观范式""。由此,马克思世界历史理论的叙事主题也发生了根本变革,即人类自身向着自己命运主宰者的回归。进入21世纪,在""百年未有之大变局""的时代判断下""构建人类命运共同体""构成了21世纪马克思主义世界历史观的叙事主题。这一叙事主题为重新确立人类对世界历史反思的自我意识,坚持在两种制度并存条件下实现人类和谐共生的世界历史观,在""变局""中开展出确定性的""新局"",为寻求人类文明新的形态提供了中国智慧和中国方案。",2021,吴宏政,世界历史理论;范式革命;21世纪马克思主义;人类命运共同体,中国社会科学,,CSS_2ec56a0e5e70
世界变局与历史观的复兴,"现代世界自始即以资本作为主导原则,在历史进程中因资本原则的内在矛盾,迄今已然面临着改弦更张的变局。历史唯物主义把""现实—矛盾""原理和""历史—发展""原理相结合,具体应用于分析资本主义社会,为""东升西降""世界变局之际历史观的复兴提供了思想资源。以历史唯物主义为思想导引的历史观认识扎根于历史性的主题定向,能够有效指导人们洞见人类活动的性质和当代社会的本质,对于把握当今世界问题具有理论上的优先性。当下中国哲学学术活动出现脱域化和中立化的致思倾向,自觉或不自觉地远离了中国社会的实际。只有植根于现实生活过程,以生活世界的客观性为依据,把握事实的历史性质,哲学才能真正""让事实说话"",从而在参与当代问题中表明自身的存在意义。",2021,陈立新,世界变局;历史观;历史性;历史事实,中国社会科学,,CSS_5cfb29ef1f9d
从“权能分离”到“权利行使”,"用益物权的生成机制关涉物权制度的架构和容量,蕴含着物权法理论创新的巨大潜能。就解释民法典颁行前的我国用益物权制度而言,""嫁接式具体权能分离说""进行了有益的理论探索,但其未能超越既成""权能分离说""的固有范式,亦无法摆脱该范式的内在缺陷。民法典丰富了用益物权的种类,提供了以坚持社会主义公有制为前提,通过市场机制配置和共享土地等要素资源的法实现方案。基于制度实践的转型升级,以""权利行使""为逻辑线索架构用益物权的生成机制,有益于弥合既有理论与中国实践的罅隙,提升理论的解释力,为多层级用益物权体系的建立奠定学理基础。",2021,蔡立东,权能分离;权利行使;多层级用益物权体系,中国社会科学,,CSS_87aecef459a3
习近平法治思想的实践逻辑、理论逻辑和历史逻辑,"在中国特色社会主义法治建设伟大实践中创立的习近平法治思想是当代中国马克思主义法治理论、21世纪马克思主义法治理论,其缘于经验的升华、理性的凝结、历史的淬炼,具有鲜明的实践逻辑、科学的理论逻辑和深厚的历史逻辑。认真研究、科学把握、深刻领悟这三个逻辑及其内在联系,必将深化对习近平法治思想时代背景、基本精神、核心要义、实践要求的理解和把握,必将增强对习近平法治思想的政治认同、理论认同、情感认同,必将增强新时代全面依法治国、建设法治中国、推进国家治理现代化的信念伟力、思想定力、前进步力。",2021,张文显,习近平法治思想;实践逻辑;理论逻辑;历史逻辑,中国社会科学,,CSS_fb2bf814e1ea
马克思唯物史观视域中的法治问题,"依法治国的核心问题是法治。法治意味着法的理念与现实的辩证统一。马克思主义哲学对法治的理解,以唯物史观为基础,以马克思的法哲学批判为指导,依循法律之理念与现实的内在二元结构,并结合现代法治发展的实际历史过程,探讨三个有关法治的理论问题:第一,法治的社会物质关系基础是市场经济,法治本身是经济关系变革与法律关系变革相互作用的产物,具体来说,就是资本主义市场经济中的财产关系抽象化催生了近代法律,并造就了由自由与公平、权利与义务诸原则体现的法律之形式正义。第二,马克思基于唯物史观对法律之形式正义的有限性和本质缺陷进行的批判,为现代法治揭示出更高的目标和理念,这就是""作为实质正义的社会正义"",其具体内容是消除资产阶级财产权的压迫性,实现无产阶级的社会解放,从而实现作为法治最高目标的公共福祉。第三,马克思法哲学批判在当代西方法哲学中的理论效应,表现为后者对现代法治发展的理解,很大程度上是沿着马克思揭示的理论方向,超越西方法治传统的形式正义教条,强调作为实质正义的社会正义在法治中的地位和意义,使法律的形式正义尽可能内在地蕴含在实质正义之中。",2021,张盾,马克思;唯物史观;法治;实质主义,中国社会科学,,CSS_766b2a75dd92
“一带一路”倡议与国际法——基于国际公共产品供给视角的分析,"由于经济危机深层影响显现、贸易保护主义加重、全球治理体系变革和新冠肺炎疫情影响等多种力量和因素的共同作用,国际社会面临公共产品供给不足的困境。""一带一路""倡议是中国在新的历史发展时期,作为负责任大国向国际社会提供的公共产品,符合非竞争性和非排他性特点。国际法在国际公共产品的供给方面有重要的促进和保障作用。""一带一路""倡议实施以来面临国际治理环境的急剧变迁,法治化是倡议长久和顺畅实施的基础前提和重要保障。""一带一路""法治化一方面应注意国际软法和硬法结合的多元化治理,妥善利用现有双边、区域和多边国际法律机制,另一方面须密切关注国际经贸规则最新发展,创新性提高我国的投资和贸易自由化等规则供给能力。""一带一路""的国际法保障,既要重视近期贸易和投资自由化的具体举措,亦需着眼于制度供给的长远规划和可持续发展,以此实现共建""一带一路""倡议的愿景和目标。",2021,石静霞,“一带一路”倡议;国际公共产品;“一带一路”法治化;全球经济治理;国际法保障,中国社会科学,,CSS_6fe0302698e3
理论是问题之树盛开的花朵——《中国社会科学》2021年重点选题构想,"科学研究总是从问题开始的,科学地提出问题是科学地解决问题的根本前提。马克思说:""一个时代所提出的问题,和任何在内容上是正当的因而也是合理的问题,有着共同的命运:主要的困难不是答案,而是问题。......世界史本身,除了通过提出新问题来解答和处理老问题之外,没有别的方法。......问题就是公开的、无畏的、左右一切个人的时代声音。问题就是时代的口号,是它表现自己精神状态的最实际的呼声。""(1)理论创新、理论发展最深厚的源泉来自实践,",2021,本刊编辑部;方军,,中国社会科学,,CSS_151379696cd6
全面建成小康社会的理论与实践,"""小康""是中华民族几千年来孜孜以求的社会理想。新中国成立后,特别是改革开放以来,中国共产党在实践中不断深化对小康社会建设规律的认识,全面建成小康社会取得辉煌成就。全面建成小康社会,是实现中华民族伟大复兴中国梦的关键一步,使科学社会主义在21世纪焕发出强大生机活力,大大拓展了发展中国家走向现代化的途径。全面建成小康社会的伟大实践,为全面建设社会主义现代化国家积累了弥足珍贵的经验。",2020,谢伏瞻,全面建成小康社会;中国式现代化;国家治理;制度优势,中国社会科学,,CSS_e0a8c1d8771f
论数据用益权,"数据权属及其分配规则不清,已成为数字经济发展的最大制度障碍。未来应根据数据要素市场对数据积极利用的巨大需求,借助自物权—他物权和著作权—邻接权的权利分割思想,容纳作为现代新兴权利客体的数据。根据不同主体对数据形成的贡献来源和程度的不同,应当设定数据原发者拥有数据所有权与数据处理者拥有数据用益权的二元权利结构,以实现数据财产权益分配的均衡。数据用益权既可以基于数据所有权人授权和数据采集、加工等事实行为取得,也可以通过共享、交易等方式继受取得。数据需要依托具有公信力的公共数据平台、数据中间商进行交易与共享。数据用益权包括控制、开发、许可、转让四项积极权能和相应的消极防御权能,在公平、合理、非歧视原则下行使各项权能可以平衡数据财产权保护与数据充分利用两种价值,推动数据要素市场快速健康发展。",2020,申卫星,数据用益权;数据所有权;数据财产权;权利分割;数字经济,中国社会科学,,CSS_809ccf2f7e41
“家”作为方法:中国社会理论的一种尝试,"现代化是一个""离家出走""的过程,故现代社会科学也表现出远离""家""而拥抱个人主义的倾向。但事实上,""家""从未离开西方的学术和实践。在中国,无论是在传统儒家文明还是在近代以来文明重塑进程中,""家""虽时有变动但亦未脱离其在社会和文化—心理结构中的总体性位置。因此,推进""文化自觉""和社会学中国化,""家""是一个关键的切入点。从""家""出发构建中国社会理论,不仅要将""家""当作实体,更要将其作为""方法"":一方面揭示""家庭隐喻""的多重面向,即基于血缘纽带引申出的自然情感、支配和家政,厘定它们在伦理层面的纠缠及其结果;另一方面运用中外比较、理论与实践结合、古今互鉴的方法,在经验研究和历史研究中,透过""家""来探索中国文明的总体性格、变迁及具体实践形态。",2020,肖瑛,家庭隐喻;血缘;自然情感;支配;家政,中国社会科学,,CSS_36dd50ba45e3
乡村建设与全面小康社会的实践逻辑,"在全面小康社会建设实践中,乡村建设承担着重要的角色,也是需用力解决的短板、难点和重点。从现代化和现代性理论视角出发,可以在价值、制度和结构、主体性自觉和美好生活追求三个维度上,深入探讨乡村建设推进的实践逻辑。研究表明,小康价值引领着乡村建设从经济发展逐渐向社会、经济、文化、生态和治理五个方面推进,融入国家整体性现代化发展进程;推进城乡制度和政策改革与创新,破除区隔城乡的不平等和不合理体制机制障碍,构建城乡一体化和均等化的社会权利和机会体制,是乡村建设实践的核心内涵;而村民主体性自觉以及对美好生活的追求,则成为乡村建设的动力机制和最根本的目标追求。乡村建设在价值引领、制度和政策改革及创新、村民主体性自觉和对美好生活的追求之间存在着相互影响的复杂关联,只有三者之间达成良性循环,乡村建设才可能取得明显进展和成功。这样的实践逻辑为后续的乡村振兴以及后小康社会的现代化建设奠定了可以因循的社会经济和文化基础。",2020,王春光,全面小康社会;乡村建设;现代化;美好生活,中国社会科学,,CSS_5b39bbfd7266
骑士制度与西欧中世纪战争,"西欧中世纪战争的总体特征是频发并持续向外扩张,这种战争总体特征与规范骑士群体的封建制度密切相关。在促进骑士及骑士军队成为专门化的军事力量并使其参与封建战争进程当中,封建制度在政治、经济、社会组织与思想文化等方面形成了常态化支撑机制。在这种支撑机制作用下,骑士及骑士军队最终成为西欧中世纪战争频发和向外扩张的主角。对中世纪战争总体特征及其社会成因的综合性考察,有助于进一步认识西欧封建社会特征,认清西方近代以来世界争霸战的历史脉络。",2020,倪世光,西欧;中世纪战争;骑士制度;封建社会,中国社会科学,,CSS_5a8ea8afb069
早期社会心理风险对健康的影响效应——基于中国健康与养老追踪调查数据,"在老龄化程度持续加深的背景下,""预防为主,减少疾病发生""的健康促进策略被置于优先地位。探究导致老年疾病的早期风险因素,是预防和干预的前提,也是""积极应对人口老龄化""的题中之义。基于全球疾病负担(GBD)的伤残权重评估结果,对中国健康与养老追踪调查(CHARLS)数据中的健康状况赋予伤残权重,并以伤残损失生命年(YLDs)为量化指标,评估早期社会心理风险对老年健康的预测作用。结果表明,早期社会心理风险显著增加老年伤残损失生命年,对于老年高危健康状况也具有显著预测力,并且两者之间的关系是因果性的。此外,研究识别出四项导致老年生命质量严重折损的早期社会心理风险,即身体暴力、童年迁移、母亲精神健康和父亲身体健康。针对这些风险因素的干预措施将有利于延长老年人的健康预期寿命,降低我国未来的养老负担。上述发现对于从个体生命时间上游预防老化疾病的发生,实施""全生命周期健康管理""具有借鉴意义。",2020,高明华,伤残权重;伤残损失生命年;社会心理风险;健康预期寿命,中国社会科学,,CSS_f751b1670e65
马克思唯物史观叙事中的劳动正义,"寻求和探明劳动正义的本真内涵与现实表征贯穿于马克思唯物史观叙事的始终。马克思立足于人的存在方式和自由解放的本质需要,在审视人类劳动与人类历史的相互关系中阐明了劳动正义与生产正义、社会正义之间的层级结构,确立了劳动正义在这一结构中的逻辑先在性,并确立了作为劳动正义前提的自由向度和解放维度。唯物史观与现代性批判的叙事方式是马克思论述劳动和正义命题时的基本遵循,他从劳动异化和私有制角度对劳动的""非正义性""进行历史解构与前提批判,批判了""资本正义""""经济正义""的非正义性实质。马克思揭示了劳动与资本及其衍生的劳动内部关系的悖论,从""劳动自由""的高度破解了理论谬误。马克思劳动正义思想内蕴的叙事力量以及批判向度在21世纪经济全球化论域之中可被重新激活并启发新知。",2020,刘同舫,唯物史观;劳动正义;劳动关系;劳动生产形态,中国社会科学,,CSS_43ba6dfc9918
《资本论》理论定向的阐释维度,"《资本论》具有多样化的理论定向,并在后世解读中呈现出经济学、哲学、政治哲学等多样化的阐释维度。作为两种最具有影响力的阐释方式,对《资本论》的经济学理论定向和哲学理论定向的阐释,不仅各具理论合理性,而且具有很强的互补性。当基于经济学理论及其技术层面的《资本论》研究致力于完善与推进马克思政治经济学理论体系时,哲学理论定向的阐释维度将有助于更为全面地呈现《资本论》的当代价值。但是,由于对马克思哲学基本性质认知的差异性,因而在《资本论》的哲学理论定向的阐释维度上形成了多样化的解释方案。只有立足于唯物史观,才能真正呈现马克思哲学与《资本论》的内在性关联,并实质性地彰显《资本论》的当代价值;而要立足于唯物史观以确立马克思哲学与《资本论》的内在性关联,则必须首先明确唯物史观的《资本论》指向,即唯物史观是从黑格尔哲学体系中挣脱出来的伟大成果,是服务并从属于《资本论》研究课题的理论创立,真正的唯物史观就存在于《资本论》中。这是《资本论》的唯物史观理论定向。就此而言,《资本论》既是一部伟大的经济学著作,又是一部唯物史观的理论巨著。",2020,卜祥记,唯物史观;经济决定论;价值形式;思辨哲学,中国社会科学,,CSS_680815c409c2
范文澜与“汉民族形成问题争论”,"""汉民族形成问题争论""是20世纪50年代中国马克思主义史学语境中的一个独特案例。范文澜《试论中国自秦汉时成为统一国家的原因》一文引发这一争论,但该文的最初目的并非与苏联学者叶菲莫夫展开论辩,而是旨在纠正旧版《中国通史简编》的""缺点和错误""。范文澜所说学习马克思主义要求""神似""而不是""貌似""、""历史的具体事实正是有和无的根据"",不仅是他在争论中所持的基本观点,更是他致力于纠正中国马克思主义史学中存在的教条主义问题时所提示的基本原则。范文澜慎重考察斯大林民族定义和苏联史家观点对解决中国历史问题的适用性,基于他对汉民族是在""独特的社会条件下形成的独特的民族""的历史认识。回顾""汉民族形成问题争论""始末,对当前的中国民族史等相关问题研究具有启发意义。",2020,张越,汉民族形成问题;范文澜;叶菲莫夫;中国马克思主义史学,中国社会科学,,CSS_2141e30c214e
经济决定论的历史唯物主义评判,"""经济决定论""或""经济唯物主义""思潮始于第二国际,时下仍存有类似观点。""经济决定论""几乎成了历史唯物主义挥之不去的""误读""。理论上,""经济决定论""作为一种基于传统哲学进路理解人类历史的理论模式,诉诸""基础主义""和""还原论""的思维方式,机械地解读经济基础和上层建筑的关系,强调经济因素的唯一决定性。实践中,""经济决定论""的教条主义倾向,切割理论和实践,将历史唯物主义异化为一种""旁观的实证科学"",遮蔽了历史唯物主义的价值立场,妨碍革命实践甚至走向革命运动的反面。因此,有必要从学理上反思和揭示""经济决定论""的本质,澄清历史唯物主义理论的真实原貌。",2020,沈江平,经济决定论;历史唯物主义;人类命运共同体,中国社会科学,,CSS_7d847c33077a
社会符号论的批判向度与力度——基于唯物史观的一种考察,"通过马克思对商品、货币、资本等社会符号的深刻分析,可发现社会符号的颠倒与否定性质是社会符号普遍的有规律性的特质,是社会符号在一定社会形态下获得的历史规定性,其根源于人类实践的基本矛盾即对象化与非对象化的矛盾运动,由实践的辩证本质即以否定性为媒介的关系所规定,是否定性辩证法在符号上的具体表达。唯物史观视野中的社会符号论的批判是基于实践、基于现实、指向未来的,是具有革命性又具有建设性的批判。在当代,构建科学的社会符号论,不仅可以推动符号学的发展,而且是深化历史唯物主义的重要方面。",2020,方军,社会符号论;历史唯物主义;符号学,中国社会科学,,CSS_e8cb25f25d60
两种“艺术生产”:马克思“艺术生产”理论新探,"""艺术生产""理论是马克思的首创。《〈政治经济学批判〉导言》中""当艺术生产一旦作为艺术生产出现""一说有可能透露马克思""艺术生产""理论的重要奥秘。马克思研究""艺术生产""主要是对艺术活动作一种政治经济学的考量,而非作一般的艺术评论。他提出两种""艺术生产""的概念,前一个""艺术生产""是指作为人类精神生产方式的艺术活动,它体现着一般艺术规律和审美特征,对于物质生产和社会发展具有相对独立性;后一个""艺术生产""则是指作为资本主义生产体系中的精神生产部门所进行的生产劳动,它将精神产品作为商品形式以创造剩余价值、实现资本增殖。马克思区分出资本主义经济体系中的生产劳动与非生产劳动,而将作为精神生产方式的艺术活动划归非生产劳动,在政治经济学研究和《资本论》撰写中往往将其排除在外。但唯其将作为精神生产方式的艺术活动从资本主义生产体系中剥离和超拔出来,才有可能对其进行独立的、抽象的研究,以揭示其特殊的本质。正是在这个意义上,马克思从艺术生产作为对世界的特殊掌握方式、艺术生产的自由本质、艺术生产的""间接""功能、艺术生产的审美价值取向等方面对作为精神生产方式的艺术生产作出了经典性论述。",2020,姚文放,两种“艺术生产”;马克思;“艺术生产”理论;生产劳动;非生产劳动,中国社会科学,,CSS_704b81178666
马克思和恩格斯对正义概念的两种用法——兼评伍德的两个误解,"在20世纪70—80年代英美马克思主义学者关于""马克思与正义""的那场大讨论中,时任美国斯坦福大学教授的艾伦·伍德提出了一个使不少人感到诧异的论断——""马克思并不认为资本主义是不正义的""。(1)伍德的论断不仅在英美学界引起激烈争论,而且对我国学者也产生了很大影响。伍德对马克思和恩格斯著作中的正义概念存在不少误解,而纠正这些误解对于深化我国学者对马克思正义思想的研究是十分必要的。本文将通过阐释马克思和恩格斯对正义概念的两种用法,对伍德的两个误解作出深入的分析和说明。",2020,段忠桥,,中国社会科学,,CSS_d5032705d288
美好社会:现代中国社会的历史展开与演化图景,"现代中国社会的历史展开内嵌着实现不同社会图景的内在线索。小康社会的全面建成,标志着绝对贫困的彻底消除、精神境界的历史性跃升、制度文明的全新缔造,以及社会有机体的有序运转。在小康社会之后,为实现美好生活奠基的美好社会成为延续现代中国历史的社会图景选择。社会生产力发展水平""质""的跃升、社会主要矛盾的历史性转化、社会主义核心价值观的确立、社会主义制度的发展与完善,分别为美好社会的生成奠定了物质根基、矛盾根基、价值根基与制度根基。在此基础上,美好社会的理想图景,是一幅反思、扬弃与超越""现代性""的社会图景,是一幅深度切中""人民的现实幸福""的社会图景,是一幅在现有条件下追求""自由个性""的社会图景,三幅图景将实现工具理性与价值理性在社会发展进程中的内在和谐。在道路自信与民族复兴双重变奏的基础上,美好社会被赋予了深刻的时代内涵与深厚的历史意蕴,其致力于开启文明的崭新类型,为""个体""意义上人的自由全面发展与""共同体""意义上的共同富裕奠定全新的社会基础。",2020,项久雨,小康社会;美好社会;社会变迁;道路自信;民族复兴,中国社会科学,,CSS_7e9ac77eb442
营利概念与中国法人法的体系效应,"""营利""这一概念是贯穿中国法人法的一条主线,其含义由二要素构成:一是以追逐利润为目的;二是将利润分配给出资人。以此为标准,《民法典》区分了营利与非营利法人,并将法人性质与其组织形式捆绑,采用特定的组织形式意味着只能从事特定性质的行为,法人""身份""直接决定了其""能力""。此举旨在遵从公法上的法人区分登记管理体制,维持了公私法体系的融贯性,但却束缚了营利法人的权利能力与社会活力,在私法上的体系效应不佳。这一问题在大陆法系由来已久。作为两大立法例之一,日本法较早采用的营利与公益法人分类经历了艰难的改革过程,但始终受到营利概念二要素的困扰。德国法采用的社团与财团法人分类摆脱了营利概念之束缚,将利润分配完全留给经济性社团自治,允许以社团法人的组织形式从事任何法不禁止之事业。这种法人组织法中立的技术构造,充分释放了社团法人的权利能力与社会活力。立足中国国情,中国法人的私法构造应妥善处理与公法上的社团管制之关系,逐步放松利润分配要素对营利法人的不当限制,有步骤地推动法人组织法与行为法的脱钩,释放营利法人参与公益事业的权利能力。",2020,宋亚辉,营利;营利法人;非营利法人;利润分配,中国社会科学,,CSS_f94b88662900
国家治理现代化的逻辑转换,"国家治理现代化体现了现代国家建构的过程,国家治理的成败取决于国家治理的制度逻辑及其治理的有效性。现代西方国家治理由市场逻辑主导,在保护个人权利和增加物质财富方面取得了突出的成就,但发展至今却面临着治理效能下降的危机。鸦片战争以来,中国的治理转型深受传统权力本位的逻辑制约而难以成功。中华人民共和国成立,特别是改革开放以来,国家治理呈现出由权力本位逐渐向权利本位转变的趋势,取得了卓越的治理成效。鉴于时空境遇的新变化,新时代国家治理现代化需要应对传统因素和国际局势的双重考验,由此,应以开放系统的视野分析国家治理转型的核心问题,切实将国家治理的逻辑落定于权利本位。在当代中国,国家治理现代化首要的是坚持党的领导。从现实问题和客观需求出发,国家治理现代化必须坚持以人民为中心、以公民权利确立治理根基、以宪法之治凝聚治理共识、以合作行动创造治理动力、以公共美德提供治理支撑,由此确立和夯实现代国家治理有效性的基点,提升国家治理效能。",2020,夏志强,治理效能;国家治理逻辑;市场逻辑;权力逻辑,中国社会科学,,CSS_e4c28be0b256
世界普遍交往中的人类命运共同体,"""交往""是马克思唯物史观思想发展过程中的一个重要概念,交往、交往的扩大、世界普遍交往表明历史突破狭隘而孤立的地域历史向世界历史转变的轨迹。黑格尔说""世界历史的进程是一个合理过程"",恩格斯认为黑格尔的""这个划时代的历史观是新的唯物主义世界观的直接的理论前提""。生产方式、交往以及因交往而自然形成的不同民族之间的分工消灭得越是彻底,历史就越是成为世界历史。习近平关于人类命运共同体的倡导是对马克思世界历史理论在新时代的创新和发展,而马克思的世界历史理论包含的一个主要论题就是世界普遍交往理论,这就意味着:人类关于未来社会的""自由人联合体""和""人类命运共同体""这两个伟大构想都是在生产力的高度发展和世界交往的普遍展开中提出的,也将在世界普遍交往中实现。""人类命运共同体""的交往范式从根本上超越了资本逻辑,为世界普遍交往贡献了中国智慧与中国方案。",2020,李包庚,交往;世界普遍交往;世界历史;人类命运共同体;中国方案,中国社会科学,,CSS_2218ca900496
价值形式:马克思商品拜物教批判的理论定位,"西方左翼思想家们对于历史唯物主义的""重释"",往往从商品拜物教批判出发,但所获得的理论成果却普遍背离经典历史唯物主义的立场,从而未能实现历史唯物主义的当代化。要实现历史唯物主义的当代化,就要重新理解马克思在商品拜物教批判中把握现实运动的基本方式。马克思的商品拜物教批判并不是对于某种""事实""(不论是""观念事实""还是""社会事实"")的批判,而是对于价值形式分析的阶段性成果,即""通过一般等价物建立的商品世界""所作的进一步的形式分析。作为马克思形式分析进程中的一个重要环节,商品拜物教批判呈现了以历史性的普遍交换为核心的资本主义表现机制在生产者拜物教和政治经济学拜物教的建构中所起的作用,为更进一步深入资本主义生产领域内部揭示资本主义现实运动的自否性的形式分析设置了路标。对马克思的商品拜物教批判进行重新理解,为我们澄清了历史唯物主义当代化的重要工作原则:一方面要坚持唯物主义的方法论原则;另一方面要保持历史唯物主义的超越性理论视野。",2020,吴猛,商品拜物教批判;历史性;形式分析;历史唯物主义当代化,中国社会科学,,CSS_4823c76dee32
人民意志:马克思法哲学的思想特质,"在国家制度的确立与实行中充分表达""人民意志"",是马克思深刻批判与根本颠覆传统法哲学致思理路并重构其价值的基石。马克思法哲学的理论本性需要我们超出已有研究范式与路径并从更为宽广的视域来深刻把握其整体脉络和基本特质。对于如何在国家制度的确立与实行中充分表达""人民意志""并由此来实现人的解放的问题,马克思在深刻批判黑格尔法哲学和创立唯物史观的基础上,通过建构""科学社会主义"",既深入考察了相关的""历史条件""并科学揭示完成这一问题的性质,又使无产阶级充分""认识到自己的行动的条件和性质""。因此马克思法哲学必将导向""科学社会主义""的逻辑就呈现在我们的视野中,人民性构成了马克思法哲学的基本特质和逻辑必然。",2020,牟成文,“人民意志”;马克思法哲学;国家制度;科学社会主义,中国社会科学,,CSS_58a7f73a10fd
聚落考古与龙山文化社会形态,"史前聚落考古的丰富研究成果表明,龙山社会在家户形态、经济生活、社会分层、政体形态等层面展现出丰富内涵与重要变化。在此时期,核心家庭上升为社会基本单位的主体,并与社会和生活的诸多变化息息相关。活跃的经济活动建立在集约化之上的专业化生产和社会化倾向开始的基础之上,得到了依托于各级聚落的贸易网络(尤其是区域中心所在城市)的支持。当时社会已出现政治权力意义上的分化,社会分层在层级化的区域社会聚落层面也有着清晰反映,并且可能已经出现了相当集中的政治权力。围绕一个城市形成的区域社会在当时已普遍出现,这种社会具有比较清晰的边界,相互独立,其政体形态当为城邦。",2020,孙波,龙山文化;聚落;区域社会;家户;城邦,中国社会科学,,CSS_9b729f5b9fa9
中国行政体制改革的价值显现,"中国行政体制改革进程基本与市场化进程吻合,并在不同阶段先后呈现出适应市场(高效政府)、稳定社会(服务型政府)与人民满意(人民满意的服务型政府)的基本逻辑和价值取向,而其共同之处则在于回应主要由市场化所塑造的社会差异性。随着全球化、信息化与市场化进程的高度交织,特别是互联网社会对社会结构的影响日益深化,塑造了社会多元性并对行政体制改革带来了新挑战。新时代的中国行政体制改革,既要继续回应社会差异性,又要回应社会多元性,即双向回应。""以人民为中心""的提出,在理论层面是行政体制改革双向回应的价值表达,在实践层面是行政体制改革双向回应的中国方案。未来行政体制改革的要义在于:应对多元性,转变政策制定方式;利用多元性,确认并重新理解社会分歧;建构多元性,以此拓展解决公共问题的路径。",2020,何艳玲,行政体制改革;市场化;互联网;以人民为中心;开放治理,中国社会科学,,CSS_5e5058bb7ed3
论数字货币的法律属性,"自提出比特币概念至今,数字货币已被广泛应用。数字货币是以区块链作为底层技术支持,具有去中心化、可编程性、以密码学原理实现安全验证等特征。关于数字货币的法律属性,总体上有非货币财产说和货币说,其中非货币财产说又有商品说、证券说、数据说等学说。具有代表性的商品说、证券说、数据说等均具有无法逾越的理论困局和现实障碍。回归货币的本质,其作为普遍认可的记账符号,国家或私人银行发行仅是构建货币信用的手段,而非必要条件。相比较传统货币,数字货币正是依赖区块链技术,完成了去中心化的货币信用构建。如此,在数字货币货币说的基础上产生了新货币说,一方面,它为建构数字货币的准货币属性提供法理依据;另一方面,也为渐进完善数字货币立法提供理论基础。可以先确定其为准货币的法律属性,在时机成熟时再确认其货币的法律地位。有必要在立法中确认数字货币作为准货币的法律地位,以此作为逻辑起点建构其作为准货币的系列法律制度。数字货币容易被用于犯罪或者逃避金融管制的工具,必须确定监管主体,构建监管规则。",2020,杨延超,数字货币;比特币;法律属性;监管制度;金融监管,中国社会科学,,CSS_d8d65037c2d7
唯物史观视阈下的中国古代土地制度变迁,"生产资料所有制是社会生产关系的基础。土地是最重要的生产资料。深入剖析研究历史上的土地制度,是理解历史、认识历史、阐释历史的基础,更是理解、认识、阐释文化血脉、文明基因、制度体系,增强文化自信的基础。因此,它始终是中国马克思主义史学的优秀传统与鲜明特征。中国马克思主义史学诞生之后,特别是新中国成立以来,以对封建土地所有制形式问题的探讨为核心,中国古代土地制度研究成果丰硕,成就巨大,在国际史学界独树一帜,广受关注,允称中国风格、气派与气象。改革开放以来,随着新材料的发现和出土资料的增加,加之跨学科方法的运用以及视野的拓展等,史学界对于中国古代土地制度的认识愈加细腻与深入。在中国特色社会主义进入新时代的背景下,怎样在传承中国马克思主义史学优秀传统的基础上作出与新时代相匹配的创新性成就,进而为科学地揭示中国历史发展道路、中国历史发展规律奠定坚实的基础,从""历史的深处""去深刻理解习近平总书记关于""历史决定了我们""等重要论述,推进历史学方面的学术体系建设,我们认为,深入探讨中国古代土地制度演变与国家治理、社会发展的密切关系,应是一个不可缺席的选项。基于这种考虑,我们约请苏州大学社会学院臧知非教授、华中师范大学历史学院周国林教授、河南大学历史文化学院耿元骊教授、首都师范大学历史学院李华瑞教授、上海交通大学人文学院赵思渊副教授、中山大学历史学系刘志伟教授以""唯物史观视阈下的中国古代土地制度变迁""为题,撰写了本组专题文章。他们在继承、总结、分析以往研究成果的基础上,深入探讨了自战国至明清与土地制度变迁密切相关的主要问题。各篇文章均基于详实的史料,从土地所有制的性质、形式,户籍赋税、土地政策、土地法规与土地制度的关系,土地市场的运作实践等方面,阐释了中国古代土地制度演变的实质、特点与规律,反映了新时期中国古代土地制度研究的新成果及趋向,代表了新时代相关研究的水平。这是继史学界""五朵金花""问题讨论之后,又一次集中性地讨论中国古代土地制度问题。我们期待这组文章能够起一个示范作用,在守正创新的原则下,对建设中国特色社会主义新时代的中国马克思主义史学有所助益。当然,虽经外审专家严格审稿与编辑部认真编辑,由于视角与见解的不同,各文稿应尚有值得商榷之处。我们期待着学术界同人的批评指正。",2020,臧知非;周国林;耿元骊;李华瑞;赵思渊;刘志伟,,中国社会科学,,CSS_f52687f7c6da
创立习近平新时代中国特色社会主义思想是文化主体性的最有力体现,"创立习近平新时代中国特色社会主义思想是文化主体性的最有力体现。深刻领会树立文化主体性这一重大命题,需要对其本身进行思考。一方面,树立文化主体性自身即为新时代文化建设的主题和使命,这是由新时代所处的百年变局同民族复兴相交织的历史方位决定的。习近平总书记深刻把握到新时代文化建设的主题和使命,最为有力地体现了高度自觉的文化主体性。另一方面,经由文化自信建立起强大的文化自我、树立文化主体性,这是贯穿习近平文化思想始终的主题。不仅如此,还要领悟树立文化主体性对于实现民族精神独立、捍卫经济和政治等诸领域成就、将“五位一体”总体布局统括为一个实践总体的重要意义,“第二个结合”对于树立文化主体性的决定性意义,特别是要深入认识建设中华民族现代文明中蕴含的文化主体性意义。",2024,张志强;杨洪源,习近平文化思想;文化主体性;“第二个结合”,中国社会科学,,CSS_2e060c511f3f
文明现代性:中国式现代化的历史形态,"现代性孕育于特定的文明母体之中,不是脱离于现实物质生产的高头讲章。文明现代性作为一个标识性概念,提供了认识现代性的一种历史框架,即深入到历史必然性与历史多样性相统一的问题域来界定现代化的历史形态。中国式现代化探索经历了“器物—制度—文化—文明”的历史转变,是一个逐步深化的历史进程。中国共产党坚持“两个结合”,从文明高度推动现代化发展,带领中国人民走出了中国式现代化道路。中国式现代化之所以历史地成为可能,关键在于其自身既顺应人类文明发展、社会主义文明发展的历史规律,又遵循中华文明现代转型的历史要求,形塑了新的文明现代性。",2024,项久雨,中国式现代化;文明现代性;历史形态;人类文明新形态,中国社会科学,,CSS_ba432df39a14
中国共产党文明观的生成逻辑,"文明观集中体现了人们对待不同国家、不同民族文明的观点和态度,是对如何看待文明、不同文明之间关系、人类文明未来走向等一系列问题的解答。中国共产党在推进中国式现代化的过程中,既巩固长期执政的现实基础,又不断探寻文明发展规律,推进党的理论创新,形成了系统的中国共产党文明观体系。中国共产党文明观是特定理论语境、文化背景、实践根基和主体立场的产物,也是多重因素交织作用的理论成果。马克思主义文明观和中华传统文明观构成中国共产党文明观的“魂脉”和“根脉”;党领导人民百余年来的文明探索,是中国共产党文明观形成的重要实践基础;中国共产党人的文化主动奠定了中国共产党文明观得以生成的主体自觉。",2024,张波,文明观;中国共产党;中国式现代化,中国社会科学,,CSS_ebf49f101adf
网络文学批评的四重视野,"网络文学是一个需要从多维度整体性观察的文学事实。针对当下网络文学批评存在的主要问题,结合网络文学生产实践和发展进程,可以从四个方面进一步拓展与构筑网络文学的批评视野。马克思主义的总体性视野是网络文学批评的根本视野,唯物史观要求把网络文学作为社会生产和再生产的一部分加以考察,辩证唯物主义有助于把握网络文学生产中的具体现实和矛盾现象;新媒体时代数字人文视野是了解网文生产机制的必要条件,数字媒体技术深刻改变了文学活动形态,媒介革命带来的新的媒介环境、大数据算法和生成式人工智能的应用,不断重塑网络文学的生产形态;网络文学现场的情景化视野,使批评能够以沉浸观察的方式触摸网文活动的机理,并在“整体性情景”中把握网文生产的复杂性;“争取新文明”的想象性视野,则有助于在人类文学活动的绵延中、在中国式现代化进程中,重新定位网络文学并从中发掘先进的文学生产力。",2024,乔焕江,网络文学批评;总体性;数字人文;情景化;新文明,中国社会科学,,CSS_9495f7e2e6f9
数字时代劳动关系概念及认定规范的中国表达,"为克服现有劳动关系概念和认定规则的缺陷,应对平台用工兴起的规则需求,矫正司法实践存在的偏差,我国有必要通过立法对劳动关系概念及其认定方法进行规定。劳动关系的本质属性依然是从属性,核心是人格从属性。从属性可从人格从属性、经济从属性和组织从属性三个角度加以考察,但三个从属性互有交叉,并非泾渭分明。劳动关系概念及其认定的规则体系建构应充分考虑数字时代的特点,规范表达应包含立法和行政意见或司法解释等不同层面的多种形式,在规则的确定性、稳定性和灵活性之间寻求平衡。在规则建构中应积极借鉴域外有益经验,并充分利用本土已有规则和实务资源。在劳动关系认定上,应把握从属性的合理程度,并对劳动者是否具有劳动自主性进行实质判断。",2024,谢增毅,劳动关系;劳动者;平台用工;从属性,中国社会科学,,CSS_3c3e2ffa5e58
农村历史性变革对中国式现代化的奠基性影响,"中国式现代化道路之所以能够形成并取得举世公认的巨大成就,其中一个极为重要的基础性原因,就在于自新中国成立七十多年以来中国农村所进行的一系列成功的历史性变革。从中国式现代化基本制度构建的维度看,这些历史性变革具有极为重要的奠基性影响;从中国式现代化物质基础得以形成的维度看,其作出了奠基性贡献;从中国式现代化内生动力的维度看,其具有不可或缺的、可持续的积极促进意义;从中国式现代化安全推进的维度来看,其具有不可或缺的重大保障意义。从一定意义上讲,不了解农村的这些历史性变革,就不可能解释中国式现代化的何以塑就、何以不同于其他国家的现代化道路以及中国式现代化何以持续健康前行的一个不可或缺的基础性原因。",2024,吴忠民,农村历史性变革;基本制度;物质基础;内生动力;安全推进,中国社会科学,,CSS_18caf8fe8ebd
中国式现代化的生态文明意蕴,"历史唯物主义的理论叙事没有将人与自然的有机联系排除在历史进步观念之外。西方现代性在历史向世界历史转变过程中的一个严重的负面后果,是人在与自然、共同体以及自我的三重疏离中失去了平衡。中国式现代化在谱写新文明形态过程中确立了生态实践路向,开辟了人与自然和谐共生的现代化新道路。习近平生态文明思想,创造性地发展了历史唯物主义理论,在引领中国式现代化生态实践中,致力于人与自然和谐共生的生命共同体建构,以生态和绿色赋予了中国式现代化以显著特征和本质要求。",2024,袁祖社,中国式现代化;生态实践;生态文明;文明意蕴,中国社会科学,,CSS_dc134a617198
政府治理中社会整体利益的法治实现,"社会整体利益是全体社会成员的共同利益,中国的政府治理以实现社会整体利益为重要目标,法治是这一实现过程的保障。政府治理的组织、职能和规范体系为实现社会整体利益塑造了主体、行为和规则基础。应在党的领导下,坚持形式法治和实质法治建设并重,以社会整体利益最大化、平衡协调和实质公平为理念,形成对政府治理的有效激励、及时纠错和科学问责;以治理分权、治理竞争、公私融合为核心完善政府治理的组织基础,以利益平衡、精准治理和公共产品供给为核心完善政府治理的具体职能,深化政府治理决策的合理性审查与后评估;完善政府治理的公共实施机制和私人实施机制。",2024,冯辉,社会整体利益;国家治理;政府治理;形式法治;实质法治,中国社会科学,,CSS_521bfda58838
原创性概念和标识性概念——建构中国自主知识体系的概念基础,"原创性概念和标识性概念是构成新的知识体系不可或缺的概念基础。建构中国自主知识体系,其实质内容是用中国道理总结好中国经验,提炼出有学理性的新理论,概括出有规律性的新实践,从而把中国经验提升为中国理论;其主要标志则是实现“术语的革命”,赋予概念以新的思想内涵、时代内涵和文明内涵,形成一系列原创性、标识性概念。“原创性概念”凸显的是其所实现的“术语的革命”,“标识性概念”则不仅具有“原创性”,而且凸显特定知识体系的“主体性”和“自主性”。提炼原创性、标识性概念,实现“术语的革命”,是建构中国自主知识体系的最为重要的概念基础。",2024,孙正聿,中国自主知识体系;原创性概念;标识性概念;术语的革命,中国社会科学,,CSS_22ba90fcbc38
习近平文化思想的原理性贡献,"文化关乎国本、国运。2023年在中国历史研究院召开的文化传承发展座谈会的重要讲话中,习近平总书记再次重申了这一判断,并着重说明:“这段时间,我一直在思考推进中国特色社会主义文化建设、建设中华民族现代文明这个重大问题”,(1)习近平总书记还特别强调,正是这一点,是召开这次座谈会的原因。这表明,习近平总书记是把文化建设提升到中华民族现代文明建设的高度来看待的,是把文化化建设提升到国本和国运的意义上来把握的。",2024,张志强,,中国社会科学,,CSS_80374f02d42d
马克思的文明理论与建设中华民族现代文明,"文明是人类社会进步的显著标识。马克思揭示了人类文明的结构特征、发展目标等,强调未来文明是能够实现每个人自由全面发展的文明。中华民族现代文明是在马克思主义基本原理同中国具体实际相结合、同中华优秀传统文化相结合的历史进程中逐渐形成发展起来的,是社会主义社会形态的文明,也是中华文明与世界文明交流互鉴的文明。建设中华民族现代文明要深入研究马克思的文明理论,不断推进中国式现代化,在广泛吸收借鉴人类文明成果的基础上,推动中华优秀传统文化创造性转化、创新性发展,推动中华文明走向世界,为促进人类文明进步贡献中国智慧和中国方案。",2024,段妍,马克思;文明理论;中华民族现代文明;人类文明新形态,中国社会科学,,CSS_6175f1a33633
国家治理的空间建构——行政区划调整的时空逻辑与新时代的关键议题,"行政区划型构了国家治理的空间载体。基于职能导向论的基本立场归纳新中国行政区划的调整逻辑,可以发现:鉴于政府职能的动态性和相对稳定性,调整逻辑表现出鲜明的时代分布;政府职能的纵向分异和政区属性差异,又使得调整逻辑呈现出明显的空间分布;时代与空间的交织构成了锚定新中国行政区划调整逻辑的时空坐标体系。以新时代行政区划调整的时空逻辑为分析起点,结合政策转向和宏观环境变化,助推超大特大城市高质量发展、推动收缩型城市转型发展与“小县”重组、助力基层治理现代化构成了新时代持续优化行政区划设置的关键议题。",2024,赵聚军,国家治理;行政区划;政府职能;自主知识体系,中国社会科学,,CSS_d2c65a942f7b
中国古代农牧政权地缘结构转换与“大一统”国家建构,"汉唐时期高强度的农垦、超载的畜牧业和自然环境的变迁,导致唐中期以后阴山南北难以兴起强大的游牧力量,而燕山南北经过长期的文化交融和各民族的共同开发,成为北方游牧政权新的政治中心。在游牧政权中心西东转换的同时,中原农耕王朝政治重心也由关中平原东移至洛阳、开封一带,农牧政权政治重心地缘格局形成“阴山—关中”“燕山—中原”两个前后相继的南北互动交融轴心。在这两个南北对应的交融轴心之下,历代王朝为实现兼跨农牧两大区域的“大一统”国家建构进行了长期探索。辽朝以后,处于农牧区交互地带的燕山南北,成为推动农牧区整合、实现“大一统”国家建构的关键区域。",2024,刘壮壮,游牧政权;阴山;燕山;地缘特征;南北整合,中国社会科学,,CSS_42cfdd1b73cc
授权资本制的中国运行机理,"从认缴制到授权资本制,是我国公司资本制度改革的重大理论飞跃,标志着股份有限公司融资法治现代化时代的来临。授权资本制的关注重心在于公司融资自主权与新旧股东利益平衡。公司章程或股东会授权董事会发行股份,既方便公司设立,又重塑公司融资治理的权力分工,突出董事会的决策者地位。授权资本制与类别股、实缴制相结合,既满足不同偏好的投资者需求,打开公司与股东间的新型资本类交易通道,又减少公司注册资本虚化等问题。对于新旧股东的利益平衡与救济之道,在股东优先认购权章程选入模式下,须以强化董事受信义务作为支撑,辅以新股发行主要目的审查与瑕疵之诉的司法救济。",2024,傅穹,授权资本制;股份有限公司;董事会决策;类别股份,中国社会科学,,CSS_3cd0a31066e7
侯外庐的社会史研究及其理论贡献,"侯外庐先生通过研究中国古代历史,对马克思的亚细亚生产方式作出合理的解读,指出中国古代走了“家族—国家”的维新路线,与西方古代“家族—私产—国家”的路线不同,并对维新路线下的中国古代社会作了分析、说明,将中国的历史实际与马克思主义基本原理相结合,用中国的材料去丰富和发展马克思主义历史理论,具有方法论的意义。侯外庐指出封建社会前期,具有统治地位的是封建土地国有制,提出要区分所有权、占有权和使用权,将地主阶级分为皇族地主、豪族地主和庶族地主。封建社会后期,明清之际江南等地区出现了资本主义萌芽,在思想领域则出现了早期启蒙思潮,马克思的社会发展理论同样适用于中国社会,需要从普遍性和特殊性的角度对中国历史发展作出总结和探索。",2024,梁涛,侯外庐;社会史研究;亚细亚生产方式;土地国有;资本主义萌芽,中国社会科学,,CSS_6941000a7be2
中国式现代化的文化形态——基于唯物史观的考察,"中国式现代化的文化形态是中国式现代化实践经验在思想观念上的凝练和升华。文化的特殊属性和功能决定了中国式现代化的文化形态的双重内涵,既是对中国式现代化的文化建设内容的观念反映,也是对中国式现代化的“五位一体”建设内容的观念反映。从唯物史观视域研究中国式现代化的文化形态,不仅对我们理解文化与文明的内在关系,把握中国式现代化的理论基础与实践经验,进而形成对中国式现代化的整全性认识具有重要意义,而且对我们如何在破解“古今中西之争”的基础上,更好地担负起新的文化使命,建设中华民族现代文明,创造人类文明新形态也具有重要意义。",2024,周丹,唯物史观;中国式现代化的文化形态;中华民族现代文明,中国社会科学,,CSS_2cc31ed540a8
以发展谋福祉:中国特色社会政策理念与实践路径,"中国特色社会政策是中国式现代化道路的重要组成部分,突破和超越传统的社会政策模式讨论,系统性认识和评价我国的社会政策是中国式现代化研究的关键环节。基于2003年以来社会支出数据和有关文件内容,通过对社会保护型政策、社会投资型政策、积极就业政策、劳动力市场规制四类政策的分析,可以全面动态地回顾过去二十多年我国社会政策的发展。分析表明,以发展谋福祉是我国社会政策的特色理念所在。“发展”是一以贯之的目标,以系统观念作为认识和改造世界的基本方法论,应抓住主要矛盾带动全局,采取问题导向和渐进改革的发展策略,在推动高质量发展过程中谋划社会政策的未来。",2024,房莉杰;潘桐,中国式现代化;社会政策;高质量发展;共同富裕,中国社会科学,,CSS_65e816fbe2e0
近代乡民的活动圈层与行为边际,"传统农业社会在土地的制约下,村庄、农田构成村民的生活圈与生产圈,从村庄进入集市从事交易构成社交圈。三个圈层中,社交圈的空间范围不仅成为村民行为边际,而且通过集期相互交错的集市,将参与交易的村庄纳入共同的集市交易空间内,并构成共同客源区。客源区的边界就是村民社会行为的边界,与村民相关的婚姻、基层管理、祭祀等社会交往均在这一范围内。中国乡村依托集期的相互交错,构成的客源区并非一个,每个客源区都具有独立性,彼此之间交往甚少,平行存在于乡村大地上。",2024,韩茂莉,传统乡村;村民社会空间;村民行为边际;集市;集期,中国社会科学,,CSS_f60db77bbed5
文明创新发展的中国表达,"文化是一个国家、一个民族的灵魂。党的十八大以来,习近平总书记着眼强国建设、民族复兴的战略全局和长远大局,围绕新时代文化建设提出了一系列富有原创性、时代性、指导性的重大思想观点论断,内涵丰富、论述深刻、系统完整、逻辑严密,是新时代党领导文化建设实践经验的理论总结,丰富和发展了马克思主义文化理论,构成了习近平新时代中国特色社会主义思想的文化篇,形成了习近平文化思想。",2024,秦龙,,中国社会科学,,CSS_f00aafbbd6c9
再析马克思恩格斯关于鸦片战争的论述,"在鸦片战争问题上,马克思恩格斯始终站在中国人民和反侵略斗争一边,不但揭露了英国殖民主义者从事鸦片贸易活动和发动侵华战争的真实动机,对英军的侵略暴行进行了严厉谴责,而且对中国军民反侵略斗争的正义性和合理性作了申辩,并对鸦片战争的性质、结果和影响作了精辟阐述,充满辩证法和历史唯物主义的思想光辉,提出许多迄今仍具有指导性的观点和判断。对于鸦片战争的性质,西方殖民者一直进行粉饰、歪曲和美化,将鸦片战争看作东西方两种不同文化的冲突,文明与野蛮、进步与落后的冲突,将战争责任归咎于中国的排外和闭关政策。为批驳这些严重歪曲事实的谬论,有必要回到经典,对马克思恩格斯关于鸦片战争的论述再作深入完整探析。",2024,崔志海,马克思;恩格斯;鸦片战争;殖民主义,中国社会科学,,CSS_82d29d2a9c4a
马克思社会发展理论与中国式现代化,"深化中国式现代化理论研究,构建中国式现代化理论体系,既要加强实践经验总结,又要加强马克思社会发展理论研究,以夯实其理论基础。马克思社会发展理论就其基本内容而言,包括两大层次:一是关于社会发展的一般理论,二是关于现代社会发展的具体理论。马克思关于现代社会发展的理论主要是通过现代社会的剖析形成的。马克思研究现代社会发展有其独特的方法论,主要体现为总体性方法、比较研究方法、历史分析方法、宏观与微观相结合的方法等。在新的历史条件下,要彰显马克思社会发展理论,重要的是抓好这样一些着力点:激活马克思社会发展理论的思想资源,加强中国式现代化的学理性阐释,推进经验到理论的提升,推动发展理论的对话交流。",2024,丰子义,现代化理论;马克思社会发展理论;现代社会;中国式现代化,中国社会科学,,CSS_2cdc068b8429
财税法一体化的理论逻辑与实践转向,"现代国家财税治理的权利本位观念、体系规范理路和整体主义进路,共同证成和揭示了财税法一体化的理论与实践逻辑。财税法一体化以形成统一多元的法律价值、融贯协调的法律体系和整体协同的法律治理为具体内涵,旨在构建财税法的整体法学形象与整体法治秩序。应在权利保障法的语境之下,确立层次清晰、内容分明的财税法律价值体系;在新兴领域法的定位之下,建构整体与部分统筹融合的财税法律规范体系;在现代治理法的范式之下,促成政府、市场与社会关系协调的财税法律治理格局。",2024,蒋悟真,财税法;一体化;法典化;法律体系;整体性治理,中国社会科学,,CSS_8238653bb096
明代家族社会转型及其观念变迁,"宋代是中国家族制度及家族社会发展的关键时期,宋代的儒者为后世家族制度及家族社会的建构,设计出一种较为符合宋代社会现实的方案。到了明代,随着社会与经济的不断变迁,家族制度及家族社会的建构朝着更加贴近社会现实的方向演变。明代以来民间家族在血缘传承上的变通与拟制,与宋儒设计的纯洁血缘传承的理念相去甚远。明代家族逐渐走出本家族的畛域,进入地方社会的竞争与协作的事务之中。经过一二百年社会实践的调试,明代家族形成了一个多种矛盾同时存在并且相互结合的“多元”结构。明代家族制度及家族组织的这一变迁,适应了明代社会变迁的整体趋势。清代至民国时期,中国的家族制度及家族社会基本在明代的影响下运行。",2024,陈支平,明代;家族;社会;变迁,中国社会科学,,CSS_16ee35937031
共同富裕的中国逻辑,"共同富裕在中国有着深厚的历史文化底蕴和鲜明的社会制度逻辑。作为社会理想,体现了中华民族源远流长的精神追求,家国情怀、民胞物与的共同体观念深刻塑造着中国人的精神世界;作为根本原则,让以劳动为尺度的社会主义制度本质属性在中国特色社会主义实践中得到坚定贯彻与现实展开;作为现实实践,顺应历史规律与发扬历史主动相得益彰,政党先进性与政策策略科学性同向发力,共同富裕的路线图越来越清晰;作为中国方案,于多样与分化中熔铸真实共同体,在发展与进步中涵养科学富裕观,贡献出现代化进程中构建人类文明新形态的国家样本。中国推动共同富裕的历史实践,不仅在哲学意义上拓展了对“共同”的时代理解,也在文明意义上标注出“富裕”的时代高度。",2024,辛鸣,共同富裕;文化传统;社会主义;历史主动;中国方案,中国社会科学,,CSS_c3475038430e
罪刑关系的体系化及其实现,"罪刑关系所涉及的范畴、内容以及要素等需要立足于系统思维,通过关系网络和“群”的概念、框架来把握。罪刑关系既是罪刑相互作用、相互制约的辩证关系,也是刑法、刑事法律规范以及行政法律规范等之间有关罪刑运用的整合化、系统化关系。法治建设的制度化、规范化、程序化为新时代我国罪刑关系的体系化指明了方向。罪刑关系在价值目标上应当实现由偏重秩序维护转向秩序维护与人权保障并重、由偏重结果正义转向结果正义与分配正义并重、由多极化转向一体化、由粗放化转向精细化。罪刑关系的体系化需要以罪刑体系与结构的体系化为基础,在确保逻辑优化与价值评价活性化的同时,通过双轨化制度的构建、罪刑体系的贯通以及罪刑关系的内外协同来实现。",2024,彭文华,罪刑关系;罪刑规范;犯罪体系;刑罚结构和体系;刑事一体化,中国社会科学,,CSS_6f8d53411d08
数字社会发展与中国政府治理新模式,"数字时代的中国政府治理正在发生深刻变化,超出了既有国家治理理论的解释边界,对“行政发包制”“上下分治的治理体制”“国家治理的制度逻辑”等理论都构成挑战。通过建构数字社会发展与政府治理变革的分析框架,并用其解读数字金融领域的政府治理现象,可以发现,数字技术的广泛应用在实体空间之上创造了数字空间,产生“数实相融”的新型治理情境,给多层级政府治理带来三个关键性变化,即信息优势的上下分化、属地原则的效能衰减、社会风险的规模放大。这些变化成为驱动当代中国政府治理变革的重要因素,使得多层级政府出现“上下共治”的治理模式,它既不同于“行政发包”“上下分治”,也不同于“垂直管理”“高度关联”,是一种亟待深入研究的政府治理变革新趋势。",2023,向静林;艾云,数字社会;政府治理;数实相融;上下共治,中国社会科学,,CSS_d6e4f5e41465
“旅游中国”:四十年旅游发展与当代社会变迁,"在全面总结改革开放40余年来中国旅游发展的历程、特征和趋势的基础上,将“旅游中国”作为一种新的研究范式,突破将“旅游”与“社会”视为两个独立并行领域的二元思维,可对中国旅游发展与社会变迁互嵌交织的复杂图景展开更具整体性、整合性和历史深度的刻画。党的十八大以来,中国旅游发展“黄金十年”的社会效应已远远溢出其经济产业属性:对内,旅游是体现人民主体性、创建和美家园、塑造美好生活的重要力量,旅游即社会生活,进而在中国多区域、多民族、多文化的历史与现实语境下,通过构筑互动交流的旅游“融空间”助力铸牢中华民族共同体意识;对外,通过入境旅游、出境旅游和旅游外交讲好中国故事,有助于在全球互动中推进文明互鉴,增进文化自信。旅游已成为推进中国式现代化、对话世界的重要舞台。",2023,孙九霞;李菲;王学基,中国社会变迁;中国旅游发展;旅游中国;旅游“融空间”,中国社会科学,,CSS_e54abed2c879
工业化以来西欧的“乡村城市化”,"对于工业化以来西欧的“乡村城市化”,应当按照马克思相关论述从三个维度予以认识:其一是马克思所强调的乡村从属于城市、城市实现对乡村的支配;其二是马克思曾亲历的乡村地区城镇化、乡村人口日益城市化,包括乡村人口向城市大规模集中和转移的现象;其三是乡村城市化也蕴含乡村生活方式和经济社会关系等“类”城市化、城乡平等融合并一体化发展的走向。对西欧“乡村城市化”的认识不能停留于字面,应在领会马克思论述之精髓的基础上,深刻认识工业化时代乡村从属于城市的实质,切实吸取乡村受到冲击和损害的教训,充分肯定乡村城市化对于推进城市化的意义,积极把握城乡平等融合且一体化发展的走向。",2023,刘景华,工业化;西欧;乡村城市化;城乡关系,中国社会科学,,CSS_966736bc0c1b
新时期以来中国城市文学的现代化叙事,"新时期以来,城市文学和中国的现代化进程同步发展。城市文学的现代化叙事在当代文学中产生重要影响。作家深入城市的物态风景与城市人的精神世界,围绕城市现代功能提升、经济体制改革、城乡融合发展、文化人格塑造等问题展开书写,想象城市和城市人的理想形态,确立了“城的现代化”与“人的现代化”双向互动的叙事路径。“人的现代化”作为城市文学现代化叙事的价值内核,以人在城市中的现代化体验为纽带,彰显城市人精神的多向性特质,探究理想的市民伦理道德。进入新时代,城市文学的现代化叙事追求“诗”与“思”的双重深化,立足于全面建设社会主义现代化国家的任务,以丰富人民精神世界为目标,及时发现、关注新兴社会群体,营造理想的城市人文氛围,厚植城市精神品格,为推进和拓展中国式现代化提供文化支持。",2023,卢桢,中国城市文学;现代化叙事;城市想象;人的现代化,中国社会科学,,CSS_df882c0be980
唯物史观视域中的人类文明新形态,"在西方思想传统中,人类文明具有多种样态和表达,为文明形态赋予了虚构性、绝对化和抽象性特质。马克思把人类文明形态从“神话”“精神”和“事实”拉回到人类社会历史本身,开创了解释人类文明发展的新范式。在唯物史观视域中,人类文明形态在历史规律中实现了“逻辑证成”,在社会形态中实现了“历史生成”。在历史规律和社会形态展开的逻辑中,人类文明新形态超越了资本主义文明,是社会主义文明的实践展开。人类文明新形态之“新”,即新在它的批判性、超越性、前瞻性和生成性,新在它开创了人类文明发展的新动向、人的解放的新途径和人类发展的新前景。在当代中国实践中,人类文明新形态是中国式现代化的独特表达。",2023,黄建军,人类文明新形态;唯物史观;中国式现代化;文明,中国社会科学,,CSS_e8dc01ebbed5
基于中国治理实践的行政法学命题转换,"中国治理实践有其独特的发展规律、价值目标和覆盖场域,其在向不同主体、领域、空间延伸的同时,也促进了行政法制度发展。治理实践与创新为行政法学研究提供了经验素材,催生了行政法学研究的价值取向嬗变,促进了行政法的制度功能调适。对接治理的法治需求,行政法学研究应以制度完善为着力点,应通过推动法治规律与中国国情相结合、治理创新与行政法治相协调、公权力与公民权利相平衡、中国法治与全球法治相统筹实现自身目标优化。循此逻辑,因应治理主要任务变化、治理资源整合、治理范式改造、治理场域拓宽等,通过增强行政法的回应性、包容性、整体性及全球性,探寻行政法学命题转换之主要路径,助推行政法学理论创新。行政法学知识体系构建只有立足于中国治理现代化语境,才能彰显其自主性、创新性、融贯性。",2023,石佑启,中国治理;行政法学;命题转换;理论创新;知识体系,中国社会科学,,CSS_ce161af4a889
从普遍性本质到普遍性外观:马克思历史性视域的确立,"马克思思想中的历史性问题的提出,始于马克思对黑格尔辩证法神秘性质的批判,这一批判揭示了后者以一种虚假的方式“设定”出了关于“观念的东西”和“物质的东西”的关系。马克思辩证法的直接目标在于,在不抹杀物质的东西相对于观念的东西的外在性的前提下建立二者之间的内在关系。普遍性经验对象的提出是这一工作的关键机制。普遍性经验对象在青年马克思与黑格尔哲学,特别是与费尔巴哈人本学的一系列思想对话中经历了内涵变化,不仅与特定历史进程联系在一起,而且其内在包含的“普遍性”维度通过向“普遍性外观”的转变而获得了历史性维度。马克思历史性视域的确立过程展现了重要的方法论特征,这对我们分析当代人类生活有着特别的启示意义。",2023,吴猛,马克思;历史性视域;普遍性经验对象;普遍性外观,中国社会科学,,CSS_a3c1999b5673
私法中的分配层次,"比照经济学中的三次分配理论,私法内蕴了两个半分配层次。初次分配赋予所有私主体以平等的客观权利,私主体通过事实行为和法律行为获得主观权利。法律环境应有利于释放主体能量和创造力,扶持企业家,捍卫竞争中性,促进生产要素流动,以夯实共同富裕的物质基础。再分配是对初次分配规则的变更,是私法固有的和应有的功能。它通过均衡私主体在互动关系中的强弱格局,比公法再分配方式更能增进主体自决、捍卫人格尊严,且能使私法实现提升社会福利的国家目标,减少权力运行中的对抗。私法还存在介于再分配与第三次分配之间的第2.5次分配,以牺牲责任为典型,还包括营利法人社会责任的扩张、侵权责任的膨胀以及受益返还的限制。分配正义可作为私法分配各层次的共同基础,它可以纳入私法中的不同价值,并依据情形赋予其不同权重,也有助于将全部私法规则转化为自然规则,更凸显私法的中立性。",2023,谢鸿飞,私法;初次分配;再分配;分配正义;牺牲责任,中国社会科学,,CSS_b1178e60166c
全球史与国际关系研究的空间融合,"空间,特别是社会关系空间,既影响着人类的生产和交往,又在人类的生产和交往中演变生发,是全球史和国际关系研究的基本范畴和重要研究内容。由于全球史与国际关系研究都注重横向交往,两者在空间上的融合,如国家之间交往形成的区域性跨国空间,正在凸显生产要素在人类交往中的基础作用,以及生产与交往作为人类社会发展两种基本动力的开拓能力。互联互通、互利合作、相互依存的全球空间是人类命运共同体的现实基础。不同区域和层次的各种空间的融合,将汇总为“全球”与“国际”,动态地展现人类各种群体的发展形态和世界面貌,促使全球史与国际关系实现历史与现实的相互映照,为中国全球史和新型国际关系研究的发展奠定空间维度的共同基础。",2023,董欣洁,全球史;空间融合;全球空间;区域;人类命运共同体,中国社会科学,,CSS_2d7ee014eea4
国家治理中的“工具理性主义”谜题及其解答,"以“工具理性”为依据所制定的国家治理理论越精致,其在实践中带来的难题越复杂,治理理论与实践的关系也越紧张,从而产生治理领域的“工具理性主义”谜题。学界从“有限批判”“文化批判”和“彻底否定”角度的解答都无法实现治理理论和实践的统一,也就无法破解这一谜题。马克思的“实践”观点和“社会关系”观点内在蕴含着对两种理性的辩证统一倾向,从其理论资源中能开拓出“新型理性”。从某种意义上来说,中国式现代化是奠基在“新型理性”上的现代化发展道路和治理方案,完成了对治理领域“工具理性主义”谜题的科学解答,不但走出了一条国家治理体系和治理能力现代化建设的成功实践之路,而且完成了治理理论上的原创性发展,实现了治理理论与实践的有机统一。",2023,刘新刚,工具理性;工具理性主义;新型理性;国家治理体系和治理能力现代化,中国社会科学,,CSS_3e035934844e
文明的历史含义及其当代启示,"“文明”和“文化”可以在宽泛的意义上通用。在人类文明的初期,人的自我中心化是一种普遍的文化心理现象,但文明成熟的标志却在于这种自我中心化的扬弃。人的存在具有超越性,人的个体与类之间的积极互动,使人类文明以加速度的方式演进。人的肉体存在与精神存在的分野这一人类学本体论悖论,在东西方文明中都有各自的表现形式。西方文明塑造的现代性存在着文明与野蛮的吊诡和“伪普遍性”的霸权。从历史的长时段看,人类文明重心是随着不同的历史契机而不断转移的,中华民族的伟大复兴将深刻影响21世纪文明新格局。人类普遍交往是文明发展的重要条件,文明互鉴有助于不同民族为人类文明的总体进步提供各自的独特贡献。",2023,何中华,文明;自我中心化;超越性;交往;文明互鉴,中国社会科学,,CSS_1066415902a2
摩尔根多重意义下的“文明”及其与“国家”的关系,"在“文明”及其与“国家”的关系问题上长期未能取得共识,根本原因在于,学术界一直简单化地理解和沿用了摩尔根的相关界说。实际上,摩尔根的“文明”至少拥有三重含义:某种特殊的狭义文化,某种特殊的经济、社会和政治等方面意义上的发展状态,以及包括前两者在内的概括言之的人类社会某个特殊的发展阶段。以“国家”的出现为坐标,摩尔根“文明”的产生又至少拥有三种不同的时间:狭义文化意义上的“文明”在前,“国家”在后,两者相差数百年;经济、社会和政治等方面意义上的“文明”早于“国家”数百年而出现;后一种“文明”与“国家”几乎同时产生,或者稍晚出现。摩尔根关于“文明”及其与“国家”关系复杂的多重界说,在逻辑上存在严重缺陷。自摩尔根以来流行的用以判别“文明”的狭义文化标志或标准,验之以历史学、考古学和人类学的实证材料,也都不具有普遍性。",2023,易建平,摩尔根;文明;国家;逻辑检验;实证检验,中国社会科学,,CSS_e29f9174d45d
发展型财税法的理念跃迁与制度构造,"发展权包括个体发展权与社会经济发展权,作为新兴领域法的财税法兼顾二者的实现。现代财税法经历着由保障型财税法向发展型财税法的理念跃迁,赋予公共财产权力和纳税人权利两大核心范畴全新内涵,运用积极促进与消极限制两种调整方法。针对个体发展权,财税法以“两权分离”为核心保障个体自由发展的空间,通过法律赋能改善个体发展状况、提高个体发展能力。针对社会经济发展权,财税法对创新发展、协调发展、绿色发展、开放发展与共享发展的实现皆有制度助益。此间,财税法采用直接介入和间接引导两种做法,建立促进社会经济发展的长效制度机制。",2023,刘剑文;侯卓,新发展理念;财税法;个体发展权;社会经济发展权;公共财产权力,中国社会科学,,CSS_5e11d8ca84a1
国际援助的多样性与共同性——一种全球的视角,"第二次世界大战结束后,国与国之间的援助关系快速发展,援助主体层出不穷,国际援助领域出现了主体多元化、目标多样化、机构多重化等特征。不同的援助主体之间既相互矛盾、相互对峙,也相互交织、相互交流、相互影响、相互作用,甚至在国际发展合作领域里出现了方式和理念趋同的现象。从国际援助的主体和目标、运行与方式,以及互动和趋同的背景、原因等多重视角,可以认识无政府条件下国际援助的多重规律及援助主体之间的相互关联,有助于在多元的国际援助世界中坚持独立自主和优势互补,促进发展共同体乃至人类命运共同体的构建。",2023,周弘,国际援助;国际发展援助;南北关系;南南合作,中国社会科学,,CSS_edca877983c3
中国文化软实力理论创新——兼析约瑟夫·奈的“软实力”思想,"约瑟夫·奈“软实力”概念的提出具有深刻的政治背景、学术渊源。尽管在学理上约瑟夫·奈对“软实力”思想有一定的贡献,但其真实的目的是服务于美国政治及其国家利益。由于受政治立场和思维方法的局限,“软实力”思想存在诸多认识上的偏隘。而中国学界对“文化软实力”的研究,立足中国国情,突出中国特色,已经形成了包括“八对范畴”和“十六个问题域”的理论体系;在战略定位、宗旨目标、内涵重构、文化作用、体系逻辑、认识的广度和深度等方面实现了理论创新,超越了西方“软实力”思想的界域,并为进一步提升中国文化软实力提出一系列学理性的对策建议。",2023,张国祚,软实力;硬实力;文化软实力;理论超越,中国社会科学,,CSS_1078d132fdc5
世界变局中的文明形态变革及其未来图景,"文明具有时间性,处在不断的变化之中。世界变局历史地推动着文明形态变革。在21世纪的世界变局中,生产生活变革、世界政治调整、价值理想重塑、全球治理改革正深刻影响着人类文明的未来叙事。立足于对西方现代性的反思,中国式现代化创造的人类文明新形态得以历史性出场,反思并超越了资本主义带来的“文明的悖论”。以21世纪马克思主义为标志的思想体系塑造了人类文明新形态的深层精神结构。在世界变局的历史分界点上,超越以西方为中心的“普世文明”构想,超越具有对抗性质的文明冲突陷阱,解决世界性的风险社会难题,需要以人类命运共同体为世界历史载体,协力走向文明自觉的多元现代性图景、更高历史位阶的社会主义文明图景、美美与共的文明交往图景,最终绘就各文明共创人类美好社会的生活图景。",2023,项久雨,世界变局;中国式现代化;人类文明新形态,中国社会科学,,CSS_b2c4346e069c
论作为新型财产权的数据财产权,"财产权发达史表明,财产权客体的扩充是由生产力发展、生产生活资源形态的扩张所决定的,财产权的效力与保护方法是由财产权客体的性质所决定的。随着信息时代的到来和数字经济的兴起,我国在国家政策层面、立法层面和司法层面均存在数据确权的需求。在理论上,应当将数据财产权确立为与物权、知识产权相并列的第三类具有对世性的财产权利,而不应采取非确权保护模式、个人信息权保护模式或者将数据财产权确立为既有财产权的用益权新形式。构筑数据财产权制度是保护数据处理者合法劳动成果的必要举措,中央关于数据资源分类和数据权利分置的意见为数据确权指明了方向,劳动价值论的原理为数据确权奠定了理论基础,而“人财两分”理论则为解决确权的难点问题提供了制度安排思路。数据财产权作为民事主体基于数据享有的权利,具有财产性、对世性、有限支配和有限排他的基本属性。权利人享有包括利用、收益、占有和处分在内的各项权能。",2023,张新宝,数据财产权;数据;数字经济;个人信息权益;“人财两分”,中国社会科学,,CSS_7e64024dcdb8
中国式现代化与中国道路的现代性特征,"现代化是一个描述人类社会从传统向现代社会转型的总体性概念,它既是时间概念,一般指社会历史从“古代”经“中世纪”到“现代”的历史进程,也是理论概念,表征人类与传统告别、进入科技革命推动的工业社会的实践过程;现代性多用于有关现代化的评价,一般指对于现代化过程中造就的现代社会根本特征与表现形态的哲学反思和理论概括,大致包括对社会结构转型的阶段性特征、核心要素及其对新的文明秩序的追寻等共同内容,但由于不同国家的经济基础、自然条件、文化传统不同,现代性又呈现出不同的差异性特征。西方现代化的主要驱动力是资本,因而西方现代社会展现出的现代性特征是:生产方式全面“物化”、以物的依赖性为基础的人的相对独立性、共同体与个体的撕裂。中国式现代化则开创了一条非资本主义的现代化道路,这条道路呈现出的现代性特征是:领导核心与人民主体的统一、社会进步与人的发展的统一、工具性与目的性的统一。中国式现代化创造了社会主义文明形态的中国版本。",2023,赵义良,现代化;现代性;西方现代化;中国式现代化;人类文明新形态,中国社会科学,,CSS_265a5ae314df
中国宪法社会权的体系解释,"中国宪法中规定的社会权条款不能孤立地进行理解,也不能简单地套用传统宪法学的积极权利或社会经济权利等概念进行解释。在立足于中国宪法的体系解释视角下,社会权具有民生保障、民主政治和国家建构的三重维度。在中国宪法的整体结构和规范意图中,社会权也不只是一种社会经济权利,而且是带有社会主义性质的基本权利。具体而言,社会权不仅是个人向政府索要经济福利的请求权,也是实现完整社会身份的基本公民权。社会权不仅仅具有社会经济性质,更具有一定程度上的政治性质。社会权的规范结构,特别是社会权的功能及义务指向,也需要基于此种性质进行建构。社会权的功能更多地体现为客观价值秩序功能,其具体的保护义务不仅指向合宪性审查机关和司法机关等具体国家机构,同时也指向了整个国家治理体系,从而形成一种中国式的社会权制度保障模式。",2023,刘晗,社会权;共同富裕;社会主义宪法;劳动权;体系解释,中国社会科学,,CSS_d2e49b486fa1
从霸权更替到“多极制衡”——16世纪以来的海上格局演变,"16世纪至2000年前后,单极主导和霸权更替曾是海上格局的主要样态,而这种样态是否会延续已成为当前最重大的海上战略问题。研究表明,军事技术的发展和国际规范的变迁对于海上格局的演变有着决定性作用,在2000年之前,无论是军事技术还是国际规范,总体上都更有利于海上权力的集中而非分散;而进入21世纪,这种趋势被逆转,军事技术、国际规范正在改变传统的海上格局样态,世界各大国的海上权力都在受到不同程度地推回、制衡或稀释。在21世纪的第二个十年,“海上多极”的趋势已经非常明显。在这一变局下,海上主导国和崛起国都需要超越传统的权力范式,进行相应的战略调适和政策调整。",2023,胡波,海上格局;霸权更替;均势制衡;军事技术;国际规范,中国社会科学,,CSS_e98c99453c12
以人民性引领中国特色社会学话语体系建设,"作为展现理论创新成果的重要载体,社会学话语的有效性、影响力及其功能作用的发挥,很大程度上取决于话语体系的内在张力能否得到有效协调,这也是反映能否在多元分化的世界中凝聚社会共同体的认同与共识的一个重要途径。人民性是马克思主义最鲜明的品格和本质属性,是中国哲学社会科学的根本特色。以人民性引领中国特色社会学话语体系建设,既是中国社会学话语体系核心价值的体现,也是统筹融通中国社会学话语体系内在的学术性话语、政策性话语、社会性话语关系的核心力量所在。深入论证为何需要以人民性引领中国社会学话语体系建设、如何以人民性引领中国社会学话语体系建设,对于推进中国特色社会学学科体系、学术体系和话语体系的建设具有重要意义。",2023,李友梅,人民性;社会学话语体系;话语协同,中国社会科学,,CSS_1a4a805c1efc
