Title,Abstract,Year,Author,Keywords,Journal,CLC,Removal_Reason
信息化时代农业经济管理与产业化人才培养探索——评《农业经济管理与产业化发展探究》,"在信息时代,云计算、大数据、人工智能等技术迅猛发展,深刻重塑着社会生产与生活方式,农业作为国民经济基础产业,其发展模式与经济管理范式正经历前所未有的变革,并对农业经济管理实践及人才培养提出全新要求。数字化技术的应用,使农业经济管理的对象、方法和工具发生根本性变化,管理决策从依赖直觉转向依赖海量数据的分析与洞察,推动传统管理范式向现代化、精细化的数智化模式转型。农业产业化进程加速对人才知识结构提出新要求,现代农业已形成贯通一二三产业的完整产业链,涵盖精深加工、品牌营销等新业态,这要求农业经济管理者兼具生产管理、市场金融知识与信息技术应用能力。",2025,张佳;曾智,,管理世界,,笔谈、书评、序言、访谈或综述等非论文体裁
新质生产力为中国经济发展注入强劲活力——评《新质生产力:中国经济高质量发展的澎湃动能》,"新质生产力作为中国经济高质量发展的核心引擎,正在重塑新的产业格局与增长逻辑。由北京大学光华管理学院编著的《新质生产力:中国经济高质量发展的澎湃动能》一书,系统阐释了新质生产力的理论内涵、实践路径与未来图景。以宏大的历史视野与敏锐的现实洞察,将新质生产力置于全球科技革命与中国现代化进程的交汇点,揭示其如何通过技术跃迁、要素重构与制度创新为中国经济注入澎湃动能。",2025,李婷婷,,管理世界,,笔谈、书评、序言、访谈或综述等非论文体裁
以生产者责任延伸撬动我国循环经济发展——评《生产者责任延伸理论及其在中国的实践研究》,"生产者责任延伸不仅关系到企业的社会责任,而且关系到国家生态文明建设战略的实施。因此我国高度重视生态文明建设,着力建设美丽中国。党的二十大报告指出我国生态环境保护和绿色发展的重要意义,明确了“推动绿色发展,促进人与自然和谐共生”的战略方向。企业作为经济社会的发展主体,由于生产型企业在制造产品阶段对环境影响较大和对资源需求较大,由此带来一系列环境破坏风险。保护环境企业责无旁贷,其社会责任延伸到协调经济发展与环境保护之间的关系。因此,生产者责任延伸制是促进我国循环经济整体发展的重要路径。",2025,朱庆华,,管理世界,,笔谈、书评、序言、访谈或综述等非论文体裁
“十五五”时期确保基本实现社会主义现代化取得决定性进展——学习贯彻党的二十届四中全会精神笔谈,"党的二十届四中全会审议通过了《中共中央关于制定国民经济和社会发展第十五个五年规划的建议》。“十五五”时期是基本实现社会主义现代化夯实基础、全面发力的关键时期,在基本实现社会主义现代化进程中具有承前启后的重要地位。全会高度评价了“十四五”时期我国发展取得的重大成就,系统部署了“十五五”时期经济社会发展的指导思想、重要原则、主要目标、战略任务和重大举措。为深入学习贯彻党的二十届四中全会精神,本刊特邀请国内部分经济学家以“‘十五五’时期确保基本实现社会主义现代化取得决定性进展”为题撰写笔谈文章,以飨读者。",2025,张占斌;王国刚;盛斌;李涛,,经济研究,,笔谈、书评、序言、访谈或综述等非论文体裁
《管理世界》四十载各界嘉言颂风华同贺机构与个人,对外经济贸易大学中央财经大学上海财经大学西安电子科技大学首都经济贸易大学深圳大学中国社会科学杂志社《经济研究》编辑部《中国管理科学》编辑部《数量经济技术经济研究》编辑部《南开管理评论》编辑部中诚信投资集团有限公司董事长毛振华第十二届全国政协副主席陈元清华大学北京大学中国人民大学复旦大学南京大学南开大学厦门大学中山大学华中科技大学西安交通大学哈尔滨工业大学华南理工大学,2025,,,管理世界,,缺少作者，通常为公告、宣传或编辑性记录
"掌握研究工具,成就学术卓越——《管理世界》大讲堂之方法课合集","本合集包含方法课第1至6期和S1期(共39节课),原价2452元,限时优惠价格为1800元,优惠期至2025年11月1日。合集观看有效期为120天。第1期共6讲(408元/30天):1.组态理论与QCA方法:原理、应用与前沿东南大学经济管理学院杜运周教授2.断点回归方法(RD):原理、应用与前沿浙江大学经济学院张川川研究员3.群聚分析法:Bunching西安交通大学经济与金融学院冯晨教授4.双重差分估计量何时可信?——若干有用的建议上海财经大学经济学院张征宇教授5.知识图谱理论、应用与挑战中国科学院自动化研究所郑晓龙研究员",2025,,,管理世界,,缺少作者，通常为公告、宣传或编辑性记录
欢迎报名参加2025年第十二期“学术研究与论文写作”(科技创新与产业创新融合发展专题)研修班,"为深入贯彻国家“扎实推动科技创新和产业创新深度融合,助力发展新质生产力”的重大部署,推动学术研究服务国家发展大局,《管理世界》经济研究院与辽宁大学经济学院合作,在辽宁省沈阳市举办2025年第十二期“学术研究与论文写作”(科技创新与产业创新融合发展专题)研修班。",2025,,,管理世界,,缺少作者，通常为公告、宣传或编辑性记录
国际经济贸易发展中的商务英语翻译——评《中国语言服务产业研究》,"在当今经济全球化的浪潮中,语言服务产业在中国文化与经济的国际化进程中,尤其是在对外贸易领域,正扮演着愈发关键的角色。随着“中译外”商务翻译需求的激增以及多语种信息处理的迫切需要,语言服务产业已迅速崛起为一种新型的服务业态。罗慧芳与蒙永业合著的《中国语言服务产业研究》一书,深入探讨了对外贸易与语言服务产业发展之间的内在联系及其具体表现,同时剖析了当前语言服务产业面临的挑战,并提出了未来调整策略以更好地适应对外贸易的发展需求。该书的研究成果为制定科学合理的语言服务产业发展政策提供了重要支撑,旨在推动语言服务产业更高效地服务于对外贸易的蓬勃发展。",2025,任琳,,管理世界,,笔谈、书评、序言、访谈或综述等非论文体裁
国有企业管理数字化能力拆解与量化模型——评《企业战略管理数字化新范式》,"数字经济时代的到来对企业而言,不仅是战略的数字化转型或战略的数字化升级,也是一场从战略推演结构到战略制定工具与方法的根本性变革,还是一次战略管理范式的革命与迭代。由郭小川、汤奇峰等撰写的《企业战略管理数字化新范式》一书,围绕着数字经济时代企业战略推演形成过程和企业战略管理数字化新范式两个焦点问题展开研究,为构建中国式企业战略管理新范式提供了理论支撑,并为推动国有企业数字化转型和提升国有企业管理数字化能力提供重要借鉴。",2025,黄勇;陈锋,,管理世界,,笔谈、书评、序言、访谈或综述等非论文体裁
安徽财经大学金融学院实验教学中心简介,"安徽财经大学金融学院实验教学中心(以下简称实验中心)始于1998年,最初设立证券实验室,成为安徽省属高校中较早探索实验教学的经管类实验室之一,随后陆续增设银行实验室和保险实验室。2020年,学院将三个实验室重组为量化交易实验室和金融科技实验室。目前,实验中心建有低碳发展与碳金融实验室、金融资产配置与管理实验室、经济学类跨专业综合实验教学中心、量化交易实验室和金融科技实验室。实验教学的开展旨在为学生提供高度仿真的金融市场环境和实践操作平台,通过模拟真实业务场景,全面提升学生的专业技能和综合素质,致力于培养适应现代金融发展需要的高质量金融人才。",2025,,,管理世界,,缺少作者，通常为公告、宣传或编辑性记录
体育经济与区域产业结构优化的互动关系——评《区域一体化背景下我国体育产业结构优化与高质量协同发展研究》,"在区域经济一体化发展战略下,长江三角洲地区的体育产业迎来新的发展机遇,开启了高质量发展的新征程。由肖琴撰写的《区域一体化背景下我国体育产业结构优化与高质量协同发展研究》一书,以长三角为例,针对当前我国区域体育产业的发展现状、长三角体育产业的结构现状提出了优化策略,为促进我国长三角体育产业的结构优化与高质量协同发展提供了参考和引导,并为其他区域体育产业的一体化发展提供了借鉴。",2025,王丹,,管理世界,,笔谈、书评、序言、访谈或综述等非论文体裁
人工智能、人力资本结构与灵活用工——来自在线招聘大数据的经验证据,"本文构建了一个人工智能技术的应用如何影响企业灵活用工需求的理论模型。模型预测:人工智能简化和标准化了一些工作任务,允许企业可以利用劳动力成本较低的灵活用工人员与人工智能配合,来替代全职员工完成任务。进一步,本文采用2014—2024年中国在线招聘大数据,利用自然语言处理方法识别了企业灵活用工需求,实证研究人工智能对企业灵活用工的影响效应与作用机制。研究发现:(1)人工智能暴露度每提高1个标准差,企业灵活用工需求占总用工需求的比例将显著提高1.130个百分点。这一结论在处理内生性问题以及经过稳健性检验后依然成立。(2)机制分析表明,人工智能降低了企业要求灵活用工人员所具备的技能数量,实现了对工作任务的简化和标准化;同时,人工智能减少了企业招聘较低学历、较低工资、较少经验的全职员工的数量,而增加了企业招聘相似背景的灵活用工的数量,这意味着人工智能与灵活用工人员协同可以替代全职员工完成一些简单任务;最后,人工智能提升了企业招聘员工的平均技能水平,促进企业人力资本结构升级。(3)拓展分析表明,企业可以通过增加灵活用工需求来降低劳动力成本,从而提高经营利润率等经营绩效。",2025,刘行;张昊天;田轩,人工智能暴露度;人力资本结构;灵活用工;在线招聘平台;经营绩效,经济研究,,公告、招聘、宣传或编辑性材料
对中国金融法监管体系构建的镜鉴——评《国际金融监管法律冲突研究》一书,"在全球经济百年未有之大变局的背景下,国际金融市场日趋复杂和动荡,迫切需要通过监管体系的构建与完善来保障金融市场的稳定和安全,进而推动社会经济的健康运行。由吴永辉编著的《国际金融监管法律冲突研究》一书基于经济全球化的社会背景探讨了新时代国际金融监管实践中存在的冲突现象,并在公法冲突的研究范式下探索解决国际金融监管法律之间的冲突问题,提出了协调实体法、冲突法和程序法的进路安排,以更好地处理国际金融监管中的法律冲突问题,合理管控跨国金融风险,维护国际金融稳定。",2025,叶勇飞,,管理世界,,笔谈、书评、序言、访谈或综述等非论文体裁
高校体育资源与体育产业的联动发展——评《高校体育产业高质量发展研究》一书,"体育强国既包括更好、更快、更高、更强的竞技体育,也包括更亲民、更便利、更普及的全民健身,同时离不开更大、更活、更优的体育产业。体育产业不仅为开展各项体育活动提供必要的物质基础,还为体育科技创新、体育文化传播提供重要的产业载体。各类体育赛事都离不开体育产业的强力支持,世锦赛等顶尖体育赛事更是体育产业的盛宴。",2025,龚其超,,管理世界,,笔谈、书评、序言、访谈或综述等非论文体裁
深耕百年金融沃土铸就一流学科新篇——西南财经大学金融学院、中国金融研究院简介,"西南财经大学金融学院、中国金融研究院顺应新时代金融学科发展新趋势和金融行业发展新需求,按照“两种建制、一体建设”的思路,于2022年在原金融学院、保险学院、证券与期货学院、中国金融研究中心、金融研究院等单位基础上合并组建而成,以崭新的面貌聚合金融学科资源,全力打造金融学科新高地。",2025,,,管理世界,,缺少作者，通常为公告、宣传或编辑性记录
新质生产力赋能农村经济高质量发展——评《新质生产力赋能新型农村集体经济高质量发展研究》,"乡村振兴战略的实施已步入全面发展阶段,而乡村经济振兴作为乡村全面振兴的重要抓手,需进一步实现高质量发展。与此同时,在全球新一轮科技革命和产业变革深入发展的当下,新质生产力作为推动经济高质量发展的重要力量,正以前所未有的速度和力度重塑各个领域的发展格局。",2025,龙力涛;龙方,,管理世界,,笔谈、书评、序言、访谈或综述等非论文体裁
文化产业金融支持体系构建与创新路径研究——评《文化产业跨要素融合与金融资本支持研究》,"文化及其创意产业是高附加值产业,能够促进宏观经济发展、引领大众消费,是满足人民日益增长的美好生活需要的重要载体。由姬新龙撰写的《文化产业跨要素融合与金融资本支持研究》一书,以文化产业价值评估及文化产业跨要素融合为出发点,深入探讨了文化产业融合发展的路径模式及与金融资本有效对接的方式,设计了资本进入和退出文化产业投资业态的有效路径,多维度剖析了文化产业的融合态势及金融支持模式,以推动文化产业融合发展。",2025,赵琦,,管理世界,,笔谈、书评、序言、访谈或综述等非论文体裁
数字经济对农村劳动力非农就业的影响——评《数字经济对农村劳动力非农就业的影响研究》,"近年来,以数字化、信息化、网络化、智能化等为特点的数字经济对经济社会发展的影响日益凸显。由田鸽著写的《数字经济对农村劳动力非农就业的影响研究》一书,在充分挖掘数字经济丰富内涵的基础上,证实了数字经济在提高农村劳动力非农就业量、推动城镇化发展方面扮演的重要角色,进一步分析了数字经济对促进城镇化发展过程中的有效社会分工形成和优化农村劳动力非农就业结构的重要作用。本书的研究既是对现有的关于信息化、网络化等经济效应研究的拓展,又为实施相关政策以进一步促进数字经济发展,着力保障数字经济促进不同技能农村劳动力从事不同类型非农工作提供了理论支撑,因而具有重要的学术和政策价值。",2025,罗吉;王亚华,,管理世界,,笔谈、书评、序言、访谈或综述等非论文体裁
大数据时代工商管理方法与实践探究——评《工商管理理论与实践研究》,"大数据时代的到来,对工商管理带来了深刻的变革。信息技术迅猛发展,海量数据不断产生,由此对数据的处理能力也显著提升,企业在管理决策、市场分析和客户关系等方面面临新的机遇与挑战。数据的爆炸性增长源于互联网的普及、物联网的兴起以及移动设备的广泛应用,使企业能够通过各种渠道收集到丰富的数据,包括客户行为、市场趋势和竞争态势等。",2025,张旭亮;傅泽,,管理世界,,笔谈、书评、序言、访谈或综述等非论文体裁
北京工商大学经济学院简介,"北京工商大学是北京市高水平研究型大学,由原国内贸易部直属的北京商学院和原轻工业部直属的北京轻工业学院于1999年6月合并组建而成。现已发展成为理、工、经、管、法、文、艺等学科相互支撑、协调发展的多科性大学。北京工商大学经济学院起源于原北京商学院商业经济系,1960年开始招收本科生,1981年成为全国首批硕士学位授权单位。应用经济学入选北京高校高精尖学科,应用经济学、产业经济学为北京市重点建设学科。",2025,,,管理世界,,缺少作者，通常为公告、宣传或编辑性记录
第八届张培刚发展经济学青年学者奖评选公告,"为促进中国经济学学术进步,推动经济学学科建设,鼓励经济学青年人才的成长,提高中国经济研究水平,张培刚发展经济学研究基金会(以下简称基金会)特设立“张培刚发展经济学青年学者奖”。张培刚发展经济学青年学者奖每年评选一届,坚持公开、公平、公正的原则,重在鼓励和支持在发展经济学及相关领域拥有创新性的学术研究成果并且具有较强科研潜力的中国青年经济学者。本奖项评选不收取任何费用。",2025,,,经济研究,,缺少作者，通常为公告、宣传或编辑性记录
乡村振兴战略下农村金融服务发展探究——评《金融支持新型农业经营主体模式研究》,"新型农业经营主体是建设现代农业的新生力量,其培育和发展离不开金融资本的支撑。在《管理世界》杂志2024年第10期上,由刘晨冉等撰写的《小农户与现代农业衔接的机制和关键因素研究》一文,引用了李志平、郭沛等主编的《金融支持新型农业经营主体模式研究》一书,该书全面分析了我国当前金融支持新型农业经营主体的供给与需求情况,及时总结各地的典型模式和做法,系统梳理我国金融支农的政策措施,并在借鉴国际组织和有关国家相关经验的基础上,提出完善我国金融支持新型农业经营主体模式的政策建议,旨在为“十四五”期间提升我国金融高质量支持新型农业经营主体发展提供思路。",2025,李明锡;曾梦晴,,管理世界,,笔谈、书评、序言、访谈或综述等非论文体裁
构建科学规范的财政支出政策绩效评价体系——评《财政支出政策绩效评价》,"如何对财政支出政策实施效果进行衡量与优化是国内外财政改革研究的重要课题。由施青军著的《财政支出政策绩效评价》一书着眼于新时代政策评价体系的建构与完善,以促进财政支出政策绩效评价中价值理想与工具理性的统一。在该书中,作者运用绩效原理分析了财政支出政策评价的概念、原理、原则以及评价的程序、方法等,并通过多元化的政策绩效评价方法,如观察法、专家评判法、成本—效益分析法等,提升财政支出政策绩效评价的科学性和有效性。",2025,刘家庆;魏玮,,管理世界,,笔谈、书评、序言、访谈或综述等非论文体裁
《经济研究》连续荣获“中国最具国际影响力学术期刊”,"中国知网和清华大学图书馆自2012年起连续11年联合研制《中国学术期刊国际引证年报》(简称《国际年报》),通过统计国际期刊对中国期刊的引用,客观反映我国学术期刊在国际学术研究领域的话语实情。通过连续多年的统计与遴选,《国际年报》及国际影响力TOP期刊品牌已经得到期刊界和科研管理部门的广泛认同,在助力中国期刊走向国际舞台、树立国际学术品牌和文化自信方面发挥了积极的、重要的作用。",2023,,,经济研究,,缺少作者，通常为公告、宣传或编辑性记录
《管理世界》经济研究院招聘研究人员和实习生,"《管理世界》经济研究院是经国务院发展研究中心和原国家工商管理总局批准,由管理世界杂志社出资成立的集研究、咨询、培训于一体的新型智库。现根据工作需要,招聘研究人员和实习生。一、招聘岗位及任职条件(一)招聘岗位1.研究人员。从事公共政策评估、营商环境评价、公共卫生与健康管理等领域的研究工作,撰写研究报告及项目组织协调和管理工作。2.实习生。从事相关领域研究、会务等工作。(二)报名条件1.具有中华人民共和国国籍,遵守中华人民共和国宪法和法律;",2023,,,管理世界,,缺少作者，通常为公告、宣传或编辑性记录
以中国式现代化推进中华民族伟大复兴——学习贯彻党的二十大精神笔谈(下),"中国共产党第二十次全国代表大会,是在全党全国各族人民迈上全面建设社会主义现代化国家新征程、向第二个百年奋斗目标进军的关键时刻召开的一次十分重要的大会。本次大会提出,科学社会主义在二十一世纪的中国焕发出新的蓬勃生机,中国式现代化为人类实现现代化提供了新的选择,中国共产党和中国人民为解决人类面临的共同问题提供更多更好的中国智慧、中国方案、中国力量,为人类和平与发展崇高事业作出新的更大的贡献!大会同时提出,从现在起,中国共产党的中心任务就是团结带领全国各族人民全面建成社会主义现代化强国、实现第二个百年奋斗目标,以中国式现代化全面推进中华民族伟大复兴。中国式现代化的本质要求是:坚持中国共产党领导,坚持中国特色社会主义,实现高质量发展,发展全过程人民民主,丰富人民精神世界,实现全体人民共同富裕,促进人与自然和谐共生,推动构建人类命运共同体,创造人类文明新形态。为深入学习贯彻党的二十大精神,本刊特邀请国内部分经济学家围绕“以中国式现代化推进中华民族伟大复兴”撰写笔谈文章,分两期发表,以飨读者。",2022,刘伟;裴长洪;樊纲;潘家华;王国刚;李海舰;田国强,,经济研究,,笔谈、书评、序言、访谈或综述等非论文体裁
第六届“期刊主题宣传好文章”活动《经济研究》所载《新发展格局的理论逻辑、战略内涵与政策体系——基于经济现代化的视角》入选,"由中宣部出版局主办、中国期刊协会承办的第六届“期刊主题宣传好文章”推荐活动(2022年度)结果在京揭晓,《新发展格局的理论逻辑、战略内涵与政策体系——基于经济现代化的视角》(黄群慧,《经济研究》2021年第4期)在本届活动中入选。“期刊主题宣传好文章”推荐活动旨在引导广大期刊坚持高质量办刊方向,推出主题宣传精品,有力服务党和国家工作大局。本届活动推荐文章的原则是,深入宣传阐释习近平新时代中国特色社会主义思想,深入宣传党的百年奋斗辉煌历程和宝贵经验,生动反映新时代的伟大变革,深入解读中国式现代化等理论创新成果,做好党史、新中国史、改革开放史、社会主义发展史宣传,生动反映英雄模范感人事迹,大力弘扬中华优秀传统文化,有深度、有温度、有品质、接地气,为营造良好社会舆论氛围做出积极贡献。",2022,,,经济研究,,缺少作者，通常为公告、宣传或编辑性记录
北京邮电大学经济管理学院诚邀海内外英才加盟,"北京邮电大学经济管理学院的前身是1955年建校时成立的三大系之一的工程经济系,经过六十余年的建设与发展,形成了信息通信背景浓郁,学科专业特色鲜明的多层次学科与专业布局。学院设有管理科学与工程一级学科博士点和博士后科研流动站;管理科学与工程、工商管理、应用经济学、公共管理四个一级学科硕士点;工商管理硕士、工程管理硕士、国际商务硕士、会计硕士、公共管理硕士五个专业学位硕士点;大数据管理与应用、金融科技、工商管理(智能化与创新管理)、公共事业管理(智慧城市与计算社会科学)四个本科专业;",2022,,,经济研究,,缺少作者，通常为公告、宣传或编辑性记录
对外经济贸易大学国际商学院四十周年院庆公告,"初心如磐四十载,奋楫笃行新时代。2022年12月,对外经济贸易大学国际商学院即将迎来四十华诞,在此谨向多年来关心支持学院建设和发展的各级领导、广大校友和各界人士,致以最衷心的感谢和最崇高的敬意!四十年初心不改,荜路蓝缕谱华章。对外经济贸易大学国际商学院始建于1982年,前身为国际经济管理系,1994年更名为国际工商管理学院,2005年更名为国际商学院,是国内最早引进西方工商管理教育体系的学院。回首往昔,四十年筚路蓝缕,国际商学院一直继承和发扬贸大的光荣传统,秉承着贸大“博学、诚信、求索、笃行”的校训,",2022,,,管理世界,,缺少作者，通常为公告、宣传或编辑性记录
以中国式现代化推进中华民族伟大复兴——学习贯彻党的二十大精神笔谈(上),"中国共产党第二十次全国代表大会,是在全党全国各族人民迈上全面建设社会主义现代化国家新征程、向第二个百年奋斗目标进军的关键时刻召开的一次十分重要的大会。本次大会提出,科学社会主义在二十一世纪的中国焕发出新的蓬勃生机,中国式现代化为人类实现现代化提供了新的选择,中国共产党和中国人民为解决人类面临的共同问题提供更多更好的中国智慧、中国方案、中国力量,为人类和平与发展崇高事业作出新的更大的贡献!大会同时提出,从现在起,中国共产党的中心任务就是团结带领全国各族人民全面建成社会主义现代化强国、实现第二个百年奋斗目标,以中国式现代化全面推进中华民族伟大复兴。中国式现代化的本质要求是:坚持中国共产党领导,坚持中国特色社会主义,实现高质量发展,发展全过程人民民主,丰富人民精神世界,实现全体人民共同富裕,促进人与自然和谐共生,推动构建人类命运共同体,创造人类文明新形态。为深入学习贯彻党的二十大精神,本刊特邀请国内部分经济学家围绕“以中国式现代化推进中华民族伟大复兴”撰写笔谈文章,分两期发表,以飨读者。",2022,蔡昉;江小涓;黄泰岩;魏后凯;韩保江;戚聿东;洪永淼,,经济研究,,笔谈、书评、序言、访谈或综述等非论文体裁
对外经济贸易大学国际商学院四十周年院庆公告,"初心如磐四十载,奋楫笃行新时代。2022年12月,对外经济贸易大学国际商学院即将迎来四十华诞,在此谨向多年来关心支持学院建设和发展的各级领导、广大校友和各界人士,致以最衷心的感谢和最崇高的敬意!四十年初心不改,筚路蓝缕谱华章。对外经济贸易大学国际商学院始建于1982年,前身为国际经济管理系,1994年更名为国际工商管理学院,2005年更名为国际商学院,是国内最早引进西方工商管理教育体系的学院。",2022,,,管理世界,,缺少作者，通常为公告、宣传或编辑性记录
第六届张培刚发展经济学青年学者奖评选公告,"为促进中国经济学学术进步,推动经济学学科建设,鼓励经济学青年人才的成长,提高中国经济研究水平,张培刚发展经济学研究基金会(以下简称基金会)特设立“张培刚发展经济学青年学者奖”。张培刚发展经济学青年学者奖每年评选一届,坚持公开、公平、公正的原则,重在发现和表彰在发展经济学及相关领域拥有创新性的学术研究成果并且具有较强科研潜力的中国青年经济学者。本奖项评选不收取任何费用。根据《张培刚发展经济学青年学者奖评奖条例》的规定,第六届张培刚发展经济学青年学者奖评选工作于2023年1月启动。",2022,,,经济研究,,缺少作者，通常为公告、宣传或编辑性记录
第九届张培刚发展经济学优秀成果奖第五届张培刚发展经济学青年学者奖颁奖典礼暨“中国式现代化新道路与经济高质量可持续发展”论坛公告,"第九届张培刚发展经济学优秀成果奖和第五届张培刚发展经济学青年学者奖结果现已产生。特公告如下:1.第九届张培刚发展经济学优秀成果奖获奖作品名单(按获奖作品第一作者姓氏拼音排序):颁奖典礼将于2022年10月7日在华中科技大学隆重举行,同期还将举办“中国式现代化新道路与经济高质量可持续发展”论坛。中国式现代化是习近平新时代中国特色社会主义思想的主体内容,是中国共产党在持续探索中形成的关于中国经济发展的核心认知。习近平总书记在党的十九届五中全会第二次全体会议上的重要讲话中,",2022,,,经济研究,,缺少作者，通常为公告、宣传或编辑性记录
革命者·经济学家·经济工作领导人——《薛暮桥年谱:1904—1952》序言,"本文为国务院发展研究中心委托研究项目成果《薛暮桥年谱:1904—1952》一书序言。作者指出,在薛暮桥的一生中,革命者、经济学家和经济工作领导人3个身份最为重要。作为革命者,薛暮桥年轻时代即有直面死亡的体验,这使得他能不避艰危,在困难条件下独立工作和思考,革命者身份还成为他参与核心决策的必要条件。作为经济学家,薛暮桥毕生以中国经济问题为主要研究对象,强调理论联系实际,并以改进社会为主要宗旨。作为经济工作领导人,薛暮桥在山东根据地主持对敌货币战卓有成就,在西柏坡协助周恩来处理解放战争时期的财经、后勤工作,从1947~1967年,他一直在中央财经机关工作,领导工商业调整,创立全国统一的统计体系,建立物价管理体制。改革开放后,薛暮桥创立我国经济决策咨询事业,并在市场化改革方面做出卓越贡献。",2022,范世涛;薛小和,薛暮桥;年谱;革命者;经济学家;经济工作领导人,管理世界,,笔谈、书评、序言、访谈或综述等非论文体裁
中国信息经济学乌家培资助计划简介,"中国信息经济学会成立于1989年,致力在信息经济与信息管理领域搭建理论创新的桥梁,推动跨学科发展。学会创始人乌家培教授为中国著名经济学家,中国数量经济学会和信息经济学会创始人。为促进中国信息经济与信息管理领域的青年学者成长,并产生未来30年有国际影响力的理论创新成果,学会于2015年设立“中国信息经济学乌家培资助计划”,以表彰中国信息经济与信息管理领域青年学者的理论创新贡献。2016-2021年分别进行了第一至六届乌家培资助计划的评选。",2022,,,经济研究,,缺少作者，通常为公告、宣传或编辑性记录
孙冶方经济科学奖第二十届(2022年度)评奖公告,"根据《孙冶方经济科学基金会章程》规定,孙冶方经济科学奖第二十届(2022年度)评奖工作将于2022年底启动。孙冶方经济科学奖是我国经济学界享有盛誉的经济学奖项。评奖旨在传承和弘扬以孙冶方为代表的老一辈经济学家敬畏规律、守护真理的学术精神,为国为民、甘于奉献的学术立场,不断探索、勇于创新的学术品格,引领学术研究方向,助力中国经济学研究的发展和提升。本届评奖对象是1979年至2021年12月底经济理论工作者和实际工作者,在国内外公开发表的论文和出版的专著。",2022,,,经济研究,,缺少作者，通常为公告、宣传或编辑性记录
云南财经大学财政与公共管理学院诚聘英才,"云南财经大学财政与公共管理学院秉承“好学笃行、厚德致远”的云财校训,发扬“自强不息、敢为人先”的云财精神,以“立德树人”为目标,以培养“公共精神”和服务“国家治理”为己任,不断推进学院建成全国有较大影响、西部地区领先、辐射南亚东南亚的财政税收、公共管理和社会治理“三位一体”协同发展的高水平学院。学院已经形成完整的“本-硕-博”人才培养体系。拥有财政学、税收学、行政管理、公共事业管理、劳动与社会保障、政治学与行政学6个本科专业,其中:财政学入选国家一流本科专业建设点,税收学、行政管理、",2022,,,管理世界,,缺少作者，通常为公告、宣传或编辑性记录
深入学习贯彻习近平总书记重要讲话精神加快构建中国特色经济学体系,"2016年5月17日,习近平总书记主持召开哲学社会科学工作座谈会并发表重要讲话,提出着力构建中国特色哲学社会科学,在指导思想、学科体系、学术体系、话语体系等方面充分体现中国特色、中国风格、中国气派。2022年4月25日,习近平总书记在中国人民大学考察时强调,加快构建中国特色哲学社会科学,归根结底是建构中国自主的知识体系。为深入学习贯彻习近平总书记重要讲话精神,推动构建中国特色经济学体系,2022年5月17日管理世界杂志社组织召开“加快构建中国特色经济学体系”研讨会(笔谈)。来自国内高校、科研机构的26位知名经济学家参加研讨。现将有关文章刊登如下,以飨读者。",2022,高培勇;樊丽明;洪银兴;韩保江;吕炜;白重恩;洪永淼;蔡继明;寇宗来;黄群慧;刘元春;刘尚希;杨灿明;龚六堂;刘守英;陈斌开;郭凯明;金碚;李曦辉;刘秉镰;陆铭;洪俊杰;刘锡良;陈诗一,,管理世界,,笔谈、书评、序言、访谈或综述等非论文体裁
中国信息经济学乌家培资助计划简介,"中国信息经济学会成立于1989年,致力在信息经济与信息管理领域搭建理论创新的桥梁,推动跨学科发展。学会创始人乌家培教授为中国著名经济学家,中国数量经济学会和信息经济学会创始人。为促进中国信息经济与信息管理领域的青年学者成长,并产生未来30年有国际影响力的理论创新成果,学会于2015年设立“中国信息经济学乌家培资助计划”,以表彰中国信息经济与信息管理领域青年学者的理论创新贡献。2016-2021年分别进行了第一至六届乌家培资助计划的评选。",2022,,,经济研究,,缺少作者，通常为公告、宣传或编辑性记录
孙冶方经济科学奖第二十届(2022年度)评奖公告,"根据《孙冶方经济科学基金会章程》规定,孙冶方经济科学奖第二十届(2022年度)评奖工作将于2022年底启动。孙冶方经济科学奖是我国经济学界享有盛誉的经济学奖项。评奖旨在传承和弘扬以孙冶方为代表的老一辈经济学家敬畏规律、守护真理的学术精神,为国为民、甘于奉献的学术立场,不断探索、勇于创新的学术品格,引领学术研究方向,助力中国经济学研究的发展和提升。本届评奖对象是1979年至2021年12月底经济理论工作者和实际工作者,在国内外公开发表的论文和出版的专著。",2022,,,经济研究,,缺少作者，通常为公告、宣传或编辑性记录
中国信息经济学乌家培资助计划简介,"中国信息经济学会成立于1989年,致力在信息经济与信息管理领域搭建理论创新的桥梁,推动跨学科发展。学会创始人乌家培教授为中国著名经济学家,中国数量经济学会和信息经济学会创始人。为促进中国信息经济与信息管理领域的青年学者成长,并产生未来30年有国际影响力的理论创新成果,学会于2015年设立“中国信息经济学乌家培资助计划”,以表彰中国信息经济与信息管理领域青年学者的理论创新贡献。2016-2021年分别进行了第一至六届乌家培资助计划的评选。",2022,,,经济研究,,缺少作者，通常为公告、宣传或编辑性记录
中山大学商学院诚聘海内外高层次人才,"中山大学由孙中山先生创办,有着一百多年办学传统。作为教育部直属高校,通过部省共建,中山大学已经成为一所国内一流、国际知名的现代综合性大学。由广州校区、珠海校区、深圳校区三个校区的五个校园及十家附属医院组成。中山大学正在向世界一流大学迈进,努力成为全球学术重镇。中山大学商学院是学校在深圳校区成立的首家人文社科学院。学院依托学校强大的学科综合优势,厚植于学校经管学科积淀,以服务国家创新驱动发展战略为导向,致力于金融市场和商业管理等领域研究,重点建设理论经济学、应用经济学和工商管理三个一级学科。",2022,,,经济研究,,缺少作者，通常为公告、宣传或编辑性记录
中国信息经济学乌家培资助计划简介,"中国信息经济学会成立于1989年,致力在信息经济与信息管理领域搭建理论创新的桥梁,推动跨学科发展。学会创始人乌家培教授为中国著名经济学家,中国数量经济学会和信息经济学会创始人。为促进中国信息经济与信息管理领域的青年学者成长,并产生未来30年有国际影响力的理论创新成果,学会于2015年设立“中国信息经济学乌家培资助计划”,以表彰中国信息经济与信息管理领域青年学者的理论创新贡献。2016-2021年分别进行了第一至六届乌家培资助计划的评选。",2022,,,经济研究,,缺少作者，通常为公告、宣传或编辑性记录
第七届中国信息经济学乌家培资助计划(2022)评选公告,"【评选条件】(1)评选对象需在国内外学术期刊发表信息经济和信息管理领域的论文(发表时间不限),其中代表作3-5篇(第一或通讯作者);(2)代表作具有重要的学术创新性和影响力;(3)评选对象为具有中华人民共和国国籍、2022年7月31日前不超过45周岁的学者。【资助计划】资助人数为1-3名,资助总额为20万元人民币。【获资助者博士生团队持续资助机制】本年获资助者指导的博士生团队,次年自然获得“中国信息经济学乌家培优秀博士生计划”,资助总额为10万元人民币,后续资助根据首次资助后的学术创新成效而定。",2022,,,管理世界,,缺少作者，通常为公告、宣传或编辑性记录
欢迎报名参加2022年系列“学术研究与论文写作”研修班,"2022年第一期“学术研究与论文写作”研修班为进一步推动学术界对数字经济的深入研究,《管理世界》经济研究院拟定于2022年4月9日~10日在北京市举办2022年第一期“学术研究与论文写作”研修班,研修班聚焦数字经济,由北京师范大学经济与工商管理学院协办。2022年第二期“学术研究与论文写作”研修班为了推广质性研究方法在学术研究中的应用,",2022,,,管理世界,,缺少作者，通常为公告、宣传或编辑性记录
中国信息经济学乌家培资助计划简介,"中国信息经济学会成立于1989年,致力在信息经济与信息管理领域搭建理论创新的桥梁,推动跨学科发展。学会创始人乌家培教授为中国著名经济学家,中国数量经济学会和信息经济学会创始人。为促进中国信息经济与信息管理领域的青年学者成长,并产生未来30年有国际影响力的理论创新成果,学会于2015年设立中国信息经济学乌家培资助计划,",2022,,,管理世界,,缺少作者，通常为公告、宣传或编辑性记录
2021中国信息经济学乌家培资助计划公告,"2021中国信息经济学乌家培资助计划授予南京审计大学经济学院张军教授、北京大学经济学院吴泽南副教授和北京大学光华管理学院王翀副教授。张军教授对拓展市场设计中公平、效率及参与约束的关系研究做出了重要贡献,吴泽南副教授对竞赛理论和保险市场的经济学分析进行了开创性研究,王翀副教授对社交媒体、平台机制设计和数据治理等进行了前沿探索,他们的理论创新将会在学术界产生重要而广泛的影响。",2022,,,管理世界,,缺少作者，通常为公告、宣传或编辑性记录
第五届“张培刚发展经济学青年学者奖”评选公告,"为促进中国经济学学术进步,推动经济学学科建设,鼓励经济学青年人才的成长,提高中国经济研究水平,张培刚发展经济学研究基金会特设立“张培刚发展经济学青年学者奖”奖励计划。张培刚发展经济学青年学者奖每年评选一次,坚持公开、公平、公正的原则,重在发现和表彰在发展经济学及相关领域拥有创新性的学术研究成果并且具有较强科研潜力的中国青年经济学者。本奖评选不收取任何费用。",2022,,,经济研究,,缺少作者，通常为公告、宣传或编辑性记录
主编寄语,"新年伊始,万象更新!刚刚过去的2021年,是党和国家历史上具有里程碑意义的一年。全国人民隆重庆祝中国共产党成立一百周年,实现第一个百年奋斗目标,开启向第二个百年奋斗目标进军新征程,沉着应对百年变局和世纪疫情,构建新发展格局迈出新步伐,高质量发展取得新成效,实现了“十四五”良好开局。今年将召开党的二十大,这是党和国家政治生活中的一件大事。迎接党的二十大胜利召开,要保持平稳健康的经济环境,扎实做好经济工作。",2022,黄群慧,,经济研究,,公告、招聘、宣传或编辑性材料
《经济研究》关于稿件写作的几点说明,"【中文内容】1.请作者自觉规范引用各类文献(包括法律或政策文件、数据库、图片、手稿等)参考文献内容引用务必合法、真实、相关、准确、完整;参考文献来源信息(如文献的作者姓名、译者姓名、标题、类别、出版年份、版本或印次、出版单位、网络链接等)列示务必真实、完整、确切、详细。2.请作者自觉保证所做研究的依据、过程、结果的真实性、准确性、完整性、逻辑性,自觉确认所做研究与以往相关研究的区别作者投予本刊的稿件,无论最终是否在本刊发表,若被发现存在故意抄袭或造假等学术不端情况,已发表的,本刊将声明撤消,未发表的,本刊将中止评审流程。",2022,,,经济研究,,缺少作者，通常为公告、宣传或编辑性记录
从党的百年奋斗重大成就和历史经验总结中思考推进中国经济学“三大体系”建设——学习贯彻党的十九届六中全会精神笔谈,"中国共产党第十九届中央委员会第六次全体会议,是在重要历史关头召开的一次具有重大历史意义的会议。会议审议通过了《中共中央关于党的百年奋斗重大成就和历史经验的决议》(简称《决议》)。全会认为,总结党的百年奋斗重大成就和历史经验,是在建党百年历史条件下开启全面建设社会主义现代化国家新征程、在新时代坚持和发展中国特色社会主义的需要;是增强政治意识、大局意识、核心意识、看齐意识,坚定道路自信、理论自信、制度自信、文化自信,",2021,黄群慧;刘尚希;张车伟;张晓晶;杨开忠;胡滨;闫坤,,经济研究,,笔谈、书评、序言、访谈或综述等非论文体裁
国家一流培育学科:湖南师范大学理论经济学科,"湖南师范大学理论经济学科是湖南省政府确定的国家一流培育学科。2018年获理论经济学一级学科博士点,2019年获批博士后流动站,并获经济学国家一流本科专业。根据""2020软科排名"",本学科居全国高校第26位、师范类高校第3位。",2021,,,经济研究,,缺少作者，通常为公告、宣传或编辑性记录
“经济研究·高层论坛2021暨经济学动态·大型研讨会2021”在京召开,"为积极推动中国经济问题研究和助力中国经济发展,加快构建中国特色经济学的学科体系、学术体系、话语体系,由中国社会科学院经济研究所主办的2021年度""经济研究·高层论坛暨经济学动态·大型研讨会""于10月22—23日在北京召开。本届会议由经济研究杂志社和经济学动态杂志社联合承办,中国社会科学出版社、《中国经济史研究》编辑部、《经济思想史学刊》编辑部、中国社会科学院大学经济学院协办,主题为""新阶段、新理念、新格局——迈向新征程的中国经济""。",2021,,,经济研究,,缺少作者，通常为公告、宣传或编辑性记录
加入岭南·成就卓越——中山大学岭南学院,"中山大学于1924年由孙中山先生创办,历来是中国学术与文化重镇和人才培养高地。中山大学岭南学院地处粤港澳大湾区腹地,是一所国内一流、国际知名的经济学院,秉承中山大学""德才兼备、领袖气质、家国情怀""的育人理念和""作育英才,服务社会""的岭南传统,致力于经济学的教学与研究。学院将""立德树人""作为根本任务,为中国乃至全球培养具有人文精神、全球视野的经济学人才。",2021,,,经济研究,,缺少作者，通常为公告、宣传或编辑性记录
《经济研究》微信公众号与网站所推送中文梗概的写作要求,"为了及时推广所刊发文章的学术贡献,《经济研究》编辑部将选择部分所刊发文章,以本刊微信公众号(erjweixin)与网站(www.erj.cn)推送其中文梗概。中文梗概具体写作要求如下:1.本梗概用于《经济研究》微信公众号和网站推广,主要面向国内读者。因此,中文梗概可以不同于(Summary)的中文翻译版。为了增强可读性,扩大读者群体,明确学术贡献,使读者完整、准确、便捷地理解文章,作者可在英文梗概中文翻译版的基础上适当修改和扩充一些内容。",2021,,,经济研究,,缺少作者，通常为公告、宣传或编辑性记录
建党百年中国经济学思想与理论研究——首届中国经济学思想与理论研讨会综述,"2021年是中国共产党成立100周年,是""十四五""规划开局之年,是我国全面建成小康社会、实现第一个百年奋斗目标之后,乘势而上开启全面建设社会主义现代化国家新征程、向第二个百年奋斗目标进军的元年。站在新的历史起点上,在百年未有之大变局中,中国经济学研究亦面临前所未有的机遇与挑战。为倡导与鼓励中国经济学者就中国经济学的发展进行深度的思想与理论探讨,《经济研究》编辑部、北京工商大学国际经管学院、中国人民大学国家经济学教材建设重点研究基地、",2021,陈丽莉;郭毅;张璐;于明哲,,经济研究,,笔谈、书评、序言、访谈或综述等非论文体裁
青年经济学者论文奖(2021)评选公告,"为了更全面、更具体、更及时地评价与奖励,在经济思想、理论、政策及研究方法等方面,在经济学各个学科领域,作出杰出原创性贡献的中国青年学者,促进中国经济理论研究和政策研究的繁荣与发展,同时体现""中国青年经济学者论坛""20周年以来的学术影响力、培养力、传播力,经中国青年经济学者论坛学术理事会全体成员单位集体讨论,经与支持单位嘉实基金协商,现共同决定,自2021年起,恢复评选""青年经济学者论文奖""。本奖项每年评选一次。同时,现有的""青年经济学家奖"",改为每两年评选一次。",2021,,,经济研究,,缺少作者，通常为公告、宣传或编辑性记录
人才政策、研发人员招聘与企业创新,"本文基于580多万条上市公司互联网招聘数据,分析了近年来各地出台的人才政策,对企业研发人员招聘和企业创新的影响。研究发现:第一,受到人才政策影响的公司,研发人员招聘数量显著上升;第二,政策类型层面,这一效应随着人才政策补贴力度和门槛要求的不同而变化,补贴力度越大、门槛要求越低,则效果越显著;第三,企业特征层面,对于高新技术企业、公司治理更好的企业以及非国有企业,人才政策的效果更加显著;第四,城市特征层面,经济发展状况越好、行政级别越高、科研配套环境更好的城市,人才政策效果更显著;最后,人才政策出台后,企业的研发投入、专利产出和研发效率也显著提升。本文从研发人员招聘的角度,为人才政策对企业创新的影响效果、具体机制和边界条件提供了微观证据,扩充了政府和制度因素对企业创新的影响效果方面的研究,并为加快建设人才强国、深入实施创新驱动发展战略、实现经济转型升级提供了借鉴。",2021,孙鲲鹏;罗婷;肖星,人才政策;研发人员招聘;企业创新,经济研究,,公告、招聘、宣传或编辑性材料
第四届张培刚发展经济学青年学者奖颁奖典礼暨“后小康时代的中国经济发展”论坛公告,"第四届张培刚发展经济学青年学者奖结果现已产生。获奖者名单(按获奖者姓氏拼音排序)特公告如下:第四届张培刚发展经济学青年学者奖颁奖典礼将于2021年11月6日(星期六)在华中科技大学举行。届时还将召开""后小康时代的中国经济发展""论坛。2021年正值建党百年大庆。在百年庆典上,习近平总书记庄严宣告:经过全党全国各族人民持续奋斗,我们实现了第一个百年奋斗目标,在中华大地上全面建成了小康社会,历史性地解决了绝对贫困问题,正在意气风发向着全面建成社会主义现代化强国的第二个百年奋斗目标迈进。",2021,,,经济研究,,缺少作者，通常为公告、宣传或编辑性记录
新发展格局中的收入分配政策优化方向与路径——第四届中国居民收入与财富分配论坛综述,"2021年4月25日,第四届中国居民收入与财富分配论坛在中南财经政法大学隆重召开。本届论坛由经济研究杂志社、教育部与科技部""收入分配与现代财政学科创新引智基地""以及中南财经政法大学财政税务学院联合主办。来自北京大学、清华大学、浙江大学、复旦大学、中国人民大学、武汉大学、华中科技大学、山东大学、吉林大学、中央财经大学、中南财经政法大学等高校与科研机构的100多名专家学者出席了本届论坛。本届论坛致力于为推进中国居民收入与财富分配相关研究开拓新视野、提供新方法、贡献新观点。",2021,杨灿明;孙群力;鲁元平,,经济研究,,笔谈、书评、序言、访谈或综述等非论文体裁
新时代中国特色社会主义经济学研究的新进展——第二十届中国青年经济学者论坛综述,"尽管受到新冠疫情的影响,第二十届中国青年经济学者论坛仍然于2020年12月19—20日在中山大学隆重举行。本届论坛由中国社会科学院经济研究所经济研究杂志社、北京大学光华管理学院、武汉大学经济与管理学院和中山大学岭南(大学)学院主办,论坛主题是""新时代、新起点、新希望""。本届论坛共收到来自国内外青年经济学者的投稿论文430篇,其中英文论文48篇。经过两轮评审,119篇中文论文、9篇英文论文入选了本届论坛。来自国内数十所高校和科研机构的近200位经济学者齐聚一堂,就新时代如何发展和繁荣中国特色社会主义经济学理论以及当前国内外经济中的重大理论和现实问题进行了广泛的讨论和深入的交流。",2021,彭玉磊;朱传奇;刘乐淋,,经济研究,,笔谈、书评、序言、访谈或综述等非论文体裁
嘉兴学院商学院诚聘英才,"嘉兴学院坐落于历史悠久,经济发达的历史文化名城嘉兴,地处东南沿海、长三角中心腹地,东接上海、北邻苏州、西连杭州、南濒杭州湾,区位优势独特,产业发达、经济繁荣,是中国革命红船的起航地、江南文化发源地、世界互联网大会永久会址地、浙江省全面接轨上海示范区。嘉兴经济发达,2020年GDP总量排名全国城市50强的第41位。嘉兴学院是浙江省省属高校,全日制在校生15600余人,教职工1700余人,全职院士3人,柔性聘用院士6人。嘉兴学院由原浙江经济高等专科学校和嘉兴高等专科学校合并组建的普通本科高校,先后隶属于国家重工业部、冶金部、中国有色金属工业总公司,被誉为中国有色行业经济管理人才的""摇篮""。",2021,,,管理世界,,缺少作者，通常为公告、宣传或编辑性记录
华南农业大学农林经济管理学科简介,"一、学科概况华南农业大学农林经济管理学科历史悠久,积淀深厚。最早源于1910年广东农业教员讲习所开设""农业理财学课程"",1984年获批硕士学位授权点,1993年获批农业经济管理博士学位授权点,2003年获批农林经济管理一级学科博士学位授权点。本学科在温思美、罗必良等杰出学者的带领下不断发展壮大,现拥有专任教授54人,其中国家级人才2人、省级人才7人。农林经济管理学科2001年和2007年相继被遴选为国家重点学科。农林经济管理专业2019年入选国家级一流本科专业建设点。",2021,,,管理世界,,缺少作者，通常为公告、宣传或编辑性记录
青年经济学者论文奖(2021)评选公告,"为了更全面、更具体、更及时地评价与奖励,在经济思想、理论、政策及研究方法等方面,在经济学各个学科领域,作出杰出原创性贡献的中国青年学者,促进中国经济理论研究和政策研究的繁荣与发展,同时体现""中国青年经济学者论坛"" 20周年以来的学术影响力、培养力、传播力,经中国青年经济学者论坛学术理事会全体成员单位集体讨论,经与嘉实基金协商,现共同决定,自2021年起,恢复评选""青年经济学者论文奖""。本奖项每年评选一次。同时,现有的""青年经济学家奖"",改为每两年评选一次。",2021,,,经济研究,,缺少作者，通常为公告、宣传或编辑性记录
中国共产党与中国特色社会主义政治经济学——庆祝中国共产党成立一百周年笔谈,"2021年是中国共产党成立一百周年,是""十四五""规划开局之年,是实现""第一个百年""奋斗目标、乘胜而上开启全面建设社会主义现代化国家新征程的元年。站在""两个一百年""奋斗目标的历史交汇点上,立足新发展阶段,贯彻新发展理念,中国需要更高质量的经济增长、更高水平的改革开放、更加可持续的经济发展。无论世界百年未有之大变局下外部环境如何荆棘丛生,也不能改变实现中华民族伟大复兴的共产党人初心。今天中国开启全面建设社会主义现代化国家新征程,在新阶段、新理念与新发展格局下,一系列重大理论和实践问题亟待深入研究。为了庆祝中国共产党成立一百周年,在回顾中国共产党团结带领全国人民进行艰苦卓绝、不懈奋斗光辉历程的基础上,对中国共产党百年历史进程中的精神财富进行挖掘和整理,系统总结中国共产党领导革命、建设、改革开放的历史经验,本刊特邀请我国经济学领域著名的专家学者撰写一组主题为""中国共产党与中国特色社会主义政治经济学""的庆祝中国共产党成立一百周年笔谈文章,以飨读者。",2021,谢伏瞻;马建堂;洪银兴;江小涓;逄锦聚;韩保江;姚树洁;简新华,,经济研究,,笔谈、书评、序言、访谈或综述等非论文体裁
新阶段·新理念·新格局迈向新征程的中国经济,"新中国成立70多年来,在中国共产党的坚强领导下,全国各族人民团结一心,迎难而上,开拓进取,奋力前行,从封闭落后迈向开放进步,从温饱不足迈向全面小康,从积贫积弱迈向繁荣富强,创造了一个又一个人类发展史上的伟大奇迹,中华民族迎来了从站起来、富起来到强起来的伟大飞跃,正阔步走在中华民族伟大复兴的新征程上。2021年是中国共产党成立100周年,是我国现代化建设进程中具有特殊重要性的一年,是""十四五""规划开局之年,是我国全面建成小康社会、实现第一个百年奋斗目标之后,乘势而上开启全面建设社会主义现代化国家新征程、向第二个百年奋斗目标进军的元年。",2021,,,经济研究,,缺少作者，通常为公告、宣传或编辑性记录
深入贯彻落实习近平总书记在哲学社会科学工作座谈会上的重要讲话精神加快构建中国特色管理学体系,"2016年5月17日,习近平总书记在哲学社会科学工作座谈会上发表了重要讲话。为深入贯彻落实习近平总书记的重要讲话精神,推动建设中国特色、中国风格、中国气派的管理学体系,2021年5月15日管理世界杂志社在北京举办""加快构建中国特色管理学体系""研讨会。管理世界杂志社社长李志军、总编辑尚增健主持研讨会。来自清华大学、北京大学、中国社会科学院、中国科学院大学、中国人民大学、浙江大学、复旦大学、南开大学、南京大学、山东大学、北京航空航天大学、上海财经大学、上海外国语大学、首都经济贸易大学、江西财经大学、华南农业大学、安徽大学、西交利物浦大学等高校、科研机构的25位专家参加研讨,大家踊跃发言、会场气氛热烈。来自全国高校和科研机构等单位的70多位代表参加了这次研讨会。管理世界杂志社社长李志军表示,管理世界杂志社积极响应习近平总书记2016年5月17日在哲学社会科学工作座谈会上的重要讲话精神,心怀""国之大者"",重视发挥期刊引领创新作用,愿意与广大管理学领域科研工作者共同努力,为加快构建中国特色管理学体系贡献力量。与会专家围绕推动建设中国特色、中国风格、中国气派管理学体系展开深入研讨与交流,高度评价管理世界杂志社近年来在展示管理学高水平研究成果、促进管理学科研新秀成长、推动构建中国特色管理学体系等方面发挥的引领作用。专家们纷纷表示,加快构建中国特色管理学体系是管理学科研工作者的时代使命,应坚守学者初心,准确把握新发展阶段,全面贯彻新发展理念,修炼好中国特色管理学的""内功"",以高质量学术成果服务高质量发展目标。弘扬不唯洋、不唯书、只唯实的学风文风,聚焦新时代、大场景、真问题,关注管理的时代化和中国化趋势,深入挖掘和提炼中国制度情境下的管理实践创新和理论故事,全面总结管理学理论在中国发展的现实道路,为新时代高质量发展提供有价值的本土管理学理论供给,推动构建中国管理学的国际话语权,为丰富世界管理学研究积极贡献中国理论与中国智慧。现将参会专家发言要点刊登如下,以飨读者。",2021,王永贵;汪寿阳;吴照云;吴晓波;毛基业;戚聿东;张维;苏宗伟;朱旭峰;杨开峰;杨立华;席酉民;李新春;张玉利;徐向艺;刘志阳;闫妍;魏江;郜亮亮,,管理世界,,笔谈、书评、序言、访谈或综述等非论文体裁
坚持农业农村优先发展:理论创新与实践探索——第四届中国农业经济理论前沿论坛综述,"2020年全面决胜脱贫攻坚战后,我国将进入后减贫的新历程。从脱贫攻坚走向全面推进乡村振兴,是我国""三农""工作重心的历史性转变。党的十九届五中全会提出,优先发展农业农村,全面推进乡村振兴。习近平总书记在2020年12月28—29日召开的中央农村工作会议上强调,民族要复兴,乡村必振兴。优先发展农业农村、全面推进乡村振兴,是一项具有全局和战略意义的重大任务。如何坚持农业农村优先发展的总方针,实施乡村振兴战略的总目标,促进农业高质高效、",2021,石宝峰;赵敏娟;夏显力;罗必良,,经济研究,,笔谈、书评、序言、访谈或综述等非论文体裁
中国信息经济学乌家培资助计划简介,"中国信息经济学会成立于1989年,致力在信息经济与信息管理领域搭建理论创新的桥梁,推动跨学科发展。学会创始人乌家培教授为中国著名经济学家,中国数量经济学会和信息经济学会创始人。为促进中国信息经济与信息管理领域的青年学者成长,并产生未来30年有国际影响力的理论创新成果,学会于2015年设立""中国信息经济学乌家培资助计划"",以表彰中国信息经济与信息管理领域青年学者的理论创新贡献。2016—2020年分别进行了第一届至第五届乌家培资助计划的评选。",2021,,,经济研究,,缺少作者，通常为公告、宣传或编辑性记录
以更高质量的制度经济学研究助力构建新发展格局——第三届中国制度经济学论坛(2020)综述,"面对新型冠状病毒肺炎疫情等国内国际新挑战,习近平总书记提出了""加快构建以国内大循环为主体、国内国际双循环相互促进的新发展格局""的蓝图。构建新发展格局是党中央在国内外环境发生深刻变化的大背景下,推动我国开放型经济向更高层次发展的重大战略部署。怎样在新发展格局下进一步讲好中国故事,加强四个自信,以更高质量的制度经济学研究助力构建新发展格局,成为制度经济学的重要问题。为了深入探讨这一问题,制度经济学相关领域的专家学者汇聚一堂,",2021,刘松瑞,,经济研究,,笔谈、书评、序言、访谈或综述等非论文体裁
新阶段·新理念·新格局迈向新征程的中国经济,"新中国成立70多年来,在中国共产党的坚强领导下,全国各族人民团结一心,迎难而上,开拓进取,奋力前行,从封闭落后迈向开放进步,从温饱不足迈向全面小康,从积贫积弱迈向繁荣富强,创造了一个又一个人类发展史上的伟大奇迹,中华民族迎来了从站起来、富起来到强起来的伟大飞跃,正阔步走在中华民族伟大复兴的新征程上。2021年是中国共产党成立100周年,是我国现代化建设进程中具有特殊重要性的一年,是""十四五""规划开局之年,是我国全面建成小康社会、实现第一个百年奋斗目标之后,乘势而上开启全面建设社会主义现代化国家新征程、向第二个百年奋斗目标进军的元年。",2021,,,经济研究,,缺少作者，通常为公告、宣传或编辑性记录
安徽农业大学经济管理学院,"安徽农业大学经济管理学院学院秉持""内涵发展、特色发展、和谐发展""理念,办学规模逐步扩大,教育质量稳步提高。学院现有区域农业发展博士点,农林经济管理、应用经济学、工商管理、公共管理四个一级学科硕士点,农业管理、农村发展、会计、金融四个专业学位硕士点以及MBA教学点;农林经济管理、公共事业管理、旅游管理等12个本科专业。在校本科生2900余人,硕士研究生500余人。现有在职教职工117人,其中博士生、硕士生导师68人。",2021,,,管理世界,,缺少作者，通常为公告、宣传或编辑性记录
计量经济学前沿理论与方法——第四届中国计量经济学者论坛(2020)综述,"一、前沿随着数字经济、网络经济、平台经济的迅猛发展,各个领域的数据不断增多。大数据时代正在到来,传统的量化方法在建模、结构分析和预测中遇到较强的局限性。因此,对中国经济运行进行跟踪、分析和预判及对各项宏观产业政策进行量化评估亟需进一步推广计量经济学理论与方法,从而更好地发挥量化方法在经济社会中的作用。一方面,要坚持不懈继续与国际一流的计量学者和同行保持交流对话,在方法上不断跟进、学习和超越。",2021,纪园园;谢婼青;李世奇;邸俊鹏,,经济研究,,笔谈、书评、序言、访谈或综述等非论文体裁
西南财经大学保险学院诚聘海内外英才,"西南财经大学坐落在享有""天府之国""美誉的成都市,是部属""211工程""和""985工程""优势学科创新平台建设的全国重点大学,入选全国""双一流""建设高校。西南财经大学保险学院现有保险学(含保险科技光华创新实验班、保险精算、保险财务与会计双语实验班)、劳动与社会保障以及精算学三个本科专业;有保险学(含风险管理与保险、国际保险会计、保险精算)和社会保障学两个硕士点,是在全国率先设立的保险专业硕士点;有保险学、社会保险与经济保障两个博士点。",2021,,,经济研究,,缺少作者，通常为公告、宣传或编辑性记录
中国共产党和马克思主义政治经济学——纪念中国共产党成立一百周年,"在马克思主义政治经济学中国化过程中,中国共产党创造了新民主主义政治经济学、中国特色社会主义政治经济学和当代国际政治经济学。本文简要叙述了这些理论创新的主要内容和重要观点,分析了马克思主义政治经济学中国化的四个基本特征,即人民性、实践性、民族性和时代性,回答了中国共产党为什么能够不断理论创新。结论是:中国共产党的先进性是理论创新的政治基础和前提;马克思主义世界观和方法论是理论创新的思想指引;勤于学习和善于学习是理论创新的思想营养;三大优良作风是理论创新的智慧来源和动力机制。中国共产党风云激荡的百年史,既是新民主主义实践和社会主义实践的伟大斗争史,也是马克思主义政治经济学中国化伟大工程的建设史。展望未来15年,当中国实现社会主义现代化强国远景目标的时候,马克思主义政治经济学中国化必将出现更加光辉灿然的前景。",2021,裴长洪;彭磊,中国共产党一百年;马克思主义政治经济学中国化;理论创新,经济研究,,笔谈、书评、序言、访谈或综述等非论文体裁
新发展格局下的互联网与数字经济研究——第二届互联网与数字经济论坛综述,"在挑战与机遇并存的2020年,中国的经济发展面临了来自疫情与外部环境的严峻挑战,依靠自身的韧性和全国人民的共同努力取得了举世瞩目的成就。其中我国的互联网企业异军突起,凭借市场与技术优势,为全国与世界人民抗疫提供保障,也成为疫后经济复苏的强劲驱动力。在这一全新的发展格局下,《经济研究》编辑部联合南京大学经济学院共同举办的第二届互联网与数字经济论坛于2020年11月28日召开。",2021,姜舸;安同良;陈孝强,,经济研究,,笔谈、书评、序言、访谈或综述等非论文体裁
中国信息经济学乌家培资助计划简介,"中国信息经济学会成立于1989年,致力在信息经济与信息管理领域搭建理论创新的桥梁,推动跨学科发展。学会创始人乌家培教授为中国著名经济学家,中国数量经济学会和信息经济学会创始人。为促进中国信息经济与信息管理领域的青年学者成长,并产生未来30年有国际影响力的理论创新成果,学会于2015年设立""中国信息经济学乌家培资助计划"",以表彰中国信息经济与信息管理领域青年学者的理论创新贡献。",2021,,,经济研究,,缺少作者，通常为公告、宣传或编辑性记录
宏观之微观意义和微观之宏观启示——第九届宏观经济政策与微观企业行为研究学术研讨会综述,"2020年11月7日,第九届""宏观经济政策与微观企业行为""学术研讨会于暨南大学管理学院顺利召开。会议由经济研究杂志社、北京大学财务分析与投资理财研究中心、南京大学商学院、暨南大学管理学院、重庆大学经济与工商管理学院、清华大学中国经济社会数据研究中心、中国人民大学商学院联合主办。研讨会致力于通过宏观经济政策与微观企业行为相结合的研究视角,构建和发展具有中国特色的经济理论,",2021,饶品贵;罗勇根;陈冬华;姜国华,,经济研究,,笔谈、书评、序言、访谈或综述等非论文体裁
农业经济学研究中的微观数据使用及发展趋势——第三届微观经济数据与经济学理论创新论坛综述,"2020年11月7日,经济研究杂志社和浙江大学中国农村发展研究院共同举办了第三届微观经济数据与经济学理论创新论坛。本文综合论坛入选的研究成果,揭示了微观数据在支撑乃至引领相关研究中发挥的重要作用,同时回顾了中国在""三农""微观数据库方面的建设历史、最新发展和挑战,并提出了可能的解决方案。",2021,钱文荣;茅锐,,经济研究,,笔谈、书评、序言、访谈或综述等非论文体裁
中山大學嶺南(大學)學院——华南地区首屈一指的经济管理学院,"作育英才·服务社会EDUCATION FOR SERVICE中山大学岭南(大学)学院地处粤港澳大湾区腹地,是一所国内一流、国际知名的经济管理学院,秉承中山大学""德才兼备、领袖气质、家国情怀""的人才培养目标和""作育英才,服务社会""的岭南传统,致力于经济学、金融学、管理学的教学与研究,为中国乃至全球培养具有人文精神、全球视野的经济管理人才。2015年,学院获得AMBA、EQUIS和AACSB三大国际认证,是中国大陆第三家获此殊荣的商学院,成为全球同时获得三大认证的为数不多的商学院之一。2020年,学院顺利通过三大认证机构的再认证。",2021,,,管理世界,,缺少作者，通常为公告、宣传或编辑性记录
马克思经济学的当代价值及其现实意义研究——评《走进马克思经济学殿堂》,"马克思主义经济学是一门随着时代变化而发展的社会科学理论,是伴随着现代化的脚步而不断完善和实现历史性突破的,加快马克思主义经济学的现代化进程能够进一步完善其理论体系,也能够更好地促进人们对马克思经济学知识内容的消化理解,使其理论成为建设我国社会主义政治经济学的重要内容。当代经济学者卫兴华编写的《走进马克思经济学殿堂》一书,对马克思经济学的当代价值及其现实意义研究具有重要的参考价值和作用。作者汇集了他学术生涯的各个时段,几十年如一日地坚持和发展马克思主义经济学理论,在他的学术文集和专著中阐述了许多与《资本论》有关的重要观点。",2021,杨运筹;孟繁芸,,管理世界,,笔谈、书评、序言、访谈或综述等非论文体裁
中国信息经济学乌家培资助计划简介,"中国信息经济学会成立于1989年,致力在信息经济与信息管理领域搭建理论创新的桥梁,推动跨学科发展。学会创始人乌家培教授为中国著名经济学家,中国数量经济学会和信息经济学会创始人。为促进中国信息经济与信息管理领域的青年学者成长,并产生未来30年有国际影响力的理论创新成果,学会于2015年设立""中国信息经济学乌家培资助计划"",以表彰中国信息经济与信息管理领域青年学者的理论创新贡献。2016—2020年分别进行了第一届至第五届乌家培资助计划的评选。",2021,,,经济研究,,缺少作者，通常为公告、宣传或编辑性记录
构建新发展格局与马克思主义经济学的创新发展——全国第十四届马克思主义经济学发展与创新论坛综述,"党的十九届五中全会提出""加快构建以国内大循环为主体、国内国际双循环相互促进的新发展格局""。这是直面""百年未有之大变局""和新冠肺炎疫情在全球爆发以来错综复杂的国际国内形势,对""十四五""期间乃至未来更长时间我国经济社会发展战略作出的新的重大谋划,是习近平新时代中国特色社会主义思想的重大理论创新,也为创新发展当代中国马克思主义经济学提供了丰厚的土壤。",2021,孔晓;谢地,,经济研究,,笔谈、书评、序言、访谈或综述等非论文体裁
中国信息经济学乌家培资助计划,"中国信息经济学会成立于1989年,致力在信息经济与信息管理领域搭建理论创新的桥梁,推动跨学科发展。学会创始人乌家培教授为著名经济学家,中国数量经济学会和信息经济学会创始人。为促进中国信息经济与信息管理领域的青年学者成长,产生有国际影响力的理论创新成果,学会于2015年设立中国信息经济学乌家培资助计划,以表彰中国信息经济与信息管理领域青年学者的理论创新贡献。2016-2020年分别进行了一至五届乌家培资助计划的评选。",2021,,,管理世界,,缺少作者，通常为公告、宣传或编辑性记录
2020中国信息经济学乌家培资助计划,"2020年中国信息经济学乌家培资助计划授予南京审计大学经济学院俞宁教授和复旦大学管理学院卢向华教授。俞宁教授在理论经济学的机制设计和社会选择方面做出了不少达到国际一流水准的工作,研究成果具有较强的影响力和发展潜力。卢向华教授的研究涵盖了信息经济、信息管理与市场营销的交叉领域前沿课题,在理论和实践方面均有较好的影响力。",2021,,,管理世界,,缺少作者，通常为公告、宣传或编辑性记录
第六届中国信息经济学乌家培资助计划(2021)评选公告,"【评选条件】(1)评选对象需在国内外学术期刊发表信息经济和信息管理领域的论文(发表时间不限),其中代表作3-5篇(第一或通讯作者);(2)代表作具有重要的学术创新性和影响力;(3)评选对象为具有中华人民共和国国籍,2021年7月31日前不超过45周岁的学者。【资助计划】资助人数为1-3名,资助总额为20万元人民币。",2021,,,管理世界,,缺少作者，通常为公告、宣传或编辑性记录
中国信息经济学乌家培资助计划简介,"中国信息经济学会成立于1989年,致力在信息经济与信息管理领域搭建理论创新的桥梁,推动跨学科发展。学会创始人乌家培教授为中国著名经济学家,中国数量经济学会和信息经济学会创始人。为促进中国信息经济与信息管理领域的青年学者成长,并产生未来30年有国际影响力的理论创新成果,学会于2015年设立""中国信息经济学乌家培资助计划"",以表彰中国信息经济与信息管理领域青年学者的理论创新贡献。2016—2020年分别进行了第一届至第五届乌家培资助计划的评选。",2021,,,经济研究,,缺少作者，通常为公告、宣传或编辑性记录
中国信息经济学乌家培资助计划,"中国信息经济学会成立于1989年,致力在信息经济与信息管理领域搭建理论创新的桥梁,推动跨学科发展。学会创始人乌家培教授为中国著名经济学家,中国数量经济学会和信息经济学会创始人。为促进中国信息经济与信息管理领域的青年学者成长,并产生未来30年有国际影响力的理论创新成果,学会于2015年设立中国信息经济学乌家培资助计划,以表彰中国信息经济与信息管理领域青年学者的理论创新贡献。2016-2020年分别进行了一至五届乌家培资助计划的评选。",2021,,,管理世界,,缺少作者，通常为公告、宣传或编辑性记录
2020中国信息经济学乌家培资助计划,"2020年中国信息经济学乌家培资助计划授予南京审计大学经济学院俞宁教授和复旦大学管理学院卢向华教授。俞宁教授在理论经济学的机制设计和社会选择方面做出了不少达到国际一流水准的工作,研究成果具有较强的影响力和发展潜力。卢向华教授的研究涵盖了信息经济、信息管理与市场营销的交叉领域前沿课题,在理论和实践方面均有较好的影响力。",2021,,,管理世界,,缺少作者，通常为公告、宣传或编辑性记录
奋进新时代开启新征程——学习贯彻党的十九届五中全会精神笔谈(下),"在""两个一百年""奋斗目标的历史交汇点上,党的十九届五中全会重点研究""十四五""规划问题并提出建议,将""十四五""规划与2035年远景目标统筹考虑,对动员和激励全党全国各族人民战胜前进道路上各种风险挑战,为全面建设社会主义现代化国家开好局、起好步,具有十分重要的意义。为深入学习贯彻党的十九届五中全会精神,本刊特邀请国内部分经济学家撰写笔谈文章,以飨读者。",2021,林毅夫;何德旭;范从来;田国强;郭庆旺;万广华,,经济研究,,笔谈、书评、序言、访谈或综述等非论文体裁
第四届张培刚发展经济学青年学者奖评选公告,"为促进中国经济学学术进步,推动经济学学科建设,鼓励经济学青年人才成长,提高中国经济研究水平,张培刚发展经济学研究基金会于2018年特设立""张培刚发展经济学青年学者奖""。张培刚发展经济学青年学者奖每年评选一届,坚持公开、公平、公正的原则,重在发现和表彰在发展经济学及相关领域拥有创新性的学术研究成果并且具有较强科研潜力的中国青年经济学者。本奖项评选不收取任何费用。",2021,,,经济研究,,缺少作者，通常为公告、宣传或编辑性记录
湖南师范大学理论经济学博士学位点简介,"湖南师范大学理论经济学科系国家一流培育学科,设有政治经济学、西方经济学、世界经济、经济史四个研究方向。2020年软科中国学科排名中,理论经济学科位居全国高校第26位,全国师范院校第3位。现有国家""万人计划""哲学社会科学领军人才1人,新世纪""百千万人才工程""人选2人,文化名家暨""四个一批""人才1人,享受政府特殊津贴专家6人,国家社科基金学科评审组专家1人,",2020,,,经济研究,,缺少作者，通常为公告、宣传或编辑性记录
奋进新时代开启新征程——学习贯彻党的十九届五中全会精神笔谈(上),"在""两个一百年""奋斗目标的历史交汇点上,党的十九届五中全会重点研究""十四五""规划问题并提出建议,将""十四五""规划与2035年远景目标统筹考虑,对动员和激励全党全国各族人民战胜前进道路上各种风险挑战,为全面建设社会主义现代化国家开好局、起好步,具有十分重要的意义。为深入学习贯彻党的十九届五中全会精神,本刊特邀请国内部分经济学家撰写笔谈文章,以飨读者。",2020,谢伏瞻;刘伟;王国刚;张占斌;黄群慧;魏后凯;张车伟;张晓晶;政武经;佟家栋;龚六堂;洪永淼,,经济研究,,笔谈、书评、序言、访谈或综述等非论文体裁
中国特色文化经济学理论探索与实证检验——第六届文化与经济论坛综述,"中国文化底蕴深厚、特色显著,且正经历着历史性的社会变革,实践创新为中国特色文化经济学研究的方法规范化、视野国际化提供了重要支撑。为深入推进新时代文化经济学研究,凸显问题与政策导向,丰富研究手段,创新""文化与经济""理论以适应新时代与新要求、解决新矛盾与新问题,加强文化经济学领域的学术交流,由经济研究杂志社、中央财经大学经济学院、厦门大学经济学院、西南政法大学经济学院、中山大学岭南学院、山东大学经济研究院、河南大学经济学院、内蒙古财经大学共",2020,陶克涛;赵立娟;史俊宏,,经济研究,,笔谈、书评、序言、访谈或综述等非论文体裁
“青年学者学术研究与论文写作”专题研修班(2021年第一期),"为了帮助青年学者更好地开展高水平学术研究,提高论文写作水平,《管理世界》经济研究院拟定于2021年1月23日至1月24日在北京市举办2021年第一期""青年学者学术研究与论文写作""专题研修班。一、时间地点1、报到时间:2021年1月22日(周五)。2、报到及授课地点:北京上园饭店(地址:北京市海淀区西直门外高粱桥斜街40号)。",2020,,,管理世界,,缺少作者，通常为公告、宣传或编辑性记录
中国社会科学院大学经济学院简介,"中国社会科学院大学是以中国社会科学院研究生院为基础成立的培养人文社会科学拔尖人才的研究型大学。经济学院是大学成立时即设立并开始招生的学院之一。2020年9月,经济学院与中国社会科学院经济研究所融合,经济所领导同时担任经济学院主要领导。现任院长为中国社会科学院经济研究所所长黄群慧研究员。经济学院现有本科专业学位点1个,硕士学位点10个,博士学位点7个,博士后流动站1个,在读学生600余人。专业覆盖理论经济学、应用经济学2个一级学科。博士学位研究生招生范围包括政治经济学、经济思想史、经济史、西方经济学、发展经济学、国民经济学、统计学等二级学科;包含上述7个二级学科的同时,经济学院还在世界经济、数量经济和金融学等共计10个二级学科招收学术型硕士研究生。",2020,,,经济研究,,缺少作者，通常为公告、宣传或编辑性记录
《经济研究》创刊65周年·《经济学动态》创刊60周年学术研讨会,"2020年10月24日,由中国社会科学院经济研究所主办,经济研究杂志社和经济学动态杂志社承办,中国社会科学出版社协办的""后疫情时期的经济高质量发展:面向2025年的中国经济——《经济研究》创刊65周年.《经济学动态》创刊60周年学术研讨会""在北京成功举办。",2020,,,经济研究,,缺少作者，通常为公告、宣传或编辑性记录
《经济研究》编辑委员会2020年度工作会议纪要,"《经济研究》编辑委员会2020年度工作会议于2020年10月23日在北京市国谊宾馆召开。近20位顾问与委员(以下统称编委)出席会议,中国社会科学院经济研究所副所长、《经济研究》副主编朱恒鹏主持会议。首先,中国社会科学院经济研究所所长、《经济研究》主编黄群慧致辞。黄主编对各位编委长期以来对《经济研究》的大力支持表示感谢,并向编委们介绍了编辑部近一年的人事变动,以及编辑部稿件处理制度的变化。",2020,陈小亮,,经济研究,,笔谈、书评、序言、访谈或综述等非论文体裁
"七秩金融筑梦一流奋力打造“国内顶尖,国际知名”的金融学院——写在中南财经政法大学金融学院70周年院庆之际","2020年10月,中南财经政法大学金融学院迎来70华诞。中南财经政法大学金融学院的前身是中原大学1950年成立的金融系,是新中国早期的金融、投资人才培养基地之一。70年来,从中原大学时期""求真为民、务实创新""的大学精神,到中南财经政法大学""博文明理、厚德济世""的校训,金融学院为国家建设培养、输送急需人才的红色基因,和""办人民需要的大学""的初心,始终如一。70年来,几代金融人砥砺奋进、乘风破浪,""贡献金融新知,培育金融精英,引领金融实践,推动社会发展""的使命担当历久弥新。",2020,,,经济研究,,缺少作者，通常为公告、宣传或编辑性记录
第八届张培刚发展经济学优秀成果奖第三届张培刚发展经济学青年学者奖颁奖典礼暨“双循环新格局与中国经济转型发展”论坛公告,第八届张培刚发展经济学优秀成果奖和第三届张培刚发展经济学青年学者奖评选结果现已产生。特公告如下:1.第八届张培刚发展经济学优秀成果奖获奖作品名单(按获奖作品第一作者姓名音序排列):,2020,,,经济研究,,缺少作者，通常为公告、宣传或编辑性记录
第六届中青年财政学者论坛征文启事,"""中青年财政学者论坛""由浙江财经大学创办于2015年,已成功举办五届。为进一步凝练论坛特色,为财政领域中青年学者的学术交流与合作打造一个高端平台,第六届中青年财政学者论坛将在《管理世界》编辑部的支持下由浙江财经大学主办。本届论坛将于2020年12月5日在杭州召开,论坛主题为""风险社会下的财政治理变革""。",2020,,,管理世界,,缺少作者，通常为公告、宣传或编辑性记录
关于举办“第一届‘三农’发展前沿学术论坛”的启事,"""十三五""时期,围绕脱贫攻坚和农村如期全面小康双重目标任务,中央实施了一系列强农、惠农、富农政策,我国""三农""发展取得了显著成效。以高质量发展为主线,补短板、防风险,将是""十四五""时期加快推进农业农村现代化的重要主题。经农业农村部农村经济研究中心、西北农林科技大学经济管理学院商定,举办""第一届‘三农’发展前沿学术论坛""。具体事宜如下。一、会议时间及地点会议地点:西北农林科技大学经济管理学院(陕西杨凌)会议时间:2021年1月9日-10日",2020,,,管理世界,,缺少作者，通常为公告、宣传或编辑性记录
山东财经大学会计学院简介,"山东财经大学会计学院成立于2011年11月,由原山东经济学院会计学院和山东财政学院会计学院整合组建而成。目前有本科、硕士、博士三个办学层次。其中,本科有会计学、审计学、财务管理和资产评估四个专业;硕士分学术硕士和专业硕士,前者有会计学、财务管理和审计学,后者有会计学、审计学和资产评估;博士有会计理论与方法、财务管理和审计理论与方法三个研究方向。为推动会计教育转型发展,会计学专业从2019级开始新设""智能会计""方向。",2020,,,经济研究,,缺少作者，通常为公告、宣传或编辑性记录
热烈庆祝《改革开放进程中的经济学家学术自传》隆重出版,"丛书简介为了记录并彰显中国经济学家的历史贡献,为中国特色社会主义事业进一步发挥智慧的力量和作用,同时借以勉励后学筑梦前行,南方出版传媒旗下广东经济出版社,特邀张卓元教授和高培勇教授担任主编,由《经济研究》编辑部具体负责组织、编辑了集中反映改革开放进程中的经济学家学术探索和心路历程的丛书——《改革开放进程中的经济学家学术自传》。入选这套丛书的经济学家共计46位,他们学术素养深厚、学术成就卓越。他们在自传中大多以第一人称,讲述了自己的家国情怀与成长经历,以及对学术生涯的感悟和思考。这是一套全面、翔实的经济学家学术传记丛书,为记录我国改革开放历程留下了宝贵的资料。",2020,,,经济研究,,缺少作者，通常为公告、宣传或编辑性记录
后疫情时期的经济高质量发展:面向2025年的中国经济——《经济研究》创刊65周年·《经济学动态》创刊60周年纪念学术研讨会,"2020年是中国全面建成小康社会和""十三五""规划收官之年,也是谋划第十四个五年规划、承前启后推进中国特色社会主义建设、实现""两个一百年""奋斗目标的关键之年。突如其来的新型冠状病毒肺炎疫情还给2020年全球经济社会带来了巨大冲击,也给后疫情时期世界经济发展提出了全面挑战。""十四五""时期是全面建设社会主义现代化国家新征程的开局起步期,是世界百年未有之大变局演化的后疫情时期,是新一轮科技革命和产业变革的加速拓展期。中国需要从世界百年未有之大变局和中华民族伟大复兴战略全局的""两个大局""着眼,建设现代化经济体系,促进中国经济高质量发展,加快形成以国内大循环为主体、国内国际双循环相互促进的新发展格局。",2020,,,经济研究,,缺少作者，通常为公告、宣传或编辑性记录
文化视角下的乡村振兴与经济发展新思路探究——评《从文化视角探索乡村振兴的发展之路》,"随着我国城镇化的快速发展,为推进乡村文化建设,各地政府以党的十九大精神为指导开始全面实施乡村振兴战略,积极贯彻和落实振兴乡村经济和文化战略部署。全方位的乡村振兴不仅要加快现代农业产业体系、生产体系和经营体系的构建步伐,还需要坚持农业农村优先发展战略,大力提升农业融合型产业的辐射带动能力,尤其要加强新农村文化建设任务,以满足农民群众的多层次和多方面的精神文",2020,罗春秋,,管理世界,,笔谈、书评、序言、访谈或综述等非论文体裁
“第一届中国经济前沿学术论坛”征文启事,"改革开放以来,中国经济和社会发展取得了举世瞩目的成就,中国的经济发展模式正受到越来越多国际经济学家的关注。如何立足我国国情和发展实践,提炼和总结我国经济发展实践的规律性成果,讲好经济学的""中国故事"",传播好中国声音,是历史赋予我们这代人的学术责任和社会责任。当前世界经济增速放缓,世界大变局加速演变,全球动荡源和风险点显著增多。同时,随着中国经济发展进入新时代,我国经济已由高速增长阶段转",2020,,,管理世界,,缺少作者，通常为公告、宣传或编辑性记录
第六届中青年财政学者论坛征文启事,"""中青年财政学者论坛""由浙江财经大学创办于2015年,已成功举办五届。为进一步凝练论坛特色,为财政领域中青年学者的学术交流与合作打造一个高端平台,第六届中青年财政学者论坛将在《管理世界》编辑部的支持下由浙江财经大学主办。本届论坛将于2020年12月5日在杭州召开,论坛主题为""风险社会下的财政治理变革""。",2020,,,管理世界,,缺少作者，通常为公告、宣传或编辑性记录
关于举办第二届“中国青年管理学者论坛·工商管理论坛”的启事,"""中国青年管理学者论坛·工商管理论坛""创办于2019年,旨在推动我国工商管理学科发展,为国内工商管理领域中青年学者搭建高水平的交流平台。在管理世界杂志社的支持下,第二届""中国青年管理学者论坛·工商管理论坛""定于2020年10月18日在首都经济贸易大学举办。",2020,,,管理世界,,缺少作者，通常为公告、宣传或编辑性记录
第二届中国微观经济理论论坛(2020)征文启事,"改革开放以来中国经济发展取得的举世瞩目的成就,理应孕育和提炼出有代表性且有影响力的经济理论。这些理论既要借鉴国外微观经济学的经典及前沿成果,又要结合中国的现实问题;既要对以往的成功经验予以总结和阐释,又要对各种新现象、新问题作出解答和理论概括。为了推动中国微观经济学理论与方法的创新,促进微观经济学者之间的学术交流,经济研究杂志社与中国社会科学院经济研究所微观经济学研究室、北京大学光华管理学院、中国人民大学经济学院、清华大学经济管理学院、复旦大学经济学院、南开大学经济学院、南京大学经济学院、浙江",2020,,,经济研究,,缺少作者，通常为公告、宣传或编辑性记录
后疫情时期的经济高质量发展:面向2025年的中国经济——《经济研究》创刊65周年·《经济学动态》创刊60周年纪念学术研讨会,"2020年是中国全面建成小康社会和""十三五""规划收官之年,也是谋划第十四个五年规划、承前启后推进中国特色社会主义建设、实现""两个一百年""奋斗目标的关键之年。突如其来的新型冠状病毒肺炎疫情还给2020年全球经济社会带来了巨大冲击,也给后疫情时期世界经济发展提出了全面挑战。""十四五""时期是全面建设社会主义现代化国家新征程的开局起步期,是世界百年未有之大变局演化的后疫情时期,是新一轮科技革命和产业变革的加速拓展期。中国需要从世界百年未有之大变局和中华民族伟大复兴战略全局的""两个大局""着眼,建设现代化经济体系,促进中国经济高质量发展,加快形成以国内大循环为主体、国内国际双循环相互促进的新发展格局。",2020,,,经济研究,,缺少作者，通常为公告、宣传或编辑性记录
构建中国区域经济学学科体系——评《刘再兴文集》,"随着中国经济步入高质量发展的新时代,""与时代共成长、以现实为命题""的区域经济学迎来发展的春天,这离不开老一辈学者做出的开创性工作。作为中国区域经济理论与实践研究的代表性学术成果,问世于2017年的《刘再兴文集》(经济管理出版社,下文所标页码均指该书)涵盖了经济地理学学科性质、生产布局规律、区域发展差距、经济区划、国土规划、经济政策空间属性等重大问题的深刻思考,集合了以刘再兴教授为代表的新中国第一代区域经济学者的真知灼见。",2020,孙久文,,经济研究,,笔谈、书评、序言、访谈或综述等非论文体裁
第七届全国经济史学博士后论坛征文启事,"为加强全国经济史学科博士后之间的学术交流,培养具有创新精神的经济史学研究高层次人才,推动中国经济史学研究,为中国的改革开放和经济发展贡献高水平智力成果,由中国社会科学院、全国博士后管委会办公室与中国博士后科学基金会共同主办,中国社会科学院博士后管委会办公室与厦门大学历史系、中国社会科学院经济研究所、中国经济史学会共同承办的第七届全国经济史学博士后论坛,拟于2020年10月16—18日在厦门举行。本届论坛的主题为""陆海交汇:全球史视野下的中国社会经济变迁""。",2020,,,经济研究,,缺少作者，通常为公告、宣传或编辑性记录
新时代马克思主义政治经济学发展研究——评《马克思主义政治经济学在当代中国的新发展》,"马克思主义政治经济学在中国化和本土化的历程上克服了一次又一次的社会经济发展难关。在新时代背景下,我国特色社会主义事业的建设与发展将继续坚持党的正确领导,坚持马克思主义政治经济学的理论与实践发展路径,用中国特色社会主义政治经济学新的成果和经验推动新时代的科学建设与发展。由邱海平编著的《马克思主义政治经济学在当代中国的新发展》一书是我国新时代背景下治国理政新理念、新思想和新战略研究的优秀成果。该书在马克思主义政治经济学理论框架与实践体系的基",2020,特木钦,,管理世界,,笔谈、书评、序言、访谈或综述等非论文体裁
初心如磐探索中国经济学教育改革之路——厦门大学王亚南经济研究院成立15周年,"2020年6月,厦门大学王亚南经济研究院(WISE)迎来15华诞。15年前,WISE依托厦门大学经济学科悠久的历史底蕴与广泛的国际学术资源优势而设立,致力于成为中国乃至亚太地区一流的、与国际接轨的现代经济学教育和研究机构。WISE以马克思主义经济学家和共和国老一辈教育家——王亚南校长的名字命名,旨在新的历史时期,学习其""站在中国人的立场研究经济学""的治学态度,弘扬其勇攀高峰、学以致用的科学精神。",2020,,,经济研究,,缺少作者，通常为公告、宣传或编辑性记录
王亚南经济研究院成立15周年纪念编著——《新时代中国经济学教育与研究》出版,"""不忘来路,始知归处"",为庆祝WISE成立15周年编著的《新时代中国经济学教育与研究——WISE足迹》由上海人民出版社于2020年6月正式出版。本书集结了WISE首任院长洪永淼教授的部分媒体访谈文章、个人随笔和建言,通过洪永淼个人的视角,呈现WISE15年来的发展理念与轨迹。本书主要包括四方面内容:第一部分《成长》,主要叙述洪永淼赴美留学,再应邀回到母校创办WISE以及主持经济学科的学术管理工作的经历;第二部分《开创》,主要反映WISE的创立、发展,以及WISE、经济学院、邹至庄经济研究中心三位一体交叉融合的鲜明特色,介绍了15年来厦大经济学科",2020,,,经济研究,,缺少作者，通常为公告、宣传或编辑性记录
“一带一路”建设时代背景下的国际文化交流和经济合作研究——评《“一带一路”国际文化交流与经济发展》,"""一带一路""建设是我国在新的历史条件下实行全方位对外开放的重大举措、推行互利共赢的重要平台。在此大环境下,要以更加开放的心态深化和拓展中外新型的合作关系,形成多层次和多形式的文化与经济交流格局。积极开展对外文化交流与经济合作,可以有效帮助我国经济进行转型、升级与发展,也可以助推我国新时期文化与经济发展。为此,由张耀一和李晨合著的《""一带一路""国际文化交流与经济发展》一书,对中外国际文化交流和经济合作研究,具有重要的",2020,杜晓明,,管理世界,,笔谈、书评、序言、访谈或综述等非论文体裁
重庆工商大学应用经济学科诚聘海内外英才,"重庆工商大学应用经济学是重庆市""一流学科""、市级重点学科,第四轮部级学科评估中获得B-,2019 ""软科学科排名""前19%。2004年开始招收硕士生,2012年获批服务国家特殊需求博士人才培养项目,2014年获批成立博士后科研流动站,2019年经济学、贸易经济和金融学三个专业入选国家一流专业建设名单。该学科有部级人文社科重点研究基地长江上游经济研究中心等11个科研平台,有""万人计划""哲学社会科学领军人才1人、""百千万工程""人选2人、""四个一批""人才1人、全",2020,,,经济研究,,缺少作者，通常为公告、宣传或编辑性记录
中国信息经济学乌家培资助计划简介,"中国信息经济学会成立于1989年,致力在信息经济与信息管理领域搭建理论创新的桥梁,推动跨学科发展。学会创始人乌家培教授为中国著名经济学家,中国数量经济学和信息经济学创始人。为促进中国信息经济与信息管理领域的青年学者成长,并产生未来30年有国际影响力的理论创新成果,学会于2015年设立中国信息经济学乌家培资助计划,以表彰中国信息经济与信息管理领域青年学者的理论创新贡献。2016-2019年分别进行了一至四届乌家培资助计划的评选。",2020,,,经济研究,,缺少作者，通常为公告、宣传或编辑性记录
孙冶方经济科学奖第十九届(2020年度)评奖公告,"根据《孙冶方经济科学基金会章程》规定,孙冶方经济科学奖第十九届(2020年度)评奖工作将于2020年底开始进行。此次评奖对象是1979年至2019年12月底经济理论工作者和实际工作者,在国内外公开发表的论文和出版的专著。评选范围包括:针对经济学重大理论和实践问题、立足学术前沿、具有鲜明创新特点、使用规范分析方法的研究成果,特别鼓励能够有效解释中国改革开放和现代化建设伟大实践与独特经验的",2020,,,经济研究,,缺少作者，通常为公告、宣传或编辑性记录
第五届中国信息经济学乌家培资助计划(2020)评选公告,"【评选对象及条件】(1)在国内外学术期刊上公开发表信息经济和信息管理领域的论文(发表时间不限);(2)论文的理论成果具有重要的学术创新性和影响力;(3)论文的作者为具有中华人民共和国国籍的、2020年7月31日前不超过45周岁的学者。【资助计划】资助人数为1-3名,资助总额为20万元人民币。",2020,,,经济研究,,缺少作者，通常为公告、宣传或编辑性记录
重庆工商大学工商管理学科诚聘海内外英才,"重庆工商大学工商管理学科于1981年设立,2003年获批硕士点,是重庆市首批""一流学科"",第四轮学科评估等级为B-,2019软科排名前27%,2019年获批工商管理、会计学、市场营销、财务管理、物流管理等五个国家一流本科专业建设点。学科点有教育部人文社科重点研究基地""长江上游经济研究中心""、国家国际科技合作基地""智能制造服务国际科技合作基地""、重庆市人文社科重点研究基地",2020,,,管理世界,,缺少作者，通常为公告、宣传或编辑性记录
马克思主义政治经济学的创新与发展研究——评《马克思主义政治经济学原理(第4版)》,"马克思主义政治经济学基本原理重点研究了马克思主义基础理论与基本原理之间的关系,如劳动价值、剩余价值和社会主义经济等三大基础理论,成为确定马克思主义基本原理的重要依据,具有鲜明的马克思主义性质,在马克思主义理论中居于基础地位。新时期加强当代马克思主义政治经济学的基础理论与原理的创新与发展研究,成为我国高校""马克思主义基本原理""学科建设的着力点。习近平新时代中国特色社会主义经济思想,创新与丰富了马克思主义的发展观。当前,我国经济进入""新常态"",创新政治经济学理论势在必行。",2020,尉海莹,,管理世界,,笔谈、书评、序言、访谈或综述等非论文体裁
计量经济方法体系的动态演进与前沿展望——第三届中国计量经济学者论坛(2019)综述,"中国特色社会主义进入了新时代,在新背景下研究中国模式的一般性和特殊性,是总结经济社会发展中的经验教训、实现高质量发展的重要方式。在世界经济一体化和全球价值链深度融合的环境中,推进国家治理体系和治理能力的现代化是抵御外部冲击、降低经济增长不确定性的关键途径。探索中国经济高质量发展的新路径、形成并完善国家治理体系的新框架,亟需了解和把握计量经济方法的前沿进展,使其在中国经济社会发展问题的定量分析中发挥更大的作用。",2020,张同斌;陈海强;胡毅,,经济研究,,笔谈、书评、序言、访谈或综述等非论文体裁
中国特色地缘政治经济学的理论探索与体系构建——第五届地缘政治经济学论坛综述,"随着世界政治经济格局的深度调整,近年来全球地缘意义上的区域冲突事件屡见不鲜,对全球政治经济关系产生了深远的影响。作为一门运用经济学理论和方法研究全球特定区域内政治与经济相互影响和作用关系的学科,地缘政治经济学在日益复杂的全球政治经济格局新时代下必须肩负起更大的责任担当,这也迫切需要我们持续深入推动有中国特色的地缘政治经济学构建,为解决新形势下我国面临的地缘政治经济相关问题贡献智慧、凝聚力量。一、中国特色地缘政治经济学的理论缘起及研究范式、范围",2020,李世杰;刘文革;郭庆宾,,经济研究,,笔谈、书评、序言、访谈或综述等非论文体裁
重庆工商大学应用经济学科诚聘海内外英才,"重庆工商大学应用经济学是重庆市""一流学科""、市级重点学科,第四轮部级学科评估中获得B-,2019 ""软科学科排名""前19%。2004年开始招收硕士生,2012年获批服务国家特殊需求博士人才培养项目,2014年获批成立博士后科研流动站,2019年经济学、贸易经济和金融学三个专业入选国家一流专业建设名单。该学科有部级人文社科重点研究基地长江上游经济研究中心等1 1个科研平台,有""万人计划""哲学社会科学领军人才1人、""百千万工程""人选2人、""四个一批""人才1人、全",2020,,,经济研究,,缺少作者，通常为公告、宣传或编辑性记录
第五届中国信息经济学乌家培资助计划(2020)评选公告,"【评选对象及条件】(1)在国内外学术期刊上公开发表信息经济和信息管理领域的论文(发表时间不限);(2)论文的理论成果具有重要的学术创新性和影响力;(3)论文的作者为具有中华人民共和国国籍的、2020年7月31日前不超过45周岁的学者。【资助计划】资助人数为1-3名,资助总额为20万元人民币。【获资助者博士生团队持续资助机制】本年获资助者指导的博士生团队,次年自然获得""中国信息",2020,,,经济研究,,缺少作者，通常为公告、宣传或编辑性记录
中国信息经济学乌家培资助计划简介,"中国信息经济学会成立于1989年,致力在信息经济与信息管理领域搭建理论创新的桥梁,推动跨学科发展。学会创始人乌家培教授为中国著名经济学家,中国数量经济学和信息经济学创始人。为促进中国信息经济与信息管理领域的青年学者成长,并产生未来30年有国际影响力的理论创新成果,学会于2015年设立中国信息经济学乌家培资助计划,以表彰中国信息经济与信息管理领域青年学者的理论创新贡献。",2020,,,经济研究,,缺少作者，通常为公告、宣传或编辑性记录
重庆工商大学应用经济学科诚聘海内外英才,"重庆工商大学应用经济学是重庆市""一流学科""、市级重点学科,第四轮部级学科评估中获得B-,2019""软科学科排名""前19%。2004年开始招收硕士生,2012年获批服务国家特殊需求博士人才培养项目,2014年获批成立博士后科研流动站,2019年经济学、贸易经济和金融学三个专业入选国",2020,,,经济研究,,缺少作者，通常为公告、宣传或编辑性记录
发展经济学在中国:实践与展望——第二届中国发展经济学学者论坛综述,"发展经济学是以发展中国家的经济实践为主要研究对象的一个经济学分支学科。中国作为最大的发展中国家,经济发展过程中涌现出许多新现象、新问题。利用中国实践来推动发展经济学理论创新,完善发展经济学学科体系,是中国发展经济学学者的使命和职责所在。一、中国经济实践与发展经济学中国在发展经济学理论演进中扮演了重要角色。早在20世纪40年代,一批中国经济学家,比如刘大钧、方显廷、翁文灏、马寅初、谷春帆、吴景超、伍启元、张培刚等对中国如何实现工",2020,叶初升;肖利平;余静文,,经济研究,,笔谈、书评、序言、访谈或综述等非论文体裁
中国信息经济学乌家培资助计划简介,"中国信息经济学会成立于1989年,致力在信息经济与信息管理领域搭建理论创新的桥梁,推动跨学科发展。学会创始人乌家培教授为中国著名经济学家,中国数量经济学和信息经济学创始人。为促进中国信息经济与信息管理领域的青年学者成长,并产生未来30年有国际影响力的理论创新成果,学会于2015年设立中国信息经济学乌家培资助计划,以表彰中国信息经济与信息管理领域青年学者的理论创新贡献。",2020,,,经济研究,,缺少作者，通常为公告、宣传或编辑性记录
第五届刘诗白经济学奖评选公告,"为深入学习贯彻习近平新时代中国特色社会主义思想,深入学习贯彻党的十九大和十九届二中、三中、四中全会精神,全面贯彻落实中共中央印发的《关于加快构建中国特色哲学社会科学的意见》精神,推动习近平新时代中国特色社会主义思想系统性、学理化、学科化研究阐释,深刻把握习近平新时代中国特色社会主义经济思想内涵,推进中国特色、中国风格、中国气派的经济学研究,推出更多经济学研究的精品力作,加快构建中国特色哲学社会科学,现面向全国开展",2020,刘诗白,,经济研究,,公告、招聘、宣传或编辑性材料
财政制度、国家治理与经济发展——第五届中国财政学论坛综述,"""财政是国家治理的基础和重要支柱"",这是中国共产党十八届三中全会以来对财政地位的重要论断。在中国特色社会主义进入新时代的关键时期,建设现代财政制度以推进国家治理能力现代化、推动经济发展尤为重要。如何创新财政基础理论以适应新时代要求,如何利用财政理论解决新矛盾和新问题,如何分析财政政策的运行效果,是财政理论工作者亟待认真探讨并深入研究的重大课题。由经济研究杂志社和中国人民大学财政金融学院共同主办、中国人民大学《经济理论与经济管理》编辑部和",2020,吕冰洋;刘晓路;马光荣,,经济研究,,笔谈、书评、序言、访谈或综述等非论文体裁
破除“唯定量倾向”为构建中国特色经济学而共同努力——《经济研究》关于稿件写作要求的几点说明,"《经济研究》自创办起,始终以马克思主义为指导,以推动与繁荣中国特色社会主义政治经济学研究为己任,立足中国现实,坚持学术性、时代性、创新性和前沿性,致力于发表研究中国特色社会主义经济建设事业中重大现实问题的高水平理论研究类文章,忠实地为经济理论学习与研究者、经济政策决定与执行者以及社会各界朋友服务,为构建中国特色经济学而努力。",2020,,,经济研究,,缺少作者，通常为公告、宣传或编辑性记录
乡村振兴规划与三生关系问题研究——评《中国农户经济行为与乡村治理》,"2017年10月,中共十九大报告中提出""乡村振兴""的战略,党和国家对""三农""问题的规划又衍生出一个新的表征点""三生""(生产、生态、生活),它对应着""农村、农业、农民"",让以乡村振兴为背景的""三农""问题更加具体和细致,一方面揭示出乡村振兴过程中存在的各种问题与障碍,一方面对党和国家的乡村振兴规划提出落实路径与方法。",2020,华章,,管理世界,,笔谈、书评、序言、访谈或综述等非论文体裁
"强化微观经济理论研究,夯实中国经济学大厦基石——首届中国微观经济理论论坛综述","2016年7月8日,习近平总书记在北京主持召开经济形势专家座谈会时,殷切希望中国经济学界""要加强研究和探索,加强对规律性认识的总结,不断完善中国特色社会主义政治经济学理论体系,推进充分体现中国特色、中国风格、中国气派的经济学科建设""。由于一个社会的所有经济活动都是由具体的经济人或经济组织开展,因此研究其决策行为的微观经济理论就构成了整个经济学的基石。这就意味着,要真正筑起中国经济学的万丈高楼就必须加强微观经济理论的研究。在此过程中,中国学界必须开放包容,充分把握微观经济理论的世界前沿和发展方向,确保我们站在巨人肩上,因为作为研究人理性决策的经济理论具有一般性;同时,我们也有责任将中国经济发展的实践上升到理论高度,使其成为前沿理论的一部分而推动经济学的发展,为人类发展提供一份可供参考的中国智慧。鉴于此,本文将系统梳理微观经济理论研究中的新问题,结合首届中国微观经济理论论坛的研究成果,探讨经济理论研究中的发展方向。",2020,杨其静;刘小鲁;李三希,,经济研究,,笔谈、书评、序言、访谈或综述等非论文体裁
"锐意进取,开拓新时代马克思主义经济学研究的新境界——全国第十三届马克思主义经济学发展与创新论坛综述","新中国成立70年来,经历了从""站起来""、""富起来""到""强起来""的历史飞跃。全面梳理、总结70年来马克思主义经济学在中国的发展历程和理论创新,直面新时代的伟大斗争和伟大实践,研究和引领未来中国经济的高质量发展,成为新时代赋予马克思主义经济学者们的光荣使命。2019年12月1日,由中国社会科学院经济研究所、经济研究杂志社与郑州大学商学院共同举办、河南工业大学经济贸易学院协办的全国第十三届马克思主义经济学发展与创新论坛在郑州大学召开,论坛的主题为""开拓当代中国马克思主义政治经济学研究的新境界""。来自全国50多家科研院所、高等学校的超过110位马克思主义经济学学者们围绕主题进行了热烈而深入的研讨,现将本届论坛的主要成果综述如下。",2020,李中建;王海杰,,经济研究,,笔谈、书评、序言、访谈或综述等非论文体裁
湖南大学金融与统计学院简介,"湖南大学金融与统计学院坐落在美丽的国家风景名胜区岳麓山下,她所依托的湖南大学渊源于全世界古老的高等学府——成立于公元976年的岳麓书院。千余年来,这里学脉绵延,讲习不断,素有""千年学府、百年名校""之美誉,是""211工程""与""985工程""重点建设高校,国家""世界一流",2020,,,经济研究,,缺少作者，通常为公告、宣传或编辑性记录
中国信息经济学乌家培资助计划简介,"中国信息经济学会成立于1989年,致力在信息经济与信息管理领域搭建理论创新的桥梁,推动跨学科发展。学会创始人乌家培教授为中国著名经济学家,中国数量经济学和信息经济学创始人。为促进中国信息经济与信息管理领域的青年学者成长,并产生未来30年有国际影响力的理论创新成果,学会于2015年设立中国信息经济学乌家培资助计划,以表彰中国信息经济与信息管理领域青年学者的理论创新贡献。2016-2019年分别进行了一至四届乌家培资助计划的评选。",2020,,,经济研究,,缺少作者，通常为公告、宣传或编辑性记录
2019年中国信息经济学乌家培资助计划公告,"2019年中国信息经济学乌家培资助计划授予清华大学经济管理学院刘登攀教授和中山大学管理学院陈斌副教授。刘登攀教授用经济学模型方法研究了电商在资源约束条件下的优化问题,其成果具有高度",2020,,,经济研究,,缺少作者，通常为公告、宣传或编辑性记录
2019年中国信息经济学优秀成果公告,"中国信息经济学会自2015年开始,每年进行中国信息经济学优秀成果的评选,以表彰中国信息经济与信息管理领域的年度优秀成果,推动这两个领域的理论创新。优秀成果的评选标准和流程参见学会网站http://www.cies.org.cn/。",2020,,,经济研究,,缺少作者，通常为公告、宣传或编辑性记录
湖南大学金融发展与信用管理研究中心简介,"2006年2月,湖南省人民政府相关职能部门、中国人民银行长沙中心支行等部分中央驻湘单位、企业和湖南大学联合创办跨学科研究机构——湖南大学信用研究中心。2014年中心更名为湖南大学金融发展与信用管理研究中心。现任中心主任兼首席专家为杨胜刚教授。",2020,,,经济研究,,缺少作者，通常为公告、宣传或编辑性记录
财务会计课程结构设计与教学方式研究——评《财务会计教程》(第8版),"财务会计作为会计学专业的主干课程实务操作性非常强,财务会计课程具有较强的实践性,这就需要高校会计学专业在实际教学中不仅要重视理论知识教学与学习,还要重视社会实践的实务能力培养,这样才能适合社会应用型人才培养目标。由美国亨格瑞和森登教授撰写的《财务会计教程》一书,对财务会计课程结构设计与教学方式研究,具有一定的参考价值和意义。这本经典畅销的财务会计教材是为财务报表的使用者编写的,作者通过精心甄选出来的大量真实丰富的公司案例,让读者可以从中学会理解典型公司的年度报告,这些例子大都是选自公司的年度报告,还能指导读者如何利用会计",2020,张勋阁,,管理世界,,笔谈、书评、序言、访谈或综述等非论文体裁
中国社会保障研究现状及展望——第三届中国社会保障理论与政策论坛综述,"一、中国社会保障学科发展现状1883—1889年现代社会保障制度在德国诞生,中国现代社会保障制度则是伴随1949年中华人民共和国成立而建立并逐渐发展起来的。新中国成立70年来,中国社会保障制度经历了两大发展阶段,即1978年之前的传统社会保障制度发展阶段和1978年改革开放后40多年的新型社会保障制度发展阶段。经过改革开放以来40多年的制度变革,中国社会保障已经在整体上实现了从与计划经济体制相适应的""国家—单位保障制""到与市场经济体制相适应的""国家—社会保障制""的",2020,李春根;张仲芳;赖志杰;刘海兰,,经济研究,,笔谈、书评、序言、访谈或综述等非论文体裁
经济研究·高层论坛2020——面向2025年的经济高质量发展,"2020年是全面建成小康社会和""十三五""规划的收官之年。当前,中国经济由高速增长阶段转向高质量发展阶段,推动高质量发展是当前和今后一个时期确定发展思路、制定经济政策、实施宏观调控的根本要求。未来五年是""世界百年未有之大变局""深刻演变的关键期,是中国全面开启现代化强国新征程的起步期。为加快现代化经济体系建设,推动高质量发展,也为未来五年中国经济发展提供智库智慧,进一步推进新时代中国特色社会主义政治经济学的学术研究,中国社会科学院经济研究所继2018年、2019年隆重主办两届""经济研究·高层论坛""",2020,,,经济研究,,缺少作者，通常为公告、宣传或编辑性记录
新发展理念与中国改革的制度探索——中国制度经济学论坛(2019)综述,"党的十九大报告指出,在贯彻落实新时代中国特色社会主义思想的实践中,要坚持新发展理念,坚持和完善我国社会主义基本经济制度和分配制度。因此,从中国经济进入""新常态""以来,怎样进一步平衡好政府调控和市场配置之间的关系,怎样激活整个社会的创新能力从而引导经济转向高质量的长期发展,怎样在经济全球化的大背景下发展更高层次的开放型经济,对制度经济学界提出了新的论题。为了深入探讨这些问题,制度经济学相关领域的专家学者汇聚一堂,并由山",2020,才国伟;鲁晓东;刘乐淋,,经济研究,,笔谈、书评、序言、访谈或综述等非论文体裁
山东财经大学金融学院诚聘海内外人才,"山东财经大学坐落于享有泉城美誉的国家历史文化名城——济南。学校创建于1952年,是全国早期成立的财经类普通高校之一。金融学院是山东财经大学整体实力雄厚的学院之一,拥有金融学学士、硕士及博士学位授予权,以及应用经济学博士后流动站。金融学科为山东省特色建设重点学科,金融学专业是省部级特色专业。学院在校博士生和硕士生共307人、本科生2548人;现有专任教师96人,其中山东省""泰山学者""、""青年泰山学者""特聘专家各1人,泰山产业领军人才1人,享受国务院特殊贡献津贴专家1人,山东省有突出贡献中青年专家1人,山东省教学名师1人。博士生导师8人,教授27人。",2020,,,经济研究,,缺少作者，通常为公告、宣传或编辑性记录
华东理工大学奥利弗·哈特合同与治理研究中心诚聘天下英才,"奥利弗·哈特合同与治理研究中心(Oliver Hart Research Center of Contracts and Governance)于2019年9月22日在华东理工大学正式成立。研究中心以2016年诺贝尔经济学奖获得者,哈佛大学教授奥利弗·哈特(Oliver Hart)命名,并由华东理工大学荣誉教授,奥利弗·哈特本人担任研究中心主任。研究中心由华东理工大学联合奥利弗·哈特教授,以及上海交通大学、复旦大学和华东师范大学的多位经济学者共同组建。华东理工大学经济学科始建于20世纪80年代中期。彼时来自复旦大学、中国社科院、南京大学等高校和科研机构的一批年轻学者集结于华东理工大学,建立了经济发展研究所,并于",2020,,,经济研究,,缺少作者，通常为公告、宣传或编辑性记录
主编寄语,"送走2019年,迎来2020年。《经济研究》与经济理论界同仁共同迎来21世纪20年代,我们共同步入21世纪又一个新的十年。这个新年代的开局之年,又是我国全面建成小康社会和国家""十三五""规划的收官之年,这注定2020年是中国经济发展中的不平凡之年。当今世界正处于百年未有之大变局,国际政治经济形势波谲云诡。虽然我国发展环境仍处于战略机遇期,但充满挑战和风险,经济发展环境的不确定性不断增大。从国内看,伴随着我国工业化进程从中期步入到后期,我国经济已由高速增长阶段转向高质量发展阶段,正处在转变发展方式、优化经济结构、转换经济增长动力的攻关期。我国经济发展中的结构性矛盾依然还十分突出,经济下行压",2020,黄群慧,,经济研究,,公告、招聘、宣传或编辑性材料
第三届张培刚发展经济学青年学者奖评选公告,"为促进中国经济学学术进步,推动经济学学科建设,鼓励经济学青年人才的成长,提高中国经济研究水平,张培刚发展经济学研究基金会(以下简称基金会)于2018年特设立""张培刚发展经济学青年学者奖""。张培刚发展经济学青年学者奖每年评选一届,坚持公开、公平、公正的原则,重在发现和表彰在发展经济学相关领域拥有创新性的学术研究成果,并且具有较强科研潜力的中国青年经济学者。本奖评选不收取任何费用。根据《张培刚发展经济学青年学者奖评奖条例》的规定,第三届张培刚发展经济学青年学者奖评选工作于2020年1月启动。",2020,,,经济研究,,缺少作者，通常为公告、宣传或编辑性记录
中国青年经济学家奖(2020)评选公告,"为了更有广度、更有深度地评价与奖励在经济理论、政策及研究方法等领域作出杰出贡献的中国青年学者,促进中国经济理论研究的繁荣和政策建议水平的提高,经中国青年经济学者论坛学术理事会全体成员单位讨论决定,自2019年起,""中国青年经济学家优秀论文奖""变更为""中国青年经济学家奖""。""中国青年经济学家奖""每年评选一次,每次获奖者原则上不超过两人。本奖项坚持公正、公平、公开的原则,严格遵循评奖章程,保持评奖的独立性。2020年中国青年经济学家奖评选活动方案如下:",2020,,,经济研究,,缺少作者，通常为公告、宣传或编辑性记录
完善基本经济制度推进国家治理体系现代化——学习贯彻中共十九届四中全会精神笔谈,"中国共产党第十九届中央委员会第四次全体会议审议通过了《关于坚持和完善中国特色社会主义制度、推进国家治理体系和治理能力现代化若干重大问题的决定》。这次全会主题重大、事关根本。坚持和完善中国特色社会主义制度,推进国家治理体系和治理能力现代化是关系党和国家事业兴旺发达、国家长治久安、人民幸福安康的重大问题。党中央在这次全会上对这个重大问题进行研究并作出决定,是从政治上、全局上、战略上全面考量,立足当前、着眼长远作出的重大决策,充分体现了以习近平同志为核心的党中央高瞻远瞩的战略眼光和强烈的历史担当。为了更好地学习、宣传与贯彻十九届四中全会精神,本刊邀请我国经济学领域著名的专家学者撰写了这一组文章,以飨读者。",2020,谢伏瞻;蔡昉;江小涓;李实;黄群慧,,经济研究,,笔谈、书评、序言、访谈或综述等非论文体裁
文化经济学的理论维度与实践进路——第五届文化与经济论坛综述,"文化不仅深刻影响宏观经济绩效和微观市场主体决策,其自身演变也显著地受到经济发展的影响。伴随着计量分析手段的革新和实证数据可得性的改善,文化这一被古典经济学遗忘的因素逐步被纳入到现代经济学的规范分析框架中,越来越多的文献开始追踪经济发展背后的文化基因,文化经济学作为文化与经济领域新兴交叉学科,已成为经济学研究的重要分支。总体而言,文化经济学聚焦文化与经济之间的关系,主要研究文化对经济的影响,也即用经济学的理论和方法来分析文化现象和文化问题。中国社会传统文化的独特内涵及其与外来文化之间的交融和碰撞,使这一研究领域更可能根植于本土文化土壤实现理论创新。",2020,李树;邓睿;陈刚,,经济研究,,笔谈、书评、序言、访谈或综述等非论文体裁
新时代宏观影响微观的新视角及微观检验宏观的新证据——第八届宏观经济政策与微观企业行为交叉研究论坛综述,"2019年11月2日,第八届""宏观经济政策与微观企业行为交叉研究""学术研讨会在南京大学商学院顺利召开,会议由中国社会科学院经济研究所《经济研究》杂志社、北京大学财务分析与投资理财研究中心、南京大学商学院、暨南大学管理学院、清华大学中国经济社会数据研究中心、重庆大学经济与管理学院六方联合主办。本次研讨会共收到148篇投稿,经过匿名评审和专家委员会评审,最终确定30篇论文作为报告论文。在论文汇报环节,每篇报告论文由两名专家进行现场点评。来自全国各大高校和科研机构的600多名专家学者、青年教师、博士研究生参加了本次研讨会。",2020,范从来;姜国华;陈冬华;徐巍;姚振晔,,经济研究,,笔谈、书评、序言、访谈或综述等非论文体裁
中国信息经济学乌家培资助计划简介,"中国信息经济学会成立于1989年,致力在信息经济与信息管理领域搭建理论创新的桥梁,推动跨学科发展。学会创始人乌家培教授为著名经济学家,中国数量经济学和信息经济学创始人。为促进中国信息经济与信息管理领域的青年学者成长,并产生未来30年有国际影响力的理论创新成果,学会于2015年设立中国信息经济学乌家培资助计划,以表彰中国信息经济与信息管理领域青年学者的理论创新贡献。2016-2019年分别进行了一至四届乌家培资助计划的评选。",2020,,,管理世界,,缺少作者，通常为公告、宣传或编辑性记录
2019中国信息经济学乌家培资助计划公告,"2019年中国信息经济学乌家培资助计划授予清华大学经济管理学院刘登攀教授和中山大学管理学院陈斌副教授。刘登攀教授用经济学模型的方法研究了电商在资源约束条件下的一系列优化问题,其成果具有高度的创新性和广泛的影响力,并有很强的实践指导性。陈斌副教授围绕主观绩效的契约设计展开了一系列研究,不仅拓展了机制设计的理论研究,而且对现实中的创新激励有重要启示。",2020,,,管理世界,,缺少作者，通常为公告、宣传或编辑性记录
2020中国信息经济学乌家培资助计划评选公告,"评选对象:(1)年龄不超45周岁的中国国籍学者;(2)在国内外学术期刊上公开发表信息经济和信息管理领域的论文(发表时间不限);(3)论文理论成果具有重要的学术创新性和影响力。资助金额:20万元人民币。资助人数:1-3名。获资助者博士生团队持续资助机制:获资助者指导的博士生团队,在获资助第二年自然获得""中国信息经济学乌家培优秀博士生计划"",",2020,,,管理世界,,缺少作者，通常为公告、宣传或编辑性记录
乡村振兴与村落传统文化旅游价值研究——评《乡村振兴战略下传统村落文化旅游设计》一书的现实意义,"实施乡村振兴战略是我国振兴农村经济和繁荣农村的一项重大举措,而传统乡村文化旅游资源的开发和利用又是乡村振兴的一项重要内容和措施。深入研究乡村文化旅游资源价值,将文化创意作为传统村落文化旅游的融合突破口,从文化创意与旅游融合角度出发,结合我国各地传统村落旅游发展现状和存在的问题,探究两者深度融合发展的完善措施和策略。为此,由许少辉撰写的《乡村振兴战略下传统村落文化旅游设计》一书,对乡村振兴与村落传统文化旅游价值的研究,具有重要的参考价值和作用。",2024,白天成,,管理世界,,笔谈、书评、序言、访谈或综述等非论文体裁
《经济研究》编辑部关于发布论文扩展资料的公告,"《经济研究》是中国社会科学院主管、经济研究所主办的综合性经济理论类期刊,创办于1955年。本刊坚持学术性、时代性、创新性和前沿性,致力于发表关于中国特色社会主义经济建设事业中重大现实问题的高水平理论研究类文章,在国内外产生了重要而积极的影响,多年多次获得各种奖项。2014年、2018年和2022年,本刊连续被中国人文社会科学期刊综合评价指标体系(AMI)评为“顶级期刊”。",2024,,,经济研究,,缺少作者，通常为公告、宣传或编辑性记录
海南大学应用经济学科诚聘学术带头人、学术骨干与博士后,"学校简介海南大学是“双一流”建设与“部省合建”高校。根据“软科中国大学发展速度”排名,2017—2022年学校总增量居全国高校第49位,总增速名列前茅,学校实现跨越式发展。现有教职工5000余人,其中专任教师2915人,具有高级职称的教师1688人,在站博士后187人。有中国科学院院士、国家杰出青年基金获得者、国家优秀青年基金获得者、国家教学名师等国家高层次人才69人。入选“全国高校黄大年式教师团队”,涌现出全国优秀教育工作者、全国教书育人楷模、全国优秀教师、全国先进工作者、全国优秀科技工作者、全国五一劳动奖章获得者等优秀典型。",2024,,,经济研究,,缺少作者，通常为公告、宣传或编辑性记录
“中国信息经济学乌家培资助计划”简介,"中国信息经济学会成立于1989年,致力在信息经济与信息管理领域搭建理论创新的桥梁,推动跨学科发展。学会创始人乌家培教授为中国著名经济学家,中国数量经济学会和信息经济学会创始人。为促进中国信息经济与信息管理领域的青年学者成长,并产生未来30年有国际影响力的理论创新成果,学会于2015年设立“中国信息经济学乌家培资助计划”,以表彰中国信息经济与信息管理领域青年学者的理论创新贡献。2016—2023年分别进行了第一届至第八届乌家培资助计划的评选。",2024,,,经济研究,,缺少作者，通常为公告、宣传或编辑性记录
"聚焦构建高水平社会主义市场经济体制,推动经济高质量发展——学习贯彻党的二十届三中全会精神笔谈","中国共产党第二十届中央委员会第三次全体会议通过的《中共中央关于进一步全面深化改革、推进中国式现代化的决定》指出,党的十一届三中全会是划时代的,开启了改革开放和社会主义现代化建设新时期。党的十八届三中全会也是划时代的,开启了新时代全面深化改革、系统整体设计推进改革新征程,开创了我国改革开放全新局面。以习近平同志为核心的党中央团结带领全党全军全国各族人民,以伟大的历史主动、巨大的政治勇气、强烈的责任担当,冲破思想观念束缚,突破利益固化藩篱,敢于突进深水区,敢于啃硬骨头,敢于涉险滩,坚决破除各方面体制机制弊端,实现改革由局部探索、破冰突围到系统集成、全面深化的转变,各领域基础性制度框架基本建立,许多领域实现历史性变革、系统性重塑、整体性重构,总体完成党的十八届三中全会确定的改革任务,实现到党成立一百周年时各方面制度更加成熟更加定型取得明显成效的目标,为全面建成小康社会、实现党的第一个百年奋斗目标提供有力制度保障,推动我国迈上全面建设社会主义现代化国家新征程。中国式现代化是在改革开放中不断推进的,也必将在改革开放中开辟广阔前景。全党必须自觉把改革摆在更加突出位置,紧紧围绕推进中国式现代化进一步全面深化改革。为深入学习贯彻党的二十届三中全会精神,本刊特邀请国内部分经济学家以“聚焦构建高水平社会主义市场经济体制,推动经济高质量发展”为题撰写笔谈文章,以飨读者。",2024,蔡昉;顾海良;韩保江;潘家华;马海涛;王文举;刘守英;周文;迟福林;王国刚;赵昌文;周颖刚,,经济研究,,笔谈、书评、序言、访谈或综述等非论文体裁
宁波大学商学院简介,"宁波大学商学院创建于1986年,是宁波大学规模最大、发展最迅速的学科性学院。38年来,学院秉承“厚德笃行,弘商致远”的院训,创造商学新知,培养复合型创新型人才,为国家和地方经济的发展做贡献。学院现有专任教师157人,其中教授35人,副教授58人,获国家级和省部级人才称号的教师21人,具有博士学位的教师125人。学院在校本科生2224人,在校硕士、博士研究生1181人。",2024,,,管理世界,,缺少作者，通常为公告、宣传或编辑性记录
推进中国式现代化建设中华民族现代文明——中国式现代化与中华民族现代文明建设研讨会综述,"2023年6月2日,习近平总书记在文化传承发展座谈会上发表重要讲话,从党和国家事业发展全局战略高度,对中华文化传承发展的一系列重大理论和现实问题作了全面系统深入阐述。习近平总书记指出,在五千多年中华文明深厚基础上开辟和发展中国特色社会主义,把马克思主义基本原理同中国具体实际、同中华优秀传统文化相结合是必由之路,历史正反两方面的经验表明,“两个结合”是我们取得成功的最大法宝。只有全面深入了解中华文明的历史,才能更有效地推动中华优秀传统文化创造性转化、创新性发展,更有力地推进中国特色社会主义文化建设,建设中华民族现代文明。",2024,本刊记者;王梦真;刘洪愧,,经济研究,,笔谈、书评、序言、访谈或综述等非论文体裁
“中国信息经济学乌家培资助计划”简介,"中国信息经济学会成立于1989年,致力在信息经济与信息管理领域搭建理论创新的桥梁,推动跨学科发展。学会创始人乌家培教授为中国著名经济学家,中国数量经济学会和信息经济学会创始人。为促进中国信息经济与信息管理领域的青年学者成长,并产生未来30年有国际影响力的理论创新成果,学会于2015年设立“中国信息经济学乌家培资助计划”,以表彰中国信息经济与信息管理领域青年学者的理论创新贡献。2016—2023年分别进行了第一届至第八届乌家培资助计划的评选。",2024,,,经济研究,,缺少作者，通常为公告、宣传或编辑性记录
浙江大学中国数字贸易研究院简介,"2015年6月,浙江大学中国数字贸易研究院成立。2018年9月,研究院成为浙江省新型高校智库。2019年3月,研究院与阿里巴巴联合成立浙江大学-阿里巴巴数字贸易产教融合研究中心。2019年10月,研究院成为杭州市-浙江大学首批市校战略发展研究平台。2019年12月,研究院成为中国智库索引来源智库。浙江大学中国数字贸易研究院以“专业、前沿、高端、权威”为发展定位,秉承“开源创新、内涵发展”理念,整合浙江大学、全国乃至全球研究力量,主要具备咨政建言、理论创新、人才培养、社会服务等功能,力求打造数字贸易领域国内顶尖、世界一流的高端新型智库,为建设具有中国特色、中国风格、中国气派的世界优秀经济学科和中国特色世界一流大学贡献力量。",2024,,,管理世界,,缺少作者，通常为公告、宣传或编辑性记录
“中国信息经济学乌家培资助计划”简介,"中国信息经济学会成立于1989年,致力在信息经济与信息管理领域搭建理论创新的桥梁,推动跨学科发展。学会创始人乌家培教授为中国著名经济学家,中国数量经济学会和信息经济学会创始人。为促进中国信息经济与信息管理领域的青年学者成长,并产生未来30年有国际影响力的理论创新成果,学会于2015年设立“中国信息经济学乌家培资助计划”,以表彰中国信息经济与信息管理领域青年学者的理论创新贡献。2016—2023年分别进行了第一届至第八届乌家培资助计划的评选。",2024,,,经济研究,,缺少作者，通常为公告、宣传或编辑性记录
第九届中国信息经济学乌家培资助计划(2024)评选公告,"[获资助者条件](1)在国内外学术期刊发表信息经济与信息管理领域的论文(发表时间不限),其中代表作3—5篇(须为第一或通讯作者);(2)代表作具有重要的学术创新性和影响力;(3)具有中华人民共和国国籍、2024年8月31日前不超过45周岁的学者。[资助计划]资助人数为1—3名,资助总额为20万元人民币。[获资助者博士生团队持续资助机制]本年获资助者指导的博士生团队,次年自然获得“中国信息经济学乌家培优秀博士生计划”资助,资助总额为10万元人民币。后续资助根据首次资助后的学术创新成效而定。",2024,,,经济研究,,缺少作者，通常为公告、宣传或编辑性记录
《经济研究》关于稿件写作的几点说明与建议,"[中文内容]请作者在初始投稿与后续修改时:1.务必确认稿件的作者姓名、作者顺序(包括通讯作者)、作者单位、资助课题(项目),并将相关信息完整、准确地列于独立于正文的一页(正文中不得出现相关信息)每篇稿件,署名作者不得超过五位,且必须确认一位且仅一位通讯作者(如未清晰确认,第一作者视作通讯作者);每位作者的署名单位不得超过两个(同一单位的不同下设单位分别署名时,",2024,,,经济研究,,缺少作者，通常为公告、宣传或编辑性记录
新疆大学经济与管理学院简介,"新疆大学经济与管理学院成立于2001年,由原新疆大学经济管理系、经济研究所、人口研究所和原新疆工学院管理工程系四家单位整合而成,学院设有经济系、金融与贸易系、工商管理系和管理科学与工程系。拥有理论经济学科一级学科博士学位授权点和博士后科研流动站,理论经济学和工商管理2个一级学科硕士学位授权点。设有经济学、金融学、国际经济与贸易、工商管理、市场营销、物流管理6个本科专业。",2024,,,管理世界,,缺少作者，通常为公告、宣传或编辑性记录
安徽财经大学金融学院简介,"安徽财经大学金融学院立足安徽、面向全国、面向现代金融业,致力于培养创新型高素质金融人才,累计培养了2万余名优秀毕业生,为经济社会发展提供了强有力的人才支撑和智力支持。学科专业实力强劲。金融学科作为安徽省高校中最早设立金融学专业的学科,是学校传统优势学科,也是安徽省B类重点学科,在省内始终保持领先地位。学院设有金融学、保险学、投资学、金融工程4个全日制本科专业(其中金融学、投资学、金融工程专业入选国家级一流专业建设点,保险学人选省级一流专业建设点)。拥有金融学、投资经济学2个学术型硕士学位授权点,金融、保险2个专业型硕士学位授予点。有“证券投资学”(2020年获批)“资产配置优化选择虚拟仿真”(2020年获批)和“经济类综合实验”(2023年获批)3个国家级一流课程,其中“证券投资学”为,国家级课程思政示范课程(2021年获批)。",2024,,,管理世界,,缺少作者，通常为公告、宣传或编辑性记录
“中国信息经济学乌家培资助计划”简介,"中国信息经济学会成立于1989年,致力在信息经济与信息管理领域搭建理论创新的桥梁,推动跨学科发展。学会创始人乌家培教授为中国著名经济学家,中国数量经济学会和信息经济学会创始人。为促进中国信息经济与信息管理领域的青年学者成长,并产生未来30年有国际影响力的理论创新成果,学会于2015年设立“中国信息经济学乌家培资助计划”,以表彰中国信息经济与信息管理领域青年学者的理论创新贡献。2016—2023年分别进行了第一届至第八届乌家培资助计划的评选。",2024,,,经济研究,,缺少作者，通常为公告、宣传或编辑性记录
《经济研究》关于稿件写作的几点说明与建议,"[中文内容]请作者在初始投稿与后续修改时:1.务必确认稿件的作者姓名、作者顺序(包括通讯作者)、作者单位、资助课题(项目),并将相关信息完整、准确地列于独立于正文的一页(正文中不得出现相关信息)每篇稿件,署名作者不得超过五位,且必须确认一位且仅一位通讯作者(如未清晰确认,第一作者视作通讯作者);每位作者的署名单位不得超过两个(同一单位的不同下设单位分别署名时,",2024,,,经济研究,,缺少作者，通常为公告、宣传或编辑性记录
教育失配经历对企业雇佣决策的影响:来自简历投递实验和在线招聘职位的证据,"伴随我国高等教育扩张进程,劳动力市场中的教育失配现象日渐凸显。本文聚焦高学历者的教育失配经历对企业雇佣决策的影响,通过区分纵向失配和横向失配,分别从劳动力供给侧和需求侧来检验教育失配经历对雇佣决策产生的异质性后果。实证数据来自2023年中国在线联合调查实验项目,该项目通过抓取在线招聘职位和实施简历投递实验来加强因果推断(样本量为37273份)。实验结果表明:第一,教育失配经历对雇佣决策的影响呈现高度异质性。相较于纵向匹配,纵向失配者的简历回应率显著更低,反映出纵向失配潜藏着疤痕效应。相比于横向匹配,横向失配者的简历回应率显著更高,并且主要由横向高配者所驱动,由此揭示出横向高配具有赋能效应。第二,供给侧的性别因素、学校层级和前职公司,显著调节着失配经历对雇佣决策的影响。第三,需求侧的组织产权类型、岗位要求和城市环境,也会显著调节失配经历对雇佣决策的效应。本文揭示出教育失配经历对企业雇佣决策的异质性后果,对于加强高学历者就业质量和推动经济社会高质量发展具有重要意义。",2024,李晓光,教育匹配;过度教育;雇佣决策;简历投递实验;在线招聘职位,管理世界,,公告、招聘、宣传或编辑性材料
《经济研究》关于稿件写作的几点说明,"【中文内容】请作者在初始投稿与后续修改时:1.确认稿件的作者姓名、作者顺序(包括通讯作者)、作者单位、资助课题(项目),并将相关信息完整、准确地列于独立于正文的一页(正文中不得出现相关信息)。每篇稿件,署名作者不得超过五位,且确认唯一一位通讯作者(如未清晰确认,第一作者视作通讯作者);每位作者的署名单位不得超过两个(同一单位的不同下设单位分别署名时,视作不同的署名单位);每位作者的署名资助课题(项目)不得超过两个,且稿件的全部署名资助课题(项目)不得多出署名作者总数两个。",2024,,,经济研究,,缺少作者，通常为公告、宣传或编辑性记录
第十届“张培刚发展经济学优秀成果奖”评选公告,"“张培刚发展经济学优秀成果奖”是根据张培刚发展经济学研究基金会(以下简称基金会)的宗旨,为推动发展经济学理论创新和中国经济实现高质量发展而设立的,包括“张培刚发展经济学优秀著作奖”与“张培刚发展经济学优秀论文奖”。张培刚发展经济学优秀成果奖每两年评选一届。评选不收取任何费用。根据《张培刚发展经济学优秀成果奖评奖条例》的规定,第十届张培刚发展经济学优秀成果奖评选工作于2024年1月启动。",2024,,,经济研究,,缺少作者，通常为公告、宣传或编辑性记录
"扎实推动高质量发展,加快中国式现代化建设——学习贯彻中央经济工作会议精神笔谈","2023年12月召开的中央经济工作会议指出,2023年是全面贯彻党的二十大精神的开局之年,是三年新冠疫情防控转段后经济恢复发展的一年。以习近平同志为核心的党中央团结带领全党全国各族人民,顶住外部压力、克服内部困难,全面深化改革开放,加大宏观调控力度,着力扩大内需、优化结构、提振信心、防范化解风险,我国经济回升向好,高质量发展扎实推进。会议还强调,必须把推进中国式现代化作为最大的政治,在党的统一领导下,团结最广大人民,聚焦经济建设这一中心工作和高质量发展这一首要任务,把中国式现代化宏伟蓝图一步步变成美好现实。做好2024年经济工作,要以习近平新时代中国特色社会主义思想为指导,全面贯彻落实党的二十大和二十届二中全会精神,坚持稳中求进工作总基调,完整、准确、全面贯彻新发展理念,加快构建新发展格局,着力推动高质量发展,全面深化改革开放,推动高水平科技自立自强,加大宏观调控力度,统筹扩大内需和深化供给侧结构性改革,统筹新型城镇化和乡村全面振兴,统筹高质量发展和高水平安全。为学习宣传贯彻本次中央经济工作会议精神,为深入贯彻落实党中央关于经济工作的决策部署提供学术支持与政策参考,本刊约请国内著名专家以“扎实推动高质量发展,加快中国式现代化建设”为主题撰写一组笔谈,以飨读者。",2024,高培勇;隆国强;刘尚希;魏后凯;张永生;刘元春;孙久文;范从来;魏众,,经济研究,,笔谈、书评、序言、访谈或综述等非论文体裁
第七届“张培刚发展经济学青年学者奖”评选公告,"为促进中国经济学学术进步,推动经济学学科建设,鼓励经济学青年人才成长,提高中国经济研究水平,张培刚发展经济学研究基金会(以下简称基金会)特设立“张培刚发展经济学青年学者奖”。张培刚发展经济学青年学者奖每年评选一届,坚持公开、公平、公正的原则,重在鼓励和支持在发展经济学及相关领域拥有创新性的学术研究成果并且具有较强科研潜力的中国青年经济学者。",2024,,,经济研究,,缺少作者，通常为公告、宣传或编辑性记录
高质量发展与中国式现代化,"在新的一年即将到来之际,中国社会科学院经济研究所以“高质量发展与中国式现代化”为主题,于2023年12月23日在北京主办“经济研究·高层论坛暨经济学动态·大型研讨会(2023)”,以期广大学者共聚一堂围绕会议主题开展研讨,贡献智慧。本届高层论坛暨大型研讨会由经济研究杂志社、经济学动态杂志社、北京大学光华管理学院承办,由《中国经济史研究》编辑部、《经济思想史学刊》编辑部、《经济管理学刊》编辑部、中国社会科学院大学经济学院协办。",2024,,,经济研究,,缺少作者，通常为公告、宣传或编辑性记录
主编寄语,"新元复始,万象新启。值此新年到来之际,《经济研究》衷心祝愿经济学界同仁和关心支持《经济研究》的各界人士新年快乐,万事如意!在即将过去的2023年,《经济研究》始终牢记自己的使命,坚持以马克思主义为指导,坚持把马克思主义基本原理同中国具体实际相结合、同中华优秀传统文化相结合,推出了一系列深入学习宣传贯彻党的二十大精神和文化传承发展座谈会精神,",2023,黄群慧,,经济研究,,公告、招聘、宣传或编辑性材料
《经济研究》连续荣获“中国最具国际影响力学术期刊”,"中国知网和清华大学图书馆自2012年起连续12年联合研制《中国学术期刊国际引证年报》(简称《国际年报》),通过统计国际期刊对中国期刊的引用,客观反映我国学术期刊在国际学术研究领域的话语实情。通过连续多年的统计与遴选,《国际年报》及国际影响力TOP期刊品牌已经得到期刊界和科研管理部门的广泛认同,在助力中国期刊走向国际舞台、树立国际学术品牌和文化自信方面发挥了积极的、重要的作用。",2023,,,经济研究,,缺少作者，通常为公告、宣传或编辑性记录
第七届“期刊主题宣传好文章”活动《经济研究》所载《中国式现代化的理论认识、经济前景与战略任务》入选,"《中国式现代化的理论认识、经济前景与战略任务》(中国式现代化研究课题组,《经济研究》2022年第8期,全文请参见:https://mp.weixin.qq.com/s/vzgTHuKzVrEugu-aXNK1hA)在由中宣部出版局主办、中国期刊协会承办的第七届“期刊主题宣传好文章”推荐活动(2023年度)中入选。第七届“期刊主题宣传好文章”推荐活动旨在引导广大期刊深入学习宣传贯彻习近平新时代中国特色社会主义思想和党的二十大精神,坚持正确出版方向,紧紧围绕党和国家工作大局做好主题宣传,持续打造内容精品。此前,《经济研究》所载文章还曾在第三届(2019年度)、第五届(2021年度)与第六届(2022年度)“期刊主题宣传好文章”活动中入选。",2023,,,经济研究,,缺少作者，通常为公告、宣传或编辑性记录
经济研究·高层论坛暨经济学动态·大型研讨会(2023)高质量发展与中国式现代,"党的二十大报告指出,中国共产党在新时代新征程的中心任务就是团结带领全国各族人民全面建成社会主义现代化强国、实现第二个百年奋斗目标,以中国式现代化全面推进中华民族伟大复兴。中国式现代化理论,是党的二十大的一个重大理论创新,是科学社会主义的最新重大成果。实现高质量发展既是中国式现代化的本质要求之一,也是全面建设社会主义现代化国家的首要任务。推进中国式现代化,要在深刻认识高质量发展的重大意义的基础上,坚持新发展理念,依靠创新发展提供动力,依靠协调发展解决不平衡不充分的问题,以绿色发展回应中国式现代化的内在要求,以开放发展深化现代化的格局与发展空间,以共享发展实现现代化的价值追求。",2023,,,经济研究,,缺少作者，通常为公告、宣传或编辑性记录
内蒙古财经大学工商管理学院简介,"内蒙古财经大学是一所以本科和研究生教育为主、同时承担高等职业教育、继续教育培养任务,以经济学、管理学为主,理学、法学、文学、工学协调发展,具有鲜明财经特色的多科性应用研究型财经大学。作为我国民族地区高等财经教育的开创者、实践者和探索者,学校始终坚持为党育人、为国育才,坚持扎根边疆、服务西部,大力培养忠诚党的事业、具备国际视野、富有家国情怀、投身财经实践的杰出人才,为自治区乃至全国培养了大量各级各类人才,他们已经成为自治区财政、审计、金融、税务、工商企业等系统中的骨干与中坚力量,积极服务自治区“两个屏障”“两个基地”和“一个桥头堡”建设,为社会发展、边疆稳定、民族团结做出了重要贡献。",2023,,,管理世界,,缺少作者，通常为公告、宣传或编辑性记录
第二十一届中国青年经济学者论坛在中国社会科学院大学经济学院召开,"2023年9月22—23日,第二十一届中国青年经济学者论坛在中国社会科学院大学经济学院召开。本届论坛由中国社会科学院经济研究所经济研究杂志社、中国社会科学院大学经济学院、北京大学光华管理学院、武汉大学经济与管理学院共同主办,得到中国社会科学院大学科研处大力支持。来自全国高校和科研机构的近百名知名经济学专家、青年经济学者与在读研究生齐聚中国社会科学院大学,围绕“全面建设社会主义现代化国家新征程上的中国经济学创新”开展学术探讨和交流。",2023,,,经济研究,,缺少作者，通常为公告、宣传或编辑性记录
内蒙古财经大学工商管理学院简介,"内蒙古财经大学是一所以本科和研究生教育为主、同时承担高等职业教育、继续教育培养任务,以经济学、管理学为主,理学、法学、文学、工学协调发展,具有鲜明财经特色的多科性应用研究型财经大学。作为我国民族地区高等财经教育的开创者、实践者和探索者,学校始终坚持为党育人、为国育才,坚持扎根边疆、服务西部,大力培养忠诚党的事业、具备国际视野、富有家国情怀、投身财经实践的杰出人才,为自治区乃至全国培养了大量各级各类人才,他们已经成为自治区财政、审计、金融、税务、工商企业等系统中的骨干与中坚力量,积极服务自治区“两个屏障”“两个基地”和“一个桥头堡”建设,为社会发展、边疆稳定、民族团结做出了重要贡献。",2023,,,管理世界,,缺少作者，通常为公告、宣传或编辑性记录
第九届文化与经济论坛在中央民族大学举行,"2023年6月2日,习近平总书记在文化传承发展座谈会上指出:“在五千多年中华文明深厚基础上开辟和发展中国特色社会主义,把马克思主义基本原理同中国具体实际、同中华优秀传统文化相结合是必由之路。”“第二个结合”是又一次的思想解放,让我们能够在更广阔的文化空间中,充分运用中华优秀传统文化的宝贵资源,探索面向未来的理论和制度创新。中国式现代化赋予中华文明以现代力量,中华文明赋予中国式现代化以深厚底蕴。",2023,,,经济研究,,缺少作者，通常为公告、宣传或编辑性记录
第六届张培刚发展经济学青年学者奖颁奖典礼暨“中国式现代化与发展经济学新发展”论坛公告,"第六届张培刚发展经济学青年学者奖结果现已产生。特公告如下:第六届张培刚发展经济学青年学者奖颁奖典礼将于2023年10月14日(星期六)在华中科技大学举行,还将同时举办“中国式现代化与发展经济学新发展”论坛。党的二十大擘画了以中国式现代化全面推进中华民族伟大复兴的宏伟蓝图。在新时代如何围绕中国式现代化这一根本任务,深入研究探讨当前我国经济发展中的重要理论与现实问题,构建中国经济学自主知识体系,是中国经济学界的时代责任和历史担当。",2023,,,经济研究,,缺少作者，通常为公告、宣传或编辑性记录
第20届孙冶方经济科学奖《经济研究》所载两篇文章获奖,"根据《孙冶方经济科学基金会章程》和孙冶方经济科学奖评奖公告的规定,经过孙冶方经济科学基金会评奖委员会评审与社会公示,孙冶方经济科学基金会理事会批准并公布了第20届孙冶方经济科学奖获奖作品名单。《经济研究》2019年第6期所载文章《自然利率与中国宏观政策选择》(作者:徐忠、贾彦东)与2020年第3期所载文章《再论中国金融资产结构及政策含义》(作者:易纲)获本届孙冶方经济科学奖·论文奖。",2023,,,经济研究,,缺少作者，通常为公告、宣传或编辑性记录
在马克思主义政治经济学中国化时代化中建设中华民族现代文明——学习贯彻文化传承发展座谈会精神笔谈,"2023年6月2日,习近平总书记亲临中国历史研究院考察,出席文化传承发展座谈会并发表重要讲话,从党和国家事业发展全局战略高度,对中华文化传承发展的一系列重大理论和现实问题作出全面系统深入阐述。习近平总书记指出:“在五千多年中华文明深厚基础上开辟和发展中国特色社会主义,把马克思主义基本原理同中国具体实际、同中华优秀传统文化相结合是必由之路。”“第二个结合”表明我们党对中国道路、理论、制度的认识达到了新高度,表明我们党的历史自信、文化自信达到了新高度,表明我们党在传承中华优秀传统文化中推进文化创新的自觉性达到了新高度。为了深入学习贯彻本次座谈会的重要精神,本刊邀请国内著名专家学者,围绕坚持“两个结合”,尤其是“第二个结合”,加快构建中国经济学三大体系,以“在马克思主义政治经济学中国化时代化中建设中华民族现代文明”为题,撰写一组笔谈文章,以飨读者。",2023,陈冬华;陈彦斌;冯根福;黄先海;龙登高;李涛;李曦辉;陆铭;史晋川;杨瑞龙;张军,,经济研究,,笔谈、书评、序言、访谈或综述等非论文体裁
中国信息经济学乌家培资助计划简介,"中国信息经济学会成立于1989年,致力在信息经济与信息管理领域搭建理论创新的桥梁,推动跨学科发展。学会创始人乌家培教授为中国著名经济学家,中国数量经济学会和信息经济学会创始人。为促进中国信息经济与信息管理领域的青年学者成长,并产生未来30年有国际影响力的理论创新成果,学会于2015年设立“中国信息经济学乌家培资助计划”,以表彰中国信息经济与信息管理领域青年学者的理论创新贡献。2016-2022年分别进行了第一至七届乌家培资助计划的评选。",2023,,,经济研究,,缺少作者，通常为公告、宣传或编辑性记录
“习近平经济思想研究·期刊论坛”在北京成功举办,"2023年7月1日,在中国共产党成立102周年之际,由中国社会科学院经济研究所主办,《经济研究》《经济学动态》《中国经济史研究》《经济思想史学刊》四刊编辑部共同承办的“习近平经济思想研究·期刊论坛”在北京召开。来自中国社会科学院、习近平经济思想研究中心、南开大学中国特色社会主义经济建设协同创新中心、中央党校(国家行政学院)中国式现代化研究中心、中宣部出版局期刊处、全国哲学社会科学工作办公室组织协调处、",2023,,,经济研究,,缺少作者，通常为公告、宣传或编辑性记录
嘉兴学院经济学院简介,"嘉兴学院是一所涵盖经济学、管理学、法学、文学、教育学、理学、工学、医学、艺术学等九大学科门类的浙江省属普通高等学校。办学肇始于1914年,曾先后隶属于国家重工业部、冶金部、中国有色金属工业总公司,被誉为中国有色行业经济管理人才的“摇篮”,是一所红船精神育人特色鲜明、应用型办学优势突出的综合性高校。学校拥有全职院士3人,柔性聘用院士10人,中国工程院院士陆军现为学校校长。",2023,,,管理世界,,缺少作者，通常为公告、宣传或编辑性记录
中国信息经济学乌家培资助计划简介,"中国信息经济学会成立于1989年,致力在信息经济与信息管理领域搭建理论创新的桥梁,推动跨学科发展。学会创始人乌家培教授为中国著名经济学家,中国数量经济学会和信息经济学会创始人。为促进中国信息经济与信息管理领域的青年学者成长,并产生未来30年有国际影响力的理论创新成果,学会于2015年设立“中国信息经济学乌家培资助计划”,以表彰中国信息经济与信息管理领域青年学者的理论创新贡献。2016-2022年分别进行了第一至七届乌家培资助计划的评选。",2023,,,经济研究,,缺少作者，通常为公告、宣传或编辑性记录
中南财经政法大学会计学院简介,"中南财经政法大学是中华人民共和国教育部直属的一所以经济学、法学、管理学为主干,兼有哲学、文学、史学、理学、工学、艺术学等九大学科门类的普通高等学校,是国家“211工程”高校和“985工程优势学科创新平台”项目重点建设高校,入选世界一流大学和一流学科建设高校及建设学科名单。",2023,,,管理世界,,缺少作者，通常为公告、宣传或编辑性记录
中国信息经济学乌家培资助计划,"中国信息经济学会成立于1989年,致力在信息经济与信息管理领域搭建理论创新的桥梁,推动跨学科发展。学会创始人乌家培教授为中国著名经济学家,中国数量经济学会和信息经济学会创始人。为促进中国信息经济与信息管理领域的青年学者成长,并产生未来30年有国际影响力的理论创新成果,学会于2015年设立“中国信息经济学乌家培资助计划”,以表彰中国信息经济与信息管理领域青年学者的理论创新贡献。2016-2022年分别进行了第一至七届乌家培资助计划的评选。",2023,,,管理世界,,缺少作者，通常为公告、宣传或编辑性记录
中国信息经济学乌家培资助计划简介,"中国信息经济学会成立于1989年,致力在信息经济与信息管理领域搭建理论创新的桥梁,推动跨学科发展。学会创始人乌家培教授为中国著名经济学家,中国数量经济学会和信息经济学会创始人。为促进中国信息经济与信息管理领域的青年学者成长,并产生未来30年有国际影响力的理论创新成果,学会于2015年设立“中国信息经济学乌家培资助计划”,以表彰中国信息经济与信息管理领域青年学者的理论创新贡献。2016-2022年分别进行了第一至七届乌家培资助计划的评选。",2023,,,经济研究,,缺少作者，通常为公告、宣传或编辑性记录
习近平经济思想研讨会在中山大学岭南学院成功举办,"党的十八大以来,以习近平同志为核心的党中央对经济形势进行科学研判,对发展理念和发展方式做出适时调整,围绕“实现什么样的发展、怎样实现发展”这一重大问题,提出了一系列治国理政新理念新思想新战略,形成了习近平经济思想。习近平经济思想体系严整、内涵丰富、博大精深,是习近平新时代中国特色社会主义思想的重要组成部分,是中国共产党不懈探索社会主义经济发展道路形成的宝贵思想结晶,是马克思主义政治经济学在当代中国、二十一世纪世界的最新理论成果,是我国经济高质量发展、全面建设社会主义现代化国家的科学指南。",2023,,,经济研究,,缺少作者，通常为公告、宣传或编辑性记录
中南财经政法大学会计学院简介,"中南财经政法大学是中华人民共和国教育部直属的一所以经济学、法学、管理学为主干,兼有哲学、文学、史学、理学、工学、艺术学等九大学科门类的普通高等学校,是国家“211工程”高校和“985工程优势学科创新平台”项目重点建设高校,入选世界一流大学和一流学科建设高校及建设学科名单。会计学院是学校品牌优势学院,入选首批“全国党建标杆院系”培育单位,现已拥有国家级重点学科、国家级特色专业、国家级一流专业、国家级教学团队、财政部重点学科、中国会计史文博馆等品牌。",2023,,,管理世界,,缺少作者，通常为公告、宣传或编辑性记录
中国信息经济学乌家培资助计划简介,"中国信息经济学会成立于1989年,致力在信息经济与信息管理领域搭建理论创新的桥梁,推动跨学科发展。学会创始人乌家培教授为中国著名经济学家,中国数量经济学会和信息经济学会创始人。为促进中国信息经济与信息管理领域的青年学者成长,并产生未来30年有国际影响力的理论创新成果,学会于2015年设立“中国信息经济学乌家培资助计划”,以表彰中国信息经济与信息管理领域青年学者的理论创新贡献。2016-2022年分别进行了第一至七届乌家培资助计划的评选。",2023,,,管理世界,,缺少作者，通常为公告、宣传或编辑性记录
中国信息经济学乌家培资助计划简介,"中国信息经济学会成立于1989年,致力在信息经济与信息管理领域搭建理论创新的桥梁,推动跨学科发展。学会创始人乌家培教授为中国著名经济学家,中国数量经济学会和信息经济学会创始人。为促进中国信息经济与信息管理领域的青年学者成长,并产生未来30年有国际影响力的理论创新成果,学会于2015年设立“中国信息经济学乌家培资助计划”,以表彰中国信息经济与信息管理领域青年学者的理论创新贡献。2016-2022年分别进行了第一至七届乌家培资助计划的评选。",2023,,,经济研究,,缺少作者，通常为公告、宣传或编辑性记录
